"","mutation","Py.fold","Py.trimer","Py.dimer","FX.dimer","FX.pentamer","FX.trimer","FX.fold","site","wt.AA","mut.AA","wt","obs","N.at.site","N.at.mut"
"1","Q3A",0.845846799,5.8,-0.86,1.051215,2.230328,2.49538,0.517476,3,"Q","A",0,0,91,0
"2","Q3R",0.122911692,0.58,-6.13,1.071389,1.337344,1.341051,0.042391,3,"Q","R",0,0,91,0
"3","Q3N",0.652691767,4.48,0.48,0.975398,1.766171,1.950555,0.536331,3,"Q","N",0,1,91,36
"4","Q3D",0.858790825,4.39,-0.16,2.673591,3.569907,3.676185,0.608305,3,"Q","D",0,0,91,0
"5","Q3C",1.664608381,1.85,-4.47,0.505514,1.119768,1.299948,0.387366,3,"Q","C",0,0,91,0
"6","Q3E",-0.018612737,4.69,0.09,1.506849,2.922972,3.009241,0.317162,3,"Q","E",0,0,91,0
"7","Q3G",-1.030289328,4.22,-1.11,1.89616,3.268675,3.542486,0.737398,3,"Q","G",0,0,91,0
"8","Q3H",1.397388911,4.46,0.25,4.583908,1.2646,1.40524,0.648381,3,"Q","H",0,0,91,0
"9","Q3I",-1.388805465,-0.12,-6.42,-0.991463,-1.156109,-0.952333,0.174335,3,"Q","I",0,0,91,0
"10","Q3L",-0.462165542,-1.72,-7.98,-1.583333,-2.140565,-1.988587,-0.002556,3,"Q","L",0,0,91,0
"11","Q3K",0.327492993,2.06,-3.64,-0.190709,0.700241,0.749776,0.044188,3,"Q","K",0,0,91,0
"12","Q3M",1.243539952,-3.45,-8.72,-1.941872,-2.796345,-2.656757,-0.097816,3,"Q","M",0,0,91,0
"13","Q3F",-1.362221143,-0.16,-6.2,2.787719,-1.605277,-1.505378,0.00572,3,"Q","F",0,0,91,0
"14","Q3P",-2.473976295,3.34,-1.9,0.537485,1.728296,2.016978,0.819761,3,"Q","P",0,0,91,0
"15","Q3S",0.792624262,3.56,-1.58,1.126829,2.802577,3.063005,0.443528,3,"Q","S",0,0,91,0
"16","Q3T",-0.473133851,3.22,-2.53,0.177813,1.784095,2.022524,0.371038,3,"Q","T",0,0,91,0
"17","Q3W",0.049284222,3.7,-1.87,5.890078,0.307113,0.375384,0.240353,3,"Q","W",0,0,91,0
"18","Q3Y",-1.912141064,3.26,-2.26,4.885604,-0.178953,-0.081276,0.168399,3,"Q","Y",0,0,91,0
"19","Q3V",-1.272833676,1.25,-4.86,-0.686827,-0.154744,0.085145,0.423489,3,"Q","V",0,0,91,0
"20","T4A",0.159382922,3.9,-0.59,-0.047105,-0.455352,-0.566347,-0.200708,4,"T","A",0,1,161,18
"21","T4R",-1.338590516,9.96,1.67,0.204681,0.656669,1.079576,-0.07301,4,"T","R",0,1,161,10
"22","T4N",-0.790565614,2.99,-2.29,-0.24735,-0.624475,-0.718528,0.378956,4,"T","N",0,0,161,0
"23","T4D",-0.412524079,6.09,0.18,-0.421736,-1.338219,-1.60581,1.620408,4,"T","D",0,0,161,0
"24","T4C",1.441530869,2.75,-2.74,-0.070237,-0.698615,-0.797201,-0.262461,4,"T","C",0,0,161,0
"25","T4Q",-1.811282125,7.39,1.13,-0.41194,-1.526406,-1.535397,-0.00304,4,"T","Q",0,0,161,0
"26","T4E",-1.710205109,1.83,-4.17,-0.647392,-1.858924,-1.98462,1.152941,4,"T","E",0,1,161,2
"27","T4G",1.567499417,6.29,0.75,0.709583,1.35043,1.142993,0.385236,4,"T","G",0,1,161,118
"28","T4H",-0.910519781,3.11,-1.63,0.173157,-0.362658,-0.383115,0.645042,4,"T","H",0,1,161,3
"29","T4I",-1.576691819,2.03,-3.75,-0.534443,-2.972359,-2.935152,-0.58182,4,"T","I",0,0,161,0
"30","T4L",-3.961228347,-0.87,-4.67,-0.753575,-3.016346,-3.009755,-1.282788,4,"T","L",0,1,161,1
"31","T4K",-1.283165422,3.24,-0.65,-0.122079,-0.592735,-0.410817,-0.501605,4,"T","K",0,0,161,0
"32","T4M",-1.141185153,-0.85,-5.09,-0.815216,-3.338469,-3.374197,-1.333174,4,"T","M",0,0,161,0
"33","T4F",0.450418225,1.35,-4.27,-0.483882,-2.719702,-2.747629,-0.900192,4,"T","F",0,0,161,0
"34","T4P",-2.972022402,15.99,2.63,2.568493,6.548399,6.454383,0.057077,4,"T","P",0,0,161,0
"35","T4S",-0.208208335,5.16,-0.23,0.282267,0.821389,0.706587,0.308755,4,"T","S",0,0,161,0
"36","T4W",1.167989304,2.61,-2.6,-0.214636,-2.525132,-2.66857,0.368684,4,"T","W",0,1,161,1
"37","T4Y",-0.945403103,9.29,1.27,-0.268013,-2.30166,-2.4063,-0.409255,4,"T","Y",0,0,161,0
"38","T4V",-1.238975151,4.23,-0.32,-0.488012,-2.259048,-2.249142,-0.619968,4,"T","V",0,1,161,3
"39","R8V",5.361621216,1.92,7.44,0.659253,0.923303,0.861505,2.505802,8,"R","V",0,1,177,1
"40","R8Y",3.261063619,-0.47,-0.74,0.473073,0.194126,0.01682,4.836055,8,"R","Y",0,1,177,5
"41","R8W",4.671066077,-1.15,-1.73,0.524369,-0.212387,-0.517956,4.98444,8,"R","W",0,0,177,0
"42","R8T",4.005538989,3.64,7.85,0.802909,1.425496,1.378694,2.372724,8,"R","T",0,1,177,18
"43","R8P",3.460696023,-0.19,0.92,0.244273,0.234256,0.198425,5.555499,8,"R","P",0,1,177,26
"44","R8F",3.921862649,-0.15,2.55,0.552107,0.201628,0.057672,3.535749,8,"R","F",0,1,177,4
"45","R8K",0.750254254,0.65,3.83,0.567837,0.501605,0.42863,0.100151,8,"R","K",0,0,177,0
"46","R8L",1.019007182,-0.65,1.22,0.404928,0.385367,0.307981,-0.3035,8,"R","L",0,1,177,16
"47","R8I",10.21858091,1.46,5.4,0.968935,0.893323,0.824365,2.344545,8,"R","I",0,1,177,3
"48","R8E",3.587736445,2.98,6.97,0.622766,1.121264,1.044622,2.027294,8,"R","E",0,0,177,0
"49","R8Q",3.065907898,0.12,3.82,0.611485,0.59699,0.541388,0.930239,8,"R","Q",0,1,177,4
"50","R8C",4.448681012,-0.03,1.98,0.880465,1.565015,1.501806,0.749028,8,"R","C",0,1,177,14
"51","R8N",1.802939782,8.37,12.24,0.817537,1.367125,1.297785,0.985693,8,"R","N",0,1,177,12
"52","R8A",2.155457091,2.69,7.63,0.872528,1.718583,1.693138,1.238327,8,"R","A",0,1,177,13
"53","R8S",2.381129664,2.87,8,0.968144,1.879885,1.845984,1.542872,8,"R","S",0,1,177,26
"54","R8M",3.631985038,-0.48,-0.32,0.345502,0.091866,-0.071805,-0.416324,8,"R","M",0,1,177,2
"55","R8H",2.761418949,3.06,8.23,0.890336,1.40766,1.32218,3.205923,8,"R","H",0,1,177,10
"56","R8G",5.126070475,4.54,9.02,1.07168,2.158065,2.136196,1.051098,8,"R","G",0,0,177,0
"57","R8D",2.544860687,6.92,11.66,1.37862,2.141661,2.067893,2.428523,8,"R","D",0,0,177,0
"58","S11A",-0.251799205,-8.11,2.92,-0.108419,-0.259728,-0.254114,0.111623,11,"S","A",0,1,126,23
"59","S11R",0.649267045,-2.69,6.05,1.916149,3.531723,3.648317,-0.190976,11,"S","R",0,0,126,0
"60","S11N",0.801431889,-7.71,3.82,-0.049577,0.347108,0.378491,0.276976,11,"S","N",0,0,126,0
"61","S11D",0.584893141,-5.02,5.95,0.77107,1.547954,1.570816,0.432955,11,"S","D",0,0,126,0
"62","S11C",1.810642045,-9.54,1.06,-0.568128,-1.014805,-0.99596,0.141887,11,"S","C",0,1,126,16
"63","S11Q",0.227276596,-7.61,4.66,-0.156683,0.292354,0.350075,0.10872,11,"S","Q",0,0,126,0
"64","S11E",-0.507090736,-6.12,5.65,0.250343,0.817485,0.863464,0.296574,11,"S","E",0,0,126,0
"65","S11G",0.249512439,-6.08,5.74,0.392098,0.896506,0.920826,0.294846,11,"S","G",0,1,126,32
"66","S11H",0.034355577,0.2,6.22,2.815099,6.711338,6.778292,0.332236,11,"S","H",0,0,126,0
"67","S11I",1.162258416,-12.44,-1.88,-1.208094,-2.259319,-2.19982,0.685835,11,"S","I",0,0,126,0
"68","S11L",1.70373201,-10.14,0.27,-1.028068,-1.276057,-1.212972,-0.144534,11,"S","L",0,0,126,0
"69","S11K",-0.563967533,-6.73,4.53,0.1216,1.013329,1.092062,-0.118725,11,"S","K",0,0,126,0
"70","S11M",-0.146109843,-12.5,-2.1,-1.619315,-2.335243,-2.258528,-0.391612,11,"S","M",0,0,126,0
"71","S11F",2.083101644,0.07,6.27,2.507058,6.013249,6.087639,-0.090627,11,"S","F",0,0,126,0
"72","S11P",-4.165730756,-13.4,-3.24,-1.502445,-2.538898,-2.465302,0.422618,11,"S","P",0,1,126,18
"73","S11T",-0.435810656,-9.16,2.22,-0.619731,-0.893184,-0.8726,0.424707,11,"S","T",0,1,126,1
"74","S11W",2.629444767,0.71,7,6.428591,12.211151,12.341307,0.131783,11,"S","W",0,0,126,0
"75","S11Y",1.480257881,1.89,6.76,6.239835,10.189661,10.274758,0.020633,11,"S","Y",0,0,126,0
"76","S11V",1.777681081,-12.11,-1.07,-1.147485,-2.272259,-2.224452,0.68883,11,"S","V",0,0,126,0
"77","S15V",0.500328413,0.13,1.47,0.377967,1.292557,1.291507,-0.662822,15,"S","V",0,0,160,0
"78","S15T",-0.303755968,6.81,4.12,0.135691,0.285337,0.285325,-0.208255,15,"S","T",0,1,160,72
"79","S15P",4.88578902,0.71,3.56,1.785479,4.26202,4.262217,0.62986,15,"S","P",0,0,160,0
"80","S15F",6.138426701,31.37,18.52,6.1609,13.037789,13.044767,-0.886443,15,"S","F",0,0,160,0
"81","S15M",1.383465729,18.22,2.73,1.346594,3.866274,3.86626,-1.895224,15,"S","M",0,0,160,0
"82","S15L",0.340750782,6.86,3.95,2.075502,4.512171,4.511905,-1.283776,15,"S","L",0,0,160,0
"83","S15I",0.873709208,10.84,-2.86,1.355441,3.390057,3.390425,-0.962396,15,"S","I",0,0,160,0
"84","S15E",-0.336812447,10.47,1.59,3.466787,7.474857,7.473469,-0.450992,15,"S","E",0,0,160,0
"85","S15Q",-0.434418275,10.35,5.49,2.610533,5.873241,5.87311,-0.732511,15,"S","Q",0,0,160,0
"86","S15C",2.020402736,0.89,-3.66,0.230024,0.880901,0.880438,-0.587083,15,"S","C",0,1,160,13
"87","S15D",3.291762273,5.54,2.16,1.989835,5.063545,5.063835,0.157756,15,"S","D",0,0,160,0
"88","S15R",1.75479321,22.3,3.39,2.977079,7.779986,7.78083,-1.120572,15,"S","R",0,0,160,0
"89","S15A",-0.128908428,2.59,3.94,0.450966,1.002462,1.002015,-0.359269,15,"S","A",0,1,160,18
"90","S15Y",5.327322584,38.05,22.05,7.611859,17.172664,17.173765,-0.70835,15,"S","Y",0,0,160,0
"91","S15W",3.025815099,72.84,41.21,11.449257,21.827215,21.829667,-0.834131,15,"S","W",0,0,160,0
"92","S15H",1.96623394,8.42,10.04,5.445862,12.309402,12.307799,-0.15819,15,"S","H",0,0,160,0
"93","S15G",3.305957945,6.62,7.45,0.874885,1.920974,1.920555,0.380013,15,"S","G",0,0,160,0
"94","S15N",1.955611118,5.04,3.11,1.622323,3.206794,3.205024,-0.028774,15,"S","N",0,0,160,0
"95","S15K",-0.413921159,20.06,8.77,2.525748,6.022408,6.024123,-1.246503,15,"S","K",0,0,160,0
"96","T41A",1.850280738,7.09,5.43,0.542982,1.05854,1.058449,1.141497,41,"T","A",0,1,107,2
"97","T41R",4.09680909,42.26,7.51,2.940323,5.258273,5.262287,0.850065,41,"T","R",0,0,107,0
"98","T41N",3.563627164,5.32,7.2,0.249478,0.441844,0.44431,1.557308,41,"T","N",0,1,107,22
"99","T41D",3.842010432,7.92,7.96,0.97401,1.920273,1.924604,2.378999,41,"T","D",0,0,107,0
"100","T41C",1.877589463,4.86,4.06,0.031533,0.146224,0.149349,0.826071,41,"T","C",0,1,107,30
"101","T41Q",2.538784966,6,1.24,0.675051,1.230204,1.235372,1.166166,41,"T","Q",0,0,107,0
"102","T41E",2.597806954,6.48,4.61,1.43336,2.682667,2.688055,1.647091,41,"T","E",0,0,107,0
"103","T41G",5.291447728,10.4,5.15,0.690814,1.375316,1.378113,2.178854,41,"T","G",0,0,107,0
"104","T41H",8.766489989,23.08,15.2,1.67043,4.055274,4.059472,3.685052,41,"T","H",0,0,107,0
"105","T41I",0.528698325,-1.87,-0.82,-0.527796,-1.096539,-1.09159,0.417659,41,"T","I",0,0,107,0
"106","T41L",1.221353848,3.75,8.97,-0.517996,-0.756986,-0.752402,0.121471,41,"T","L",0,0,107,0
"107","T41K",5.079396774,17.19,5.42,0.376544,1.240495,1.244435,0.469069,41,"T","K",0,0,107,0
"108","T41M",2.200942516,5.76,12.94,-0.375019,-0.652639,-0.64847,-0.164106,41,"T","M",0,0,107,0
"109","T41F",20.55116774,48.92,54.96,2.618428,7.155209,7.159896,2.162531,41,"T","F",0,0,107,0
"110","T41P",24.00175395,0.73,5.61,0.697656,1.011157,1.013129,3.059864,41,"T","P",0,0,107,0
"111","T41S",1.540505392,3.18,7.76,0.652517,1.218264,1.216952,1.112696,41,"T","S",0,1,107,32
"112","T41W",15.14719104,82.88,61.53,7.794345,16.102169,16.109832,3.930848,41,"T","W",0,0,107,0
"113","T41Y",24.45578201,66.46,68.24,5.200836,12.552039,12.564386,3.475185,41,"T","Y",0,0,107,0
"114","T41V",-2.069242665,1.22,7.53,-0.168877,-0.396743,-0.393852,0.16077,41,"T","V",0,0,107,0
"115","Y43V",1.736342031,6.29,11.19,1.055527,2.000535,2.000537,1.117991,43,"Y","V",0,1,166,13
"116","Y43T",3.734394376,5.94,5.52,1.678579,3.311879,3.311879,1.117905,43,"Y","T",0,1,166,11
"117","Y43S",1.822225837,5.95,3.5,2.118296,4.189428,4.189428,1.430806,43,"Y","S",0,1,166,17
"118","Y43P",35.42050327,7.86,12.86,1.786664,3.428613,3.428612,3.385225,43,"Y","P",0,0,166,0
"119","Y43M",3.261579311,1.53,0.82,-0.699512,-0.674063,-0.674064,0.341829,43,"Y","M",0,1,166,4
"120","Y43L",2.029243813,4.45,1.56,0.245346,1.098177,1.098178,0.391188,43,"Y","L",0,1,166,17
"121","Y43G",4.61926341,8.25,16.36,2.461995,4.891981,4.891986,2.298872,43,"Y","G",0,1,166,23
"122","Y43Q",2.735675539,6.02,2.59,1.494727,2.968877,2.968873,1.187012,43,"Y","Q",0,1,166,6
"123","Y43D",4.276729499,5.52,7.02,2.321932,4.262681,4.262706,2.897836,43,"Y","D",0,1,166,1
"124","Y43N",4.650139753,5.78,4.93,1.982033,3.804981,3.804983,2.059347,43,"Y","N",0,1,166,2
"125","Y43F",3.049099727,4.07,2.05,0.399572,0.648827,0.648827,0.34715,43,"Y","F",0,1,166,5
"126","Y43K",1.963767405,5.02,1.58,1.205687,2.587404,2.587397,0.598662,43,"Y","K",0,1,166,11
"127","Y43H",2.96768068,5.42,3.24,1.343656,2.695291,2.695295,1.665948,43,"Y","H",0,1,166,6
"128","Y43E",2.609648848,5.88,3.63,1.800386,3.427792,3.427829,1.390032,43,"Y","E",0,1,166,2
"129","Y43A",2.181554875,4.64,5.19,1.914346,3.792471,3.792472,1.519086,43,"Y","A",0,1,166,9
"130","Y43W",5.258336037,0.17,0.92,0.055044,0.050465,0.050461,1.128113,43,"Y","W",0,1,166,4
"131","Y43C",1.953837258,3.14,2.78,1.554554,3.095929,3.095928,1.385894,43,"Y","C",0,1,166,10
"132","Y43R",3.152803366,5.69,6.84,1.434644,3.198352,3.19832,0.808417,43,"Y","R",0,1,166,10
"133","Y43I",2.701762355,4.09,1.44,0.547402,1.450014,1.450034,0.860441,43,"Y","I",0,1,166,8
"134","D45A",4.426669227,3.47,1,0.606749,0.515722,0.515715,1.078734,45,"D","A",0,1,165,7
"135","D45R",4.608207651,-0.17,-2.48,0.620038,0.390402,0.390357,0.536944,45,"D","R",0,1,165,4
"136","D45N",1.159904753,9.13,2.05,0.417481,0.222409,0.222415,0.843175,45,"D","N",0,1,165,6
"137","D45C",6.374567308,2.37,0.17,0.21719,-0.195972,-0.195962,0.912878,45,"D","C",0,1,165,6
"138","D45Q",4.561971355,0.27,-2.27,0.396365,0.135264,0.135261,0.649128,45,"D","Q",0,1,165,7
"139","D45E",3.462195404,3.48,1.28,0.431531,0.28566,0.285647,0.438849,45,"D","E",0,1,165,3
"140","D45G",5.569262394,4.22,2.48,0.954164,1.112633,1.112636,1.269007,45,"D","G",0,1,165,3
"141","D45H",3.198593359,2.26,-0.8,0.387315,0.076416,0.076434,0.868055,45,"D","H",0,1,165,5
"142","D45I",5.511782938,-8.1,-7.46,-0.287577,-1.344178,-1.344163,0.840552,45,"D","I",0,1,165,8
"143","D45L",7.698404757,-7.17,-6.88,-0.261597,-1.139931,-1.13978,0.391932,45,"D","L",0,1,165,17
"144","D45K",3.569125248,-2.2,-3.49,0.445935,0.164709,0.164702,0.400029,45,"D","K",0,1,165,7
"145","D45M",5.93797471,-10.46,-9.19,-0.617615,-2.157175,-2.157122,0.408103,45,"D","M",0,1,165,2
"146","D45F",4.430196153,-7.02,-6.83,-0.003034,-1.030613,-1.030645,0.462394,45,"D","F",0,1,165,43
"147","D45P",21.69602594,1.07,-0.85,0.164588,-0.291652,-0.291668,0.702349,45,"D","P",0,1,165,5
"148","D45S",1.964250941,1.81,-0.97,0.560916,0.697139,0.69714,0.895121,45,"D","S",0,1,165,7
"149","D45T",3.118026131,-1.9,-3.7,0.128294,-0.293932,-0.293919,1.104386,45,"D","T",0,1,165,8
"150","D45W",9.834708151,-3.38,-4.5,0.060453,-0.508406,-0.508494,1.139037,45,"D","W",0,1,165,1
"151","D45Y",2.500252362,-5.54,-5.13,0.178893,-0.502689,-0.502677,0.555221,45,"D","Y",0,1,165,10
"152","D45V",4.647128373,-6.19,-5.65,-0.022077,-0.631662,-0.631663,1.000575,45,"D","V",0,1,165,8
"153","V72A",2.008350952,2.74,0.43,1.240276,3.584025,4.515641,1.288193,72,"V","A",0,0,111,0
"154","V72R",1.640849928,7.83,7.51,2.609001,6.258654,7.905831,1.091876,72,"V","R",0,0,111,0
"155","V72N",2.877294731,3.13,1.2,1.089626,2.980885,3.778941,1.498061,72,"V","N",0,0,111,0
"156","V72D",3.336228898,5.44,7.96,1.611531,4.018658,5.037582,1.341473,72,"V","D",0,0,111,0
"157","V72C",2.857343691,5.45,4.06,0.836499,2.452634,3.04207,1.124233,72,"V","C",0,1,111,19
"158","V72Q",0.623425185,4.55,1.24,1.193786,3.347492,4.072543,0.973565,72,"V","Q",0,0,111,0
"159","V72E",0.729780417,5.78,4.61,1.819883,4.038769,4.817294,0.9278,72,"V","E",0,0,111,0
"160","V72G",4.626552394,4.62,5.15,1.74355,5.138271,6.430567,2.620356,72,"V","G",0,0,111,0
"161","V72H",2.504945384,6.94,11.2,2.45879,7.707648,10.027329,1.633608,72,"V","H",0,0,111,0
"162","V72I",0.098909881,2.51,-0.82,-0.093525,0.134777,0.123656,-0.462328,72,"V","I",0,1,111,2
"163","V72L",2.796425412,5.07,8.97,0.333289,0.585396,0.831048,-0.443571,72,"V","L",0,1,111,35
"164","V72K",0.792981081,4.94,5.42,1.099729,3.516134,4.556551,0.692989,72,"V","K",0,0,111,0
"165","V72M",0.854373756,4.46,4.94,0.038927,0.4315,0.564851,-0.413001,72,"V","M",0,0,111,0
"166","V72F",2.440094462,4.66,6.96,2.579723,5.270871,6.586771,0.020706,72,"V","F",0,0,111,0
"167","V72P",5.530348663,3.8,3.61,0.538995,1.433116,1.886335,-0.070198,72,"V","P",0,0,111,0
"168","V72S",2.21593072,5.24,7.76,1.464232,4.605494,5.795234,2.155545,72,"V","S",0,0,111,0
"169","V72T",0.07516192,3.55,2.53,0.942338,3.166385,4.013922,1.164284,72,"V","T",0,0,111,0
"170","V72W",0.06880942,10.76,21.66,5.548553,10.890505,13.888834,0.509641,72,"V","W",0,0,111,0
"171","V72Y",2.223275283,7.67,7.53,3.555143,7.996019,10.049392,0.320558,72,"V","Y",0,0,111,0
"172","S74V",9.998027828,0.56,3.83,0.665428,0.340131,0.397572,0.296268,74,"S","V",0,0,160,0
"173","S74Y",21.32888438,89.85,49.08,3.52374,5.176508,5.587882,10.276616,74,"S","Y",0,0,160,0
"174","S74W",45.12780433,35.69,20.37,6.0682,7.587669,7.966553,13.42537,74,"S","W",0,0,160,0
"175","S74T",1.525044612,0.83,2.82,0.511787,0.282479,0.318401,0.554576,74,"S","T",0,1,160,60
"176","S74P",39.60764506,11.17,11.44,0.454792,0.38797,0.423286,2.498553,74,"S","P",0,0,160,0
"177","S74F",22.81432153,87.78,49.95,2.882685,3.849705,4.141652,7.76231,74,"S","F",0,0,160,0
"178","S74M",0.774814571,3.5,6.86,0.960091,0.509708,0.619444,0.683745,74,"S","M",0,0,160,0
"179","S74L",14.90611964,14.57,14.52,1.648922,0.976228,1.042314,1.385145,74,"S","L",0,0,160,0
"180","S74I",25.68592451,12.89,10.76,1.228219,0.458218,0.565492,1.270407,74,"S","I",0,0,160,0
"181","S74H",4.639697666,33.69,21.46,3.579098,5.050036,5.230237,9.04699,74,"S","H",0,0,160,0
"182","S74G",1.641606106,4.08,6.11,0.347062,0.684537,0.704458,1.126051,74,"S","G",0,0,160,0
"183","S74N",1.686266775,0.9,9.24,0.940887,0.361448,0.422927,2.719677,74,"S","N",0,0,160,0
"184","S74R",0.37458674,17.03,16.24,2.742034,2.106685,2.317986,5.190013,74,"S","R",0,0,160,0
"185","S74A",-2.483508831,-0.36,-0.07,0.258167,0.327454,0.338686,-0.277723,74,"S","A",0,0,160,0
"186","S74K",6.960527802,17.35,5.3,1.240018,0.070668,0.189915,3.403552,74,"S","K",0,0,160,0
"187","S74Q",-3.043788579,8.61,5.82,1.090227,1.096359,1.206171,3.347005,74,"S","Q",0,0,160,0
"188","S74C",-1.21651434,-5.38,0.14,0.273237,0.137348,0.187682,-0.334808,74,"S","C",0,0,160,0
"189","S74D",2.676271441,3.51,8.19,0.58998,0.558065,0.618587,4.367234,74,"S","D",0,0,160,0
"190","S74E",-2.132320257,4.61,5.69,0.727777,1.328148,1.446223,4.143247,74,"S","E",0,0,160,0
"191","A80Y",10.15824462,45.38,43.49,24.289619,41.071677,41.128559,0.901001,80,"A","Y",0,0,122,0
"192","A80W",26.68551898,43.14,40.03,29.321764,50.304636,50.412588,1.745156,80,"A","W",0,0,122,0
"193","A80T",2.151943526,5,3.39,2.017676,3.809478,3.810058,0.480443,80,"A","T",0,1,122,16
"194","A80P",26.09117677,8.29,7.44,0.888931,3.460235,3.45831,3.004245,80,"A","P",0,0,122,0
"195","A80F",10.04011994,16.82,32.41,20.948373,35.984141,36.040701,0.781391,80,"A","F",0,0,122,0
"196","A80M",6.590067067,1.11,6.83,4.715651,8.815356,8.846176,-0.65568,80,"A","M",0,0,122,0
"197","A80K",13.22664161,4.47,3.62,5.817139,12.381967,12.398679,-0.309303,80,"A","K",0,0,122,0
"198","A80L",24.67535305,9.49,4.31,6.320583,11.235065,11.265374,-0.270131,80,"A","L",0,0,122,0
"199","A80H",6.826102124,14.33,6.72,15.531902,27.790481,27.789069,1.186033,80,"A","H",0,0,122,0
"200","A80Q",4.513789825,6.04,5.2,6.413545,12.375989,12.389255,0.050801,80,"A","Q",0,0,122,0
"201","A80C",1.42086373,1.58,2.72,1.184563,2.505075,2.511894,0.017232,80,"A","C",0,1,122,11
"202","A80D",7.741843463,4.66,3.93,4.654159,7.98721,7.989704,1.605694,80,"A","D",0,0,122,0
"203","A80N",4.176293444,1.67,1.5,4.980931,8.338343,8.360297,0.908997,80,"A","N",0,1,122,3
"204","A80S",1.617985345,5.82,0.14,0.189579,0.923689,0.930903,0.300321,80,"A","S",0,1,122,19
"205","A80I",24.72967097,10.68,11.36,4.556708,7.996657,8.02182,0.190817,80,"A","I",0,1,122,5
"206","A80G",3.86829948,1.72,0.5,0.68922,1.112251,1.105387,0.837939,80,"A","G",0,1,122,30
"207","A80E",4.6267072,3.8,7.91,6.244564,11.090329,11.107622,0.322084,80,"A","E",0,0,122,0
"208","A80R",12.15967061,12.4,5.66,8.51836,15.959279,15.953825,-0.045509,80,"A","R",0,0,122,0
"209","A80V",11.65402049,6.31,16.03,2.209018,4.30923,4.311412,0.207208,80,"A","V",0,1,122,12
"210","F81A",9.756545371,13.55,3.15,-0.023724,-0.081577,-0.087888,5.292229,81,"F","A",0,0,89,0
"211","F81R",17.38719295,8.54,-0.39,0.006056,0.067994,0.06963,5.364359,81,"F","R",0,0,89,0
"212","F81N",9.21818131,-2.09,-2.12,-0.098376,-0.184532,-0.17308,4.878858,81,"F","N",0,0,89,0
"213","F81D",10.97177147,-12.86,-6.2,-0.12281,-0.371372,-0.376834,6.81486,81,"F","D",0,0,89,0
"214","F81C",9.938533134,7.82,5.79,-0.063835,-0.114944,-0.11963,4.670747,81,"F","C",0,0,89,0
"215","F81Q",10.13424213,9.1,5.53,-0.050716,-0.116861,-0.112738,5.07143,81,"F","Q",0,0,89,0
"216","F81E",11.26090871,-7.11,-3.93,-0.040485,-0.259576,-0.261448,5.99822,81,"F","E",0,0,89,0
"217","F81G",13.91669064,-7.15,-3.79,-0.170155,-0.257372,-0.269792,6.250293,81,"F","G",0,0,89,0
"218","F81H",5.641517557,8.62,2.43,-0.030169,-0.077048,-0.067873,3.766686,81,"F","H",0,0,89,0
"219","F81I",23.67496329,7.36,6,-0.041239,-0.060757,-0.06511,4.612501,81,"F","I",0,1,89,1
"220","F81L",8.068277433,12.22,1.14,-0.072615,-0.083155,-0.081754,2.761609,81,"F","L",0,1,89,34
"221","F81K",10.18988958,10.76,9.69,-0.003934,0.008746,0.011041,4.793959,81,"F","K",0,0,89,0
"222","F81M",7.464829801,20.35,7.38,-0.023043,-0.057887,-0.059922,1.73298,81,"F","M",0,1,89,1
"223","F81P",36.35988041,53.17,22.37,0.299347,0.761365,0.787501,6.339903,81,"F","P",0,0,89,0
"224","F81S",9.991710342,-7.25,-2.74,-0.14627,-0.273973,-0.288454,5.347836,81,"F","S",0,0,89,0
"225","F81T",9.391430431,13.48,0.64,-0.08642,-0.109764,-0.094696,5.133932,81,"F","T",0,0,89,0
"226","F81W",2.779497631,-2.21,0.58,0.108334,0.133445,0.135034,1.282407,81,"F","W",0,1,89,46
"227","F81Y",1.310191231,5.83,-0.35,-0.005054,0.000899,0.001133,1.154187,81,"F","Y",0,1,89,2
"228","F81V",8.021111291,9.65,3.75,-0.031184,-0.071194,-0.076129,4.534481,81,"F","V",0,0,89,0
"229","F88A",1.750965158,1.9,1.28,2.947745,5.690359,5.690832,1.312682,88,"F","A",0,1,203,43
"230","F88R",1.688610153,3.98,3.56,2.940617,5.913346,5.912274,0.741948,88,"F","R",0,1,203,29
"231","F88N",1.173313734,5.76,4.15,3.36202,6.373764,6.373748,1.389104,88,"F","N",0,0,203,0
"232","F88D",1.154787693,6.42,4.51,4.445465,8.605771,8.606143,1.366067,88,"F","D",0,0,203,0
"233","F88C",3.141180157,6.76,0,2.701367,5.093708,5.093872,1.2493,88,"F","C",0,1,203,6
"234","F88Q",0.474679962,7.13,1.92,3.091361,6.09676,6.096548,0.976606,88,"F","Q",0,0,203,0
"235","F88E",0.111207089,12.88,7.47,4.133081,8.088072,8.088507,0.988904,88,"F","E",0,0,203,0
"236","F88G",2.821004352,8.25,4.37,4.036072,7.784197,7.785121,1.55309,88,"F","G",0,1,203,67
"237","F88H",1.57838488,4.17,0.83,2.418895,4.659453,4.659625,1.440297,88,"F","H",0,1,203,4
"238","F88I",2.062835937,0.94,0.67,1.52601,3.438304,3.437791,0.906886,88,"F","I",0,1,203,1
"239","F88L",0.8354291,3.73,2.79,2.171026,5.008503,5.008423,0.50085,88,"F","L",0,1,203,5
"240","F88K",0.187213908,6.2,4.03,2.952921,5.593473,5.593648,0.57406,88,"F","K",0,0,203,0
"241","F88M",2.282074834,-0.86,-0.11,0.95045,1.72554,1.725579,-0.05228,88,"F","M",0,0,203,0
"242","F88P",20.68534001,2.23,2.01,2.007405,4.427913,4.428345,2.639192,88,"F","P",0,1,203,9
"243","F88S",0.604769957,7.55,5.01,3.403665,6.562621,6.56291,1.316012,88,"F","S",0,1,203,7
"244","F88T",1.173340855,5.5,2.57,2.60749,5.404846,5.405015,1.291101,88,"F","T",0,1,203,6
"245","F88W",3.555405242,-3.39,-0.4,-0.063437,0.738143,0.738354,-0.009106,88,"F","W",0,1,203,13
"246","F88Y",1.358785591,-0.59,0.6,0.844141,1.483238,1.483467,0.635432,88,"F","Y",0,1,203,2
"247","F88V",1.476073035,1.05,0.64,1.525436,3.277541,3.277112,1.308236,88,"F","V",0,1,203,10
"248","A106T",-1.513645077,4.14,3.42,-0.00518,-0.035056,-0.035053,-0.278438,106,"A","T",0,1,138,19
"249","A106F",-1.243360737,0.18,1.09,-0.069395,-0.251378,-0.251369,-0.445448,106,"A","F",0,1,138,3
"250","A106I",-2.246211731,1.96,-2.2,-0.01278,-0.123168,-0.123169,-0.127919,106,"A","I",0,1,138,2
"251","A106G",2.816706285,4.45,3.47,-0.004216,0.014,0.013998,0.249725,106,"A","G",0,1,138,12
"252","A106Q",-0.7711591,1.8,-0.71,-0.009061,-0.032664,-0.032665,-0.40576,106,"A","Q",0,1,138,4
"253","A106C",1.111603447,8.55,4.95,0.001259,-0.01422,-0.014221,-0.089565,106,"A","C",0,1,138,6
"254","A106D",-1.327299298,4.77,3.69,-0.021739,0.008998,0.008998,-0.135929,106,"A","D",0,1,138,2
"255","A106N",-1.456052193,2.56,-1.29,-0.017378,-0.068151,-0.068149,-0.089458,106,"A","N",0,1,138,3
"256","A106V",-1.956761829,-0.68,-0.65,-0.004993,-0.033554,-0.033557,-0.12751,106,"A","V",0,1,138,15
"257","A106Y",-1.683792264,-2.73,-2.21,-0.039243,-0.214017,-0.213988,-0.441958,106,"A","Y",0,1,138,6
"258","A106W",0.887699806,-4.99,-4.1,-0.118009,-0.288375,-0.288313,-0.517205,106,"A","W",0,1,138,5
"259","A106M",0.41163598,-7.13,-6.16,-0.088314,-0.349057,-0.349046,-0.286714,106,"A","M",0,1,138,2
"260","A106L",-1.446408888,-1.65,0.74,-0.023667,-0.170865,-0.170864,-0.122881,106,"A","L",0,1,138,5
"261","A106H",-1.117995571,5.71,1.05,-0.024118,-0.066759,-0.06676,-0.082299,106,"A","H",0,1,138,9
"262","A106E",-1.758649089,0.2,-0.46,-0.003036,-6.6e-05,-6.8e-05,-0.184941,106,"A","E",0,1,138,8
"263","A106R",-0.426822615,-5.17,-4.88,-0.036428,-0.277492,-0.277492,-0.636573,106,"A","R",0,1,138,9
"264","A106P",17.18941188,6.25,5.44,0.011157,-0.011223,-0.01122,1.387937,106,"A","P",0,1,138,11
"265","A106S",-1.25192185,9.86,6.55,0.001331,-0.000462,-0.000464,-0.16042,106,"A","S",0,1,138,8
"266","A106K",-1.553329989,0.8,2.47,-0.013031,-0.116226,-0.116227,-0.525087,106,"A","K",0,0,138,0
"267","D117V",2.473616194,-0.74,5.98,-0.824831,-3.305746,-3.805463,0.116748,117,"D","V",0,1,159,16
"268","D117Y",-3.242355638,0.37,6.98,-1.126325,-1.332622,-1.588295,-0.326267,117,"D","Y",0,1,159,3
"269","D117W",1.234070156,7.29,13.12,-0.818285,3.137848,3.433365,-0.178482,117,"D","W",0,1,159,2
"270","D117T",0.20425492,-0.24,5.3,-0.564018,-3.344838,-3.793915,0.008661,117,"D","T",0,1,159,15
"271","D117S",-1.483064179,1.04,2.86,-0.349086,-2.632491,-3.001124,-0.189784,117,"D","S",0,1,159,12
"272","D117F",-2.635054762,-0.52,4.75,-1.293491,-2.192974,-2.636111,-0.377866,117,"D","F",0,1,159,8
"273","D117K",-2.144980562,4.98,10.31,-0.869228,-0.478432,-0.119629,-0.182841,117,"D","K",0,0,159,0
"274","D117L",-1.356381656,-2.72,2.73,-1.183635,-2.654991,-3.130573,-0.134418,117,"D","L",0,1,159,17
"275","D117Q",-1.744006413,1.25,6.16,-0.67776,-1.358596,-1.468011,-0.088302,117,"D","Q",0,1,159,9
"276","D117C",1.054826209,-0.69,4.98,-0.665263,-3.022984,-3.53464,-0.184271,117,"D","C",0,1,159,15
"277","D117A",-0.919313451,-1.4,4.03,-0.523637,-2.195073,-2.667873,-0.077583,117,"D","A",0,1,159,10
"278","D117P",17.62083728,-2.69,4.91,-0.924664,-2.719212,-2.794054,2.965672,117,"D","P",0,0,159,0
"279","D117H",-3.308596764,1.1,7.92,-0.228848,-0.539962,-0.856206,0.021643,117,"D","H",0,1,159,5
"280","D117E",-2.014496201,5.89,11.24,-0.479593,-0.000421,0.023321,-0.112597,117,"D","E",0,1,159,4
"281","D117N",-2.068383362,0.82,5.47,-0.480712,-2.843959,-3.427609,-0.082609,117,"D","N",0,1,159,13
"282","D117M",-0.435292022,-1.96,1.82,-1.267955,-4.264012,-5.069534,-0.383515,117,"D","M",0,1,159,9
"283","D117I",4.415594168,-1.4,3.01,-1.066513,-2.961527,-3.280333,0.064772,117,"D","I",0,1,159,7
"284","D117R",-1.67866482,1.69,2.91,-0.615414,2.45805,3.687749,-0.278871,117,"D","R",0,0,159,0
"285","D117G",0.499266608,2.68,8.72,-0.718503,-2.107279,-2.309932,-0.187247,117,"D","G",0,1,159,12
"286","G119A",-1.47930047,6.4,0.72,0.304536,0.759533,0.840833,3.830556,119,"G","A",0,1,204,19
"287","G119R",-1.61706402,8.53,3.64,0.314378,0.45674,0.581909,7.599047,119,"G","R",0,1,204,22
"288","G119N",-1.73732131,5.6,2.27,0.652456,2.056877,2.246822,8.494518,119,"G","N",0,1,204,5
"289","G119D",-1.498824573,7.75,2.57,1.803598,3.842554,4.148225,9.202783,119,"G","D",0,0,204,0
"290","G119C",0.876921549,4.54,-0.82,0.395521,1.233449,1.396637,5.218951,119,"G","C",0,1,204,3
"291","G119Q",-1.978601255,4.14,1.74,0.411764,2.201892,2.434086,7.800104,119,"G","Q",0,1,204,7
"292","G119E",-2.341783418,6.35,1.95,1.53867,4.263474,4.602805,8.488228,119,"G","E",0,1,204,6
"293","G119H",-1.860933548,2.93,-0.98,2.899586,5.704247,5.882576,10.77818,119,"G","H",0,1,204,5
"294","G119I",0.059331984,3.46,-0.46,0.977535,1.892548,2.149942,11.827086,119,"G","I",0,1,204,1
"295","G119L",-2.166651433,12.71,5.19,0.985918,1.753181,1.987194,8.1534,119,"G","L",0,1,204,11
"296","G119K",-2.550194229,4.81,0.48,0.272254,0.924374,1.134316,6.892133,119,"G","K",0,1,204,2
"297","G119M",-0.699373308,3.85,0.95,0.251171,1.129935,1.359379,6.61164,119,"G","M",0,1,204,1
"298","G119F",-0.420672434,4.68,3.02,1.421549,2.910696,3.198748,9.86253,119,"G","F",0,1,204,1
"299","G119P",18.85602226,2.85,-2.94,0.149061,1.693541,1.953147,7.951366,119,"G","P",0,1,204,39
"300","G119S",-1.958911683,2.36,-4.62,0.397446,1.215047,1.336714,5.83606,119,"G","S",0,1,204,9
"301","G119T",-1.226494646,12.1,4.02,0.906928,1.887143,2.118205,9.417406,119,"G","T",0,1,204,7
"302","G119W",1.578021457,3.68,1.34,1.625408,3.56572,3.886243,11.723528,119,"G","W",0,1,204,3
"303","G119Y",-1.062408346,13.1,6.51,1.039552,2.693262,2.98714,9.966362,119,"G","Y",0,1,204,2
"304","G119V",0.709835475,2.81,-1.46,0.295984,1.560682,1.783983,9.619024,119,"G","V",0,1,204,8
"305","V123H",40.13404309,31.85,20.29,0.059176,0.003187,-0.009044,6.191339,123,"V","H",0,0,161,0
"306","V123A",4.873670714,9.9,3.1,0.074396,0.131094,0.141733,2.486527,123,"V","A",0,1,161,11
"307","V123L",13.14322419,5.27,7.2,-0.011442,-0.069774,-0.076712,1.328314,123,"V","L",0,1,161,37
"308","V123I",6.215758949,3.82,3.19,-0.016373,-0.106607,-0.098121,-0.614643,123,"V","I",0,1,161,32
"309","V123M",28.55391153,11.35,13.23,0.055474,0.061129,0.070284,0.85536,123,"V","M",0,0,161,0
"310","V123P",35.83124174,23.37,22.9,0.041439,0.204065,0.206464,4.666029,123,"V","P",0,0,161,0
"311","V123Y",120.6117329,89.51,66.88,0.064734,0.115404,0.115402,8.260723,123,"V","Y",0,0,161,0
"312","V123R",47.69523687,42.85,27.77,0.579732,0.366886,0.434671,8.053877,123,"V","R",0,0,161,0
"313","V123N",6.56603458,9.05,4.19,-0.04482,-0.154361,-0.14623,3.511737,123,"V","N",0,1,161,2
"314","V123D",9.453740747,-72.03,11.91,-0.237667,-0.760663,-0.855151,4.802621,123,"V","D",0,0,161,0
"315","V123C",4.374176395,8.39,10.05,0.072679,0.079813,0.085202,1.769808,123,"V","C",0,1,161,11
"316","V123Q",16.03930541,7.54,4.42,0.062561,0.104639,0.111822,3.795098,123,"V","Q",0,0,161,0
"317","V123E",14.05691972,10.09,6.67,-0.014143,-0.159309,-0.209426,4.309518,123,"V","E",0,0,161,0
"318","V123G",10.14370061,17.65,10,0.092241,0.139691,0.142983,3.928454,123,"V","G",0,1,161,9
"319","V123K",39.42194718,32.71,29.77,0.187271,0.159248,0.167699,5.510379,123,"V","K",0,0,161,0
"320","V123F",101.9622781,68.85,44.76,0.09434,0.05364,0.046338,6.615148,123,"V","F",0,0,161,0
"321","V123S",5.621857128,9.76,8.63,0.048265,0.060049,0.064753,2.618646,123,"V","S",0,1,161,25
"322","V123T",3.622968114,6.71,8.01,0.050478,0.078081,0.080147,1.19009,123,"V","T",0,1,161,13
"323","V123W",378.1881619,139.73,110.71,0.437455,0.503532,0.499377,16.491008,123,"V","W",0,0,161,0
"324","D125A",8.660399996,4.78,1,2.721612,4.241364,4.410143,1.671311,125,"D","A",0,0,89,0
"325","D125R",22.44711619,36.19,15.53,4.057361,8.626542,9.141989,3.406639,125,"D","R",0,0,89,0
"326","D125N",10.17187618,-7.45,-9.13,1.426372,2.32557,2.514564,1.555628,125,"D","N",0,0,89,0
"327","D125C",11.21533899,2.52,0.91,2.442315,3.869328,4.020211,1.364656,125,"D","C",0,0,89,0
"328","D125Q",15.4267164,6.42,5.85,2.551237,3.977525,4.107629,3.193237,125,"D","Q",0,0,89,0
"329","D125E",11.20260325,-17.08,-18.19,1.112877,1.2846,1.235267,2.554691,125,"D","E",0,0,89,0
"330","D125G",11.63883829,6.11,3.35,2.728756,4.346749,4.448147,2.014573,125,"D","G",0,0,89,0
"331","D125H",11.22761028,2.43,-6.78,2.454024,4.764293,4.955609,3.061404,125,"D","H",0,0,89,0
"332","D125I",18.5598574,4.47,6.89,2.503914,4.287533,4.530894,2.225672,125,"D","I",0,0,89,0
"333","D125L",60.37908827,7.42,9.13,2.7328,4.57837,4.80594,2.579359,125,"D","L",0,0,89,0
"334","D125K",25.23897086,2.51,2.15,3.54495,6.666682,6.898692,2.66811,125,"D","K",0,0,89,0
"335","D125M",14.86042967,5.99,9.1,2.478244,4.092483,4.27086,1.34113,125,"D","M",0,0,89,0
"336","D125F",305.2963076,12.87,11.82,2.917475,5.233081,5.324677,0.698555,125,"D","F",0,0,89,0
"337","D125P",119.0117135,12.88,11.11,2.923766,4.576932,4.778769,4.416913,125,"D","P",0,0,89,0
"338","D125S",9.292333715,3.69,3.03,2.409756,3.643954,3.775389,1.328111,125,"D","S",0,0,89,0
"339","D125T",14.65791842,1.02,-7.39,2.448515,3.80746,3.967982,2.292121,125,"D","T",0,0,89,0
"340","D125W",12.54644426,2.75,1.03,3.060193,5.161536,5.276949,2.625651,125,"D","W",0,0,89,0
"341","D125Y",9.639462446,12.94,5.19,3.09722,5.443842,5.524139,1.135885,125,"D","Y",0,0,89,0
"342","D125V",18.58769943,-1.65,-7.81,2.604625,4.194156,4.394863,1.488852,125,"D","V",0,0,89,0
"343","T128A",-0.938218721,-2.65,0.03,0.849695,1.255589,1.440389,0.186537,128,"T","A",0,1,122,9
"344","T128R",-0.787052805,-0.03,3.41,0.568158,2.325383,2.758097,-0.496946,128,"T","R",0,0,122,0
"345","T128N",-1.605254048,-2.24,0.85,0.509264,1.193733,1.531723,0.077748,128,"T","N",0,1,122,15
"346","T128D",-0.4592819,-0.15,2.65,0.806226,1.86053,2.194957,0.103587,128,"T","D",0,0,122,0
"347","T128C",-0.752370764,-3.38,-1.29,0.451231,0.346652,0.323558,-0.052696,128,"T","C",0,1,122,10
"348","T128Q",-1.580663772,-1.12,1.63,0.613983,1.368994,1.578735,-0.294271,128,"T","Q",0,0,122,0
"349","T128E",-2.356643868,-1.12,1.64,1.021513,1.570848,1.607726,-0.498122,128,"T","E",0,0,122,0
"350","T128G",1.471717447,0.88,3.51,1.259447,3.066634,3.733642,0.686007,128,"T","G",0,0,122,0
"351","T128H",-1.11722497,-0.92,2.41,0.77483,4.960818,5.96762,0.036281,128,"T","H",0,0,122,0
"352","T128I",-2.45686405,-5.75,-2.94,-0.611986,-1.782208,-2.569355,-0.79752,128,"T","I",0,0,122,0
"353","T128L",-0.362702482,-4.69,-1.77,-0.315567,-1.161017,-1.743974,-1.089947,128,"T","L",0,0,122,0
"354","T128K",-1.884518482,-1.24,1.34,0.339624,1.534561,1.663392,-0.723677,128,"T","K",0,0,122,0
"355","T128M",-2.385186222,-4.97,-1.92,-0.737247,-1.62862,-2.108293,-1.260556,128,"T","M",0,0,122,0
"356","T128F",-1.174270146,-0.26,2.66,0.276784,2.773756,3.236655,-0.53614,128,"T","F",0,0,122,0
"357","T128P",-1.582823235,-3.46,-1.47,0.342292,0.189483,-0.180378,-0.688623,128,"T","P",0,0,122,0
"358","T128S",-1.82216647,-0.78,2.04,1.045871,1.827342,2.406943,0.405298,128,"T","S",0,1,122,34
"359","T128W",-2.733908425,1.64,4.37,0.152564,4.517904,5.444647,-0.606987,128,"T","W",0,0,122,0
"360","T128Y",-1.787721871,2.11,3.94,0.509973,4.736378,5.297408,-0.457368,128,"T","Y",0,0,122,0
"361","T128V",-2.542823962,-5.57,-2.71,-0.252174,-1.591656,-2.310195,-0.257974,128,"T","V",0,1,122,21
"362","I129A",8.102341829,10.82,11.93,0.171624,0.162592,0.180332,4.262193,129,"I","A",0,1,124,38
"363","I129R",25.71630662,32.18,13.53,0.211389,0.866411,0.929191,6.671654,129,"I","R",0,0,124,0
"364","I129N",8.85911129,8.55,10.53,0.095592,0.062097,0.054381,3.815556,129,"I","N",0,0,124,0
"365","I129D",11.24339946,15.5,12.01,0.180054,0.201152,0.193622,4.866404,129,"I","D",0,0,124,0
"366","I129C",6.492759193,12.41,10.93,0.117119,0.08589,0.086632,3.271492,129,"I","C",0,1,124,6
"367","I129Q",9.683915273,8.36,3.3,0.066106,0.074436,0.061592,3.075326,129,"I","Q",0,0,124,0
"368","I129E",10.94842616,11.91,9.5,0.100236,0.107393,0.103092,4.470881,129,"I","E",0,0,124,0
"369","I129G",13.32312977,19.51,10.29,0.227472,0.23938,0.273184,5.893029,129,"I","G",0,0,124,0
"370","I129H",28.69055231,23.26,20.67,0.187113,0.155978,0.169508,3.951201,129,"I","H",0,1,124,1
"371","I129L",6.317722354,4.44,5.17,0.037084,0.012206,0.017753,0.478432,129,"I","L",0,1,124,30
"372","I129K",21.35927053,16.03,19.16,0.073296,0.374215,0.384444,4.581279,129,"I","K",0,0,124,0
"373","I129M",4.482116436,14.96,10.45,0.021177,0.076102,0.087819,0.304176,129,"I","M",0,1,124,1
"374","I129F",79.41288025,16.83,6.5,0.679951,0.733348,0.762236,3.076933,129,"I","F",0,1,124,2
"375","I129P",34.85069909,17.79,15.87,0.195029,0.283333,0.417342,7.191202,129,"I","P",0,0,124,0
"376","I129S",8.407541512,15.61,4.17,0.126779,0.115629,0.107932,4.823677,129,"I","S",0,1,124,13
"377","I129T",5.316703172,11.13,6.49,0.066184,0.048397,0.041808,3.347604,129,"I","T",0,1,124,13
"378","I129W",136.6245295,103.86,72.48,0.521319,1.321444,1.362226,8.297274,129,"I","W",0,0,124,0
"379","I129Y",105.5778545,109.62,64.22,0.664696,1.034127,1.075095,5.238801,129,"I","Y",0,0,124,0
"380","I129V",1.096490923,5.71,3.86,0.026064,0.047217,0.052623,1.107036,129,"I","V",0,1,124,17
"381","S148A",-1.23385261,-17.23,-10.87,0.602111,0.802305,0.798544,-0.164227,148,"S","A",0,1,107,35
"382","S148R",16.68973401,11.08,-0.37,3.208948,5.364757,5.343096,4.57261,148,"S","R",0,0,107,0
"383","S148N",20.82202629,1.92,-3.49,3.20411,5.269821,5.256516,3.106566,148,"S","N",0,0,107,0
"384","S148D",22.18489145,-2.03,-6.25,2.010337,3.299442,3.296253,4.376245,148,"S","D",0,1,107,7
"385","S148C",7.917654195,-17.87,-11.65,0.858507,1.486437,1.476039,0.684378,148,"S","C",0,1,107,12
"386","S148Q",17.78870902,2.75,-2.47,2.26829,4.182421,4.168916,4.471147,148,"S","Q",0,0,107,0
"387","S148E",30.22634015,-2.15,-6.08,1.910992,3.039355,3.029829,4.34519,148,"S","E",0,0,107,0
"388","S148G",1.777158084,-17.81,-12.62,0.766101,0.834037,0.824021,0.277369,148,"S","G",0,1,107,15
"389","S148H",9.839771911,22.53,6.19,11.18238,18.316533,18.306278,7.892337,148,"S","H",0,0,107,0
"390","S148I",10.99706595,-2.39,-6.37,1.840943,2.882572,2.864157,6.838776,148,"S","I",0,0,107,0
"391","S148L",58.40637418,12.5,1.41,3.84557,7.179265,7.17243,5.178543,148,"S","L",0,1,107,14
"392","S148K",21.02931637,7.71,-0.47,2.873046,4.205479,4.182266,4.081828,148,"S","K",0,0,107,0
"393","S148M",19.3374212,2.92,-2.16,2.111918,3.054247,3.045355,2.50666,148,"S","M",0,1,107,1
"394","S148F",56.91297423,13.31,2.78,5.594505,11.383851,11.367889,7.066829,148,"S","F",0,0,107,0
"395","S148P",97.50622512,-6.95,-8.07,1.021605,1.487845,1.481175,8.730094,148,"S","P",0,0,107,0
"396","S148T",2.926965342,-8.95,-8.88,1.242847,1.944951,1.942309,4.575213,148,"S","T",0,1,107,12
"397","S148W",18.9643372,12.51,1.79,6.436542,12.055995,12.033092,9.513721,148,"S","W",0,0,107,0
"398","S148Y",10.87292783,12.36,-0.11,4.823794,10.938496,10.927448,7.832499,148,"S","Y",0,0,107,0
"399","S148V",10.54397606,-6.97,-7.52,1.612037,2.98906,2.978642,4.959451,148,"S","V",0,0,107,0
"400","Q3Q",0,0,0,0,0,0,0,3,"Q","Q",1,1,91,55
"401","T4T",0,0,0,0,0,0,0,4,"T","T",1,1,161,5
"402","R8R",0,0,0,0,0,0,0,8,"R","R",1,1,177,23
"403","S11S",0,0,0,0,0,0,0,11,"S","S",1,1,126,36
"404","S15S",0,0,0,0,0,0,0,15,"S","S",1,1,160,57
"405","T41T",0,0,0,0,0,0,0,41,"T","T",1,1,107,21
"406","Y43Y",0,0,0,0,0,0,0,43,"Y","Y",1,1,166,7
"407","D45D",0,0,0,0,0,0,0,45,"D","D",1,1,165,8
"408","V72V",0,0,0,0,0,0,0,72,"V","V",1,1,111,55
"409","S74S",0,0,0,0,0,0,0,74,"S","S",1,1,160,100
"410","A80A",0,0,0,0,0,0,0,80,"A","A",1,1,122,26
"411","F81F",0,0,0,0,0,0,0,81,"F","F",1,1,89,5
"412","F88F",0,0,0,0,0,0,0,88,"F","F",1,1,203,1
"413","A106A",0,0,0,0,0,0,0,106,"A","A",1,1,138,9
"414","D117D",0,0,0,0,0,0,0,117,"D","D",1,1,159,2
"415","G119G",0,0,0,0,0,0,0,119,"G","G",1,1,204,53
"416","V123V",0,0,0,0,0,0,0,123,"V","V",1,1,161,21
"417","D125D",0,0,0,0,0,0,0,125,"D","D",1,1,89,89
"418","T128T",0,0,0,0,0,0,0,128,"T","T",1,1,122,33
"419","I129I",0,0,0,0,0,0,0,129,"I","I",1,1,124,3
"420","S148S",0,0,0,0,0,0,0,148,"S","S",1,1,107,11
