"","site","wt.AA","mut.AA","mutation","Py.trimer","Py.dimer","Py.fold","FX.dimer","FX.pentamer","FX.trimer","FX.fold","wt","obs","N.at.site","N.at.mut"
"1",3,"Q","A","Q3A",5.80000000000001,-0.860000000000014,0.845846800000004,1.051215,2.230328,2.49538,0.517476,0,0,91,0
"2",3,"Q","R","Q3R",0.580000000000041,-6.13,0.122911699999975,1.071389,1.337344,1.341051,0.042391,0,0,91,0
"3",3,"Q","N","Q3N",4.48000000000002,0.480000000000018,0.652691799999957,0.975398,1.766171,1.950555,0.536331,0,1,91,36
"4",3,"Q","D","Q3D",4.38999999999999,-0.159999999999968,0.858790800000008,2.673591,3.569907,3.676185,0.608305,0,0,91,0
"5",3,"Q","C","Q3C",1.85000000000002,-4.46999999999997,1.66460839999996,0.505514,1.119768,1.299948,0.387366,0,0,91,0
"6",3,"Q","E","Q3E",4.69,0.0900000000000318,-0.0186127000000056,1.506849,2.922972,3.009241,0.317162,0,0,91,0
"7",3,"Q","G","Q3G",4.22000000000003,-1.11000000000001,-1.03028929999999,1.89616,3.268675,3.542486,0.737398,0,0,91,0
"8",3,"Q","H","Q3H",4.46000000000004,0.25,1.39738889999995,4.583908,1.2646,1.40524,0.648381,0,0,91,0
"9",3,"Q","I","Q3I",-0.120000000000005,-6.42000000000002,-1.38880550000005,-0.991463,-1.156109,-0.952333,0.174335,0,0,91,0
"10",3,"Q","L","Q3L",-1.71999999999997,-7.98000000000002,-0.462165500000026,-1.583333,-2.140565,-1.988587,-0.002556,0,0,91,0
"11",3,"Q","K","Q3K",2.06,-3.63999999999999,0.327493000000004,-0.190709,0.700241,0.749776,0.044188,0,0,91,0
"12",3,"Q","M","Q3M",-3.44999999999999,-8.71999999999997,1.24354,-1.941872,-2.796345,-2.656757,-0.097816,0,0,91,0
"13",3,"Q","F","Q3F",-0.159999999999968,-6.19999999999999,-1.3622211,2.787719,-1.605277,-1.505378,0.00572,0,0,91,0
"14",3,"Q","P","Q3P",3.34000000000003,-1.89999999999998,-2.4739763,0.537485,1.728296,2.016978,0.819761,0,0,91,0
"15",3,"Q","S","Q3S",3.56,-1.57999999999998,0.7926243,1.126829,2.802577,3.063005,0.443528,0,0,91,0
"16",3,"Q","T","Q3T",3.22000000000003,-2.52999999999997,-0.473133899999993,0.177813,1.784095,2.022524,0.371038,0,0,91,0
"17",3,"Q","W","Q3W",3.69999999999999,-1.87,0.0492841999999882,5.890078,0.307113,0.375384,0.240353,0,0,91,0
"18",3,"Q","Y","Q3Y",3.25999999999999,-2.25999999999999,-1.91214110000004,4.885604,-0.178953,-0.081276,0.168399,0,0,91,0
"19",3,"Q","V","Q3V",1.25,-4.86000000000001,-1.27283370000004,-0.686827,-0.154744,0.085145,0.423489,0,0,91,0
"20",4,"T","A","T4A",3.90000000000003,-0.589999999999975,0.159382899999969,-0.047105,-0.455352,-0.566347,-0.200708,0,1,161,18
"21",4,"T","R","T4R",9.96000000000004,1.67000000000002,-1.33859050000001,0.204681,0.656669,1.079576,-0.07301,0,1,161,10
"22",4,"T","N","T4N",2.99000000000001,-2.29000000000002,-0.790565600000036,-0.24735,-0.624475,-0.718528,0.378956,0,0,161,0
"23",4,"T","D","T4D",6.09000000000003,0.180000000000007,-0.412524100000041,-0.421736,-1.338219,-1.60581,1.620408,0,0,161,0
"24",4,"T","C","T4C",2.75,-2.74000000000001,1.44153089999998,-0.070237,-0.698615,-0.797201,-0.262461,0,0,161,0
"25",4,"T","Q","T4Q",7.38999999999999,1.13,-1.81128210000003,-0.41194,-1.526406,-1.535397,-0.00304,0,0,161,0
"26",4,"T","E","T4E",1.83000000000004,-4.17000000000002,-1.7102051,-0.647392,-1.858924,-1.98462,1.152941,0,1,161,2
"27",4,"T","G","T4G",6.29000000000002,0.75,1.56749939999997,0.709583,1.35043,1.142993,0.385236,0,1,161,118
"28",4,"T","H","T4H",3.11000000000001,-1.63,-0.910519800000031,0.173157,-0.362658,-0.383115,0.645042,0,1,161,3
"29",4,"T","I","T4I",2.03000000000003,-3.75,-1.57669179999999,-0.534443,-2.972359,-2.935152,-0.58182,0,0,161,0
"30",4,"T","L","T4L",-0.870000000000005,-4.67000000000002,-3.96122830000002,-0.753575,-3.016346,-3.009755,-1.282788,0,1,161,1
"31",4,"T","K","T4K",3.24000000000001,-0.649999999999977,-1.28316540000003,-0.122079,-0.592735,-0.410817,-0.501605,0,0,161,0
"32",4,"T","M","T4M",-0.849999999999966,-5.08999999999997,-1.1411852,-0.815216,-3.338469,-3.374197,-1.333174,0,0,161,0
"33",4,"T","F","T4F",1.35000000000002,-4.26999999999998,0.450418200000001,-0.483882,-2.719702,-2.747629,-0.900192,0,0,161,0
"34",4,"T","P","T4P",15.99,2.63,-2.97202240000001,2.568493,6.548399,6.454383,0.057077,0,0,161,0
"35",4,"T","S","T4S",5.16000000000003,-0.230000000000018,-0.208208300000024,0.282267,0.821389,0.706587,0.308755,0,0,161,0
"36",4,"T","W","T4W",2.61000000000001,-2.59999999999997,1.16798929999999,-0.214636,-2.525132,-2.66857,0.368684,0,1,161,1
"37",4,"T","Y","T4Y",9.29000000000002,1.26999999999998,-0.945403100000021,-0.268013,-2.30166,-2.4063,-0.409255,0,0,161,0
"38",4,"T","V","T4V",4.23000000000002,-0.319999999999993,-1.23897520000003,-0.488012,-2.259048,-2.249142,-0.619968,0,1,161,3
"39",8,"R","V","R8V",1.92000000000002,7.44,5.3616212,0.659253,0.923303,0.861505,2.505802,0,1,177,1
"40",8,"R","Y","R8Y",-0.46999999999997,-0.740000000000009,3.2610636,0.473073,0.194126,0.01682,4.836055,0,1,177,5
"41",8,"R","W","R8W",-1.14999999999998,-1.73000000000002,4.67106609999996,0.524369,-0.212387,-0.517956,4.98444,0,0,177,0
"42",8,"R","T","R8T",3.63999999999999,7.85000000000002,4.005539,0.802909,1.425496,1.378694,2.372724,0,1,177,18
"43",8,"R","P","R8P",-0.189999999999998,0.920000000000016,3.46069599999998,0.244273,0.234256,0.198425,5.555499,0,1,177,26
"44",8,"R","F","R8F",-0.149999999999977,2.55000000000001,3.9218626,0.552107,0.201628,0.057672,3.535749,0,1,177,4
"45",8,"R","K","R8K",0.650000000000034,3.82999999999998,0.750254299999995,0.567837,0.501605,0.42863,0.100151,0,0,177,0
"46",8,"R","L","R8L",-0.649999999999977,1.22000000000003,1.01900719999998,0.404928,0.385367,0.307981,-0.3035,0,1,177,16
"47",8,"R","I","R8I",1.46000000000004,5.40000000000003,10.2185809,0.968935,0.893323,0.824365,2.344545,0,1,177,3
"48",8,"R","E","R8E",2.98000000000002,6.97000000000003,3.58773639999998,0.622766,1.121264,1.044622,2.027294,0,0,177,0
"49",8,"R","Q","R8Q",0.120000000000005,3.81999999999999,3.06590789999996,0.611485,0.59699,0.541388,0.930239,0,1,177,4
"50",8,"R","C","R8C",-0.0299999999999727,1.98000000000002,4.44868099999997,0.880465,1.565015,1.501806,0.749028,0,1,177,14
"51",8,"R","N","R8N",8.37,12.24,1.80293979999999,0.817537,1.367125,1.297785,0.985693,0,1,177,12
"52",8,"R","A","R8A",2.69,7.63,2.15545709999998,0.872528,1.718583,1.693138,1.238327,0,1,177,13
"53",8,"R","S","R8S",2.87,8,2.38112969999997,0.968144,1.879885,1.845984,1.542872,0,1,177,26
"54",8,"R","M","R8M",-0.479999999999961,-0.319999999999993,3.63198499999999,0.345502,0.091866,-0.071805,-0.416324,0,1,177,2
"55",8,"R","H","R8H",3.06,8.23000000000002,2.76141889999997,0.890336,1.40766,1.32218,3.205923,0,1,177,10
"56",8,"R","G","R8G",4.54000000000002,9.01999999999998,5.12607049999997,1.07168,2.158065,2.136196,1.051098,0,0,177,0
"57",8,"R","D","R8D",6.92000000000002,11.66,2.54486069999996,1.37862,2.141661,2.067893,2.428523,0,0,177,0
"58",11,"S","A","S11A",-8.11000000000001,2.92000000000002,-0.251799199999994,-0.108419,-0.259728,-0.254114,0.111623,0,1,126,23
"59",11,"S","R","S11R",-2.69,6.05000000000001,0.649267000000009,1.916149,3.531723,3.648317,-0.190976,0,0,126,0
"60",11,"S","N","S11N",-7.70999999999998,3.81999999999999,0.801431899999955,-0.049577,0.347108,0.378491,0.276976,0,0,126,0
"61",11,"S","D","S11D",-5.01999999999998,5.94999999999999,0.584893099999988,0.77107,1.547954,1.570816,0.432955,0,0,126,0
"62",11,"S","C","S11C",-9.53999999999996,1.06,1.81064199999997,-0.568128,-1.014805,-0.99596,0.141887,0,1,126,16
"63",11,"S","Q","S11Q",-7.61000000000001,4.66000000000003,0.227276599999982,-0.156683,0.292354,0.350075,0.10872,0,0,126,0
"64",11,"S","E","S11E",-6.12,5.65000000000003,-0.507090699999992,0.250343,0.817485,0.863464,0.296574,0,0,126,0
"65",11,"S","G","S11G",-6.07999999999998,5.74000000000001,0.249512399999958,0.392098,0.896506,0.920826,0.294846,0,1,126,32
"66",11,"S","H","S11H",0.199999999999989,6.22000000000003,0.0343555999999694,2.815099,6.711338,6.778292,0.332236,0,0,126,0
"67",11,"S","I","S11I",-12.4399999999999,-1.88,1.16225839999998,-1.208094,-2.259319,-2.19982,0.685835,0,0,126,0
"68",11,"S","L","S11L",-10.14,0.269999999999982,1.703732,-1.028068,-1.276057,-1.212972,-0.144534,0,0,126,0
"69",11,"S","K","S11K",-6.72999999999996,4.53000000000003,-0.563967500000047,0.1216,1.013329,1.092062,-0.118725,0,0,126,0
"70",11,"S","M","S11M",-12.5,-2.09999999999997,-0.146109800000033,-1.619315,-2.335243,-2.258528,-0.391612,0,0,126,0
"71",11,"S","F","S11F",0.0699999999999932,6.26999999999998,2.08310159999996,2.507058,6.013249,6.087639,-0.090627,0,0,126,0
"72",11,"S","P","S11P",-13.4,-3.24000000000001,-4.16573080000001,-1.502445,-2.538898,-2.465302,0.422618,0,1,126,18
"73",11,"S","T","S11T",-9.15999999999997,2.22000000000003,-0.435810700000047,-0.619731,-0.893184,-0.8726,0.424707,0,1,126,1
"74",11,"S","W","S11W",0.710000000000036,7,2.62944479999999,6.428591,12.211151,12.341307,0.131783,0,0,126,0
"75",11,"S","Y","S11Y",1.88999999999999,6.75999999999999,1.48025789999997,6.239835,10.189661,10.274758,0.020633,0,0,126,0
"76",11,"S","V","S11V",-12.11,-1.06999999999999,1.7776811,-1.147485,-2.272259,-2.224452,0.68883,0,0,126,0
"77",15,"S","V","S15V",0.129999999999995,1.47000000000003,0.500328400000001,0.377967,1.292557,1.291507,-0.662822,0,0,160,0
"78",15,"S","T","S15T",6.81,4.12,-0.303756000000021,0.135691,0.285337,0.285325,-0.208255,0,1,160,72
"79",15,"S","P","S15P",0.710000000000036,3.56,4.88578899999999,1.785479,4.26202,4.262217,0.62986,0,0,160,0
"80",15,"S","F","S15F",31.37,18.52,6.13842669999997,6.1609,13.037789,13.044767,-0.886443,0,0,160,0
"81",15,"S","M","S15M",18.22,2.73000000000002,1.38346569999999,1.346594,3.866274,3.86626,-1.895224,0,0,160,0
"82",15,"S","L","S15L",6.86000000000001,3.94999999999999,0.340750799999967,2.075502,4.512171,4.511905,-1.283776,0,0,160,0
"83",15,"S","I","S15I",10.84,-2.86000000000001,0.873709200000008,1.355441,3.390057,3.390425,-0.962396,0,0,160,0
"84",15,"S","E","S15E",10.47,1.59000000000003,-0.336812400000042,3.466787,7.474857,7.473469,-0.450992,0,0,160,0
"85",15,"S","Q","S15Q",10.35,5.49000000000001,-0.434418300000004,2.610533,5.873241,5.87311,-0.732511,0,0,160,0
"86",15,"S","C","S15C",0.889999999999986,-3.65999999999997,2.02040269999998,0.230024,0.880901,0.880438,-0.587083,0,1,160,13
"87",15,"S","D","S15D",5.54000000000002,2.16000000000003,3.29176229999996,1.989835,5.063545,5.063835,0.157756,0,0,160,0
"88",15,"S","R","S15R",22.3,3.38999999999999,1.75479319999999,2.977079,7.779986,7.78083,-1.120572,0,0,160,0
"89",15,"S","A","S15A",2.59000000000003,3.94,-0.1289084,0.450966,1.002462,1.002015,-0.359269,0,1,160,18
"90",15,"S","Y","S15Y",38.05,22.05,5.3273226,7.611859,17.172664,17.173765,-0.70835,0,0,160,0
"91",15,"S","W","S15W",72.84,41.21,3.02581509999999,11.449257,21.827215,21.829667,-0.834131,0,0,160,0
"92",15,"S","H","S15H",8.42000000000002,10.04,1.96623389999996,5.445862,12.309402,12.307799,-0.15819,0,0,160,0
"93",15,"S","G","S15G",6.62,7.44999999999999,3.30595789999995,0.874885,1.920974,1.920555,0.380013,0,0,160,0
"94",15,"S","N","S15N",5.04000000000002,3.11000000000001,1.9556111,1.622323,3.206794,3.205024,-0.028774,0,0,160,0
"95",15,"S","K","S15K",20.06,8.76999999999998,-0.413921200000004,2.525748,6.022408,6.024123,-1.246503,0,0,160,0
"96",41,"T","A","T41A",7.09000000000003,5.43000000000001,1.85028069999998,0.542982,1.05854,1.058449,1.141497,0,1,107,2
"97",41,"T","R","T41R",42.26,7.50999999999999,4.09680909999997,2.940323,5.258273,5.262287,0.850065,0,0,107,0
"98",41,"T","N","T41N",5.31999999999999,7.19999999999999,3.56362719999998,0.249478,0.441844,0.44431,1.557308,0,1,107,22
"99",41,"T","D","T41D",7.92000000000002,7.95999999999998,3.84201039999999,0.97401,1.920273,1.924604,2.378999,0,0,107,0
"100",41,"T","C","T41C",4.86000000000001,4.06,1.8775895,0.031533,0.146224,0.149349,0.826071,0,1,107,30
"101",41,"T","Q","T41Q",6,1.24000000000001,2.53878499999996,0.675051,1.230204,1.235372,1.166166,0,0,107,0
"102",41,"T","E","T41E",6.48000000000002,4.61000000000001,2.59780699999999,1.43336,2.682667,2.688055,1.647091,0,0,107,0
"103",41,"T","G","T41G",10.4,5.15000000000003,5.29144769999999,0.690814,1.375316,1.378113,2.178854,0,0,107,0
"104",41,"T","H","T41H",23.08,15.2,8.76648999999998,1.67043,4.055274,4.059472,3.685052,0,0,107,0
"105",41,"T","I","T41I",-1.87,-0.819999999999993,0.528698299999974,-0.527796,-1.096539,-1.09159,0.417659,0,0,107,0
"106",41,"T","L","T41L",3.75,8.97000000000003,1.22135379999997,-0.517996,-0.756986,-0.752402,0.121471,0,0,107,0
"107",41,"T","K","T41K",17.19,5.42000000000002,5.07939679999998,0.376544,1.240495,1.244435,0.469069,0,0,107,0
"108",41,"T","M","T41M",5.75999999999999,12.94,2.2009425,-0.375019,-0.652639,-0.64847,-0.164106,0,0,107,0
"109",41,"T","F","T41F",48.92,54.96,20.5511677,2.618428,7.155209,7.159896,2.162531,0,0,107,0
"110",41,"T","P","T41P",0.730000000000018,5.61000000000001,24.0017539,0.697656,1.011157,1.013129,3.059864,0,0,107,0
"111",41,"T","S","T41S",3.18000000000001,7.75999999999999,1.54050539999997,0.652517,1.218264,1.216952,1.112696,0,1,107,32
"112",41,"T","W","T41W",82.88,61.53,15.147191,7.794345,16.102169,16.109832,3.930848,0,0,107,0
"113",41,"T","Y","T41Y",66.46,68.24,24.455782,5.200836,12.552039,12.564386,3.475185,0,0,107,0
"114",41,"T","V","T41V",1.22000000000003,7.53000000000003,-2.06924270000002,-0.168877,-0.396743,-0.393852,0.16077,0,0,107,0
"115",43,"Y","V","Y43V",6.29000000000002,11.19,1.73634199999998,1.055527,2.000535,2.000537,1.117991,0,1,166,13
"116",43,"Y","T","Y43T",5.94,5.51999999999998,3.73439439999999,1.678579,3.311879,3.311879,1.117905,0,1,166,11
"117",43,"Y","S","Y43S",5.94999999999999,3.5,1.82222579999996,2.118296,4.189428,4.189428,1.430806,0,1,166,17
"118",43,"Y","P","Y43P",7.86000000000001,12.86,35.4205033,1.786664,3.428613,3.428612,3.385225,0,0,166,0
"119",43,"Y","M","Y43M",1.53000000000003,0.819999999999993,3.26157929999999,-0.699512,-0.674063,-0.674064,0.341829,0,1,166,4
"120",43,"Y","L","Y43L",4.44999999999999,1.56,2.02924379999996,0.245346,1.098177,1.098178,0.391188,0,1,166,17
"121",43,"Y","G","Y43G",8.25,16.36,4.61926339999997,2.461995,4.891981,4.891986,2.298872,0,1,166,23
"122",43,"Y","Q","Y43Q",6.02000000000004,2.59000000000003,2.73567549999996,1.494727,2.968877,2.968873,1.187012,0,1,166,6
"123",43,"Y","D","Y43D",5.52000000000004,7.01999999999998,4.27672949999999,2.321932,4.262681,4.262706,2.897836,0,1,166,1
"124",43,"Y","N","Y43N",5.78000000000003,4.93000000000001,4.65013979999998,1.982033,3.804981,3.804983,2.059347,0,1,166,2
"125",43,"Y","F","Y43F",4.06999999999999,2.05000000000001,3.0490997,0.399572,0.648827,0.648827,0.34715,0,1,166,5
"126",43,"Y","K","Y43K",5.02000000000004,1.57999999999998,1.96376739999999,1.205687,2.587404,2.587397,0.598662,0,1,166,11
"127",43,"Y","H","Y43H",5.42000000000002,3.24000000000001,2.96768069999996,1.343656,2.695291,2.695295,1.665948,0,1,166,6
"128",43,"Y","E","Y43E",5.88,3.63,2.6096488,1.800386,3.427792,3.427829,1.390032,0,1,166,2
"129",43,"Y","A","Y43A",4.63999999999999,5.19,2.18155489999998,1.914346,3.792471,3.792472,1.519086,0,1,166,9
"130",43,"Y","W","Y43W",0.170000000000016,0.920000000000016,5.25833599999999,0.055044,0.050465,0.050461,1.128113,0,1,166,4
"131",43,"Y","C","Y43C",3.13999999999999,2.78000000000003,1.95383729999998,1.554554,3.095929,3.095928,1.385894,0,1,166,10
"132",43,"Y","R","Y43R",5.69,6.84000000000003,3.15280339999998,1.434644,3.198352,3.19832,0.808417,0,1,166,10
"133",43,"Y","I","Y43I",4.09000000000003,1.44,2.70176240000001,0.547402,1.450014,1.450034,0.860441,0,1,166,8
"134",45,"D","A","D45A",3.47000000000003,1,4.42666919999999,0.606749,0.515722,0.515715,1.078734,0,1,165,7
"135",45,"D","R","D45R",-0.169999999999959,-2.48000000000002,4.60820769999998,0.620038,0.390402,0.390357,0.536944,0,1,165,4
"136",45,"D","N","D45N",9.13,2.05000000000001,1.15990479999999,0.417481,0.222409,0.222415,0.843175,0,1,165,6
"137",45,"D","C","D45C",2.37,0.170000000000016,6.37456729999997,0.21719,-0.195972,-0.195962,0.912878,0,1,165,6
"138",45,"D","Q","D45Q",0.270000000000039,-2.26999999999998,4.5619714,0.396365,0.135264,0.135261,0.649128,0,1,165,7
"139",45,"D","E","D45E",3.48000000000002,1.28000000000003,3.46219539999998,0.431531,0.28566,0.285647,0.438849,0,1,165,3
"140",45,"D","G","D45G",4.22000000000003,2.48000000000002,5.56926239999996,0.954164,1.112633,1.112636,1.269007,0,1,165,3
"141",45,"D","H","D45H",2.25999999999999,-0.800000000000011,3.19859339999999,0.387315,0.076416,0.076434,0.868055,0,1,165,5
"142",45,"D","I","D45I",-8.09999999999997,-7.45999999999998,5.51178289999996,-0.287577,-1.344178,-1.344163,0.840552,0,1,165,8
"143",45,"D","L","D45L",-7.16999999999996,-6.88,7.69840479999999,-0.261597,-1.139931,-1.13978,0.391932,0,1,165,17
"144",45,"D","K","D45K",-2.19999999999999,-3.49000000000001,3.56912519999997,0.445935,0.164709,0.164702,0.400029,0,1,165,7
"145",45,"D","M","D45M",-10.46,-9.19,5.93797469999998,-0.617615,-2.157175,-2.157122,0.408103,0,1,165,2
"146",45,"D","F","D45F",-7.01999999999998,-6.82999999999998,4.43019619999995,-0.003034,-1.030613,-1.030645,0.462394,0,1,165,43
"147",45,"D","P","D45P",1.06999999999999,-0.849999999999966,21.6960259,0.164588,-0.291652,-0.291668,0.702349,0,1,165,5
"148",45,"D","S","D45S",1.81,-0.96999999999997,1.96425089999997,0.560916,0.697139,0.69714,0.895121,0,1,165,7
"149",45,"D","T","D45T",-1.89999999999998,-3.69999999999999,3.11802610000001,0.128294,-0.293932,-0.293919,1.104386,0,1,165,8
"150",45,"D","W","D45W",-3.38,-4.5,9.83470819999997,0.060453,-0.508406,-0.508494,1.139037,0,1,165,1
"151",45,"D","Y","D45Y",-5.53999999999996,-5.13,2.50025239999997,0.178893,-0.502689,-0.502677,0.555221,0,1,165,10
"152",45,"D","V","D45V",-6.19,-5.64999999999998,4.64712839999999,-0.022077,-0.631662,-0.631663,1.000575,0,1,165,8
"153",72,"V","A","V72A",2.74000000000001,0.430000000000007,2.008351,1.240276,3.584025,4.515641,1.288193,0,0,111,0
"154",72,"V","R","V72R",7.83000000000004,7.50999999999999,1.64084989999998,2.609001,6.258654,7.905831,1.091876,0,0,111,0
"155",72,"V","N","V72N",3.13,1.19999999999999,2.87729469999999,1.089626,2.980885,3.778941,1.498061,0,0,111,0
"156",72,"V","D","V72D",5.44,7.95999999999998,3.33622889999998,1.611531,4.018658,5.037582,1.341473,0,0,111,0
"157",72,"V","C","V72C",5.44999999999999,4.06,2.8573437,0.836499,2.452634,3.04207,1.124233,0,1,111,19
"158",72,"V","Q","V72Q",4.55000000000001,1.24000000000001,0.623425199999986,1.193786,3.347492,4.072543,0.973565,0,0,111,0
"159",72,"V","E","V72E",5.78000000000003,4.61000000000001,0.729780399999981,1.819883,4.038769,4.817294,0.9278,0,0,111,0
"160",72,"V","G","V72G",4.62,5.15000000000003,4.62655239999998,1.74355,5.138271,6.430567,2.620356,0,0,111,0
"161",72,"V","H","V72H",6.94,11.2,2.5049454,2.45879,7.707648,10.027329,1.633608,0,0,111,0
"162",72,"V","I","V72I",2.50999999999999,-0.819999999999993,0.0989098999999669,-0.093525,0.134777,0.123656,-0.462328,0,1,111,2
"163",72,"V","L","V72L",5.06999999999999,8.97000000000003,2.79642539999998,0.333289,0.585396,0.831048,-0.443571,0,1,111,35
"164",72,"V","K","V72K",4.94,5.42000000000002,0.792981099999963,1.099729,3.516134,4.556551,0.692989,0,0,111,0
"165",72,"V","M","V72M",4.46000000000004,4.94,0.854373799999962,0.038927,0.4315,0.564851,-0.413001,0,0,111,0
"166",72,"V","F","V72F",4.66000000000003,6.95999999999998,2.44009449999999,2.579723,5.270871,6.586771,0.020706,0,0,111,0
"167",72,"V","P","V72P",3.80000000000001,3.61000000000001,5.53034869999999,0.538995,1.433116,1.886335,-0.070198,0,0,111,0
"168",72,"V","S","V72S",5.24000000000001,7.75999999999999,2.2159307,1.464232,4.605494,5.795234,2.155545,0,0,111,0
"169",72,"V","T","V72T",3.55000000000001,2.53000000000003,0.075161899999955,0.942338,3.166385,4.013922,1.164284,0,0,111,0
"170",72,"V","W","V72W",10.76,21.66,0.0688093999999637,5.548553,10.890505,13.888834,0.509641,0,0,111,0
"171",72,"V","Y","V72Y",7.67000000000002,7.53000000000003,2.22327529999995,3.555143,7.996019,10.049392,0.320558,0,0,111,0
"172",74,"S","V","S74V",0.560000000000002,3.82999999999998,9.99802779999999,0.665428,0.340131,0.397572,0.296268,0,0,160,0
"173",74,"S","Y","S74Y",89.85,49.08,21.3288844,3.52374,5.176508,5.587882,10.276616,0,0,160,0
"174",74,"S","W","S74W",35.69,20.37,45.1278043,6.0682,7.587669,7.966553,13.42537,0,0,160,0
"175",74,"S","T","S74T",0.830000000000041,2.81999999999999,1.5250446,0.511787,0.282479,0.318401,0.554576,0,1,160,60
"176",74,"S","P","S74P",11.17,11.44,39.6076451,0.454792,0.38797,0.423286,2.498553,0,0,160,0
"177",74,"S","F","S74F",87.78,49.95,22.8143215,2.882685,3.849705,4.141652,7.76231,0,0,160,0
"178",74,"S","M","S74M",3.5,6.86000000000001,0.774814599999956,0.960091,0.509708,0.619444,0.683745,0,0,160,0
"179",74,"S","L","S74L",14.57,14.52,14.9061196,1.648922,0.976228,1.042314,1.385145,0,0,160,0
"180",74,"S","I","S74I",12.89,10.76,25.6859245,1.228219,0.458218,0.565492,1.270407,0,0,160,0
"181",74,"S","H","S74H",33.69,21.46,4.6396977,3.579098,5.050036,5.230237,9.04699,0,0,160,0
"182",74,"S","G","S74G",4.08000000000004,6.11000000000001,1.64160609999999,0.347062,0.684537,0.704458,1.126051,0,0,160,0
"183",74,"S","N","S74N",0.900000000000034,9.24000000000001,1.6862668,0.940887,0.361448,0.422927,2.719677,0,0,160,0
"184",74,"S","R","S74R",17.03,16.24,0.374586700000009,2.742034,2.106685,2.317986,5.190013,0,0,160,0
"185",74,"S","A","S74A",-0.360000000000014,-0.0699999999999932,-2.48350880000004,0.258167,0.327454,0.338686,-0.277723,0,0,160,0
"186",74,"S","K","S74K",17.35,5.30000000000001,6.96052779999997,1.240018,0.070668,0.189915,3.403552,0,0,160,0
"187",74,"S","Q","S74Q",8.61000000000001,5.81999999999999,-3.04378860000003,1.090227,1.096359,1.206171,3.347005,0,0,160,0
"188",74,"S","C","S74C",-5.38,0.139999999999986,-1.21651430000003,0.273237,0.137348,0.187682,-0.334808,0,0,160,0
"189",74,"S","D","S74D",3.50999999999999,8.19,2.67627139999996,0.58998,0.558065,0.618587,4.367234,0,0,160,0
"190",74,"S","E","S74E",4.61000000000001,5.69,-2.1323203,0.727777,1.328148,1.446223,4.143247,0,0,160,0
"191",80,"A","Y","A80Y",45.38,43.49,10.1582446,24.289619,41.071677,41.128559,0.901001,0,0,122,0
"192",80,"A","W","A80W",43.14,40.03,26.685519,29.321764,50.304636,50.412588,1.745156,0,0,122,0
"193",80,"A","T","A80T",5,3.38999999999999,2.15194349999996,2.017676,3.809478,3.810058,0.480443,0,1,122,16
"194",80,"A","P","A80P",8.29000000000002,7.44,26.0911768,0.888931,3.460235,3.45831,3.004245,0,0,122,0
"195",80,"A","F","A80F",16.82,32.41,10.0401199,20.948373,35.984141,36.040701,0.781391,0,0,122,0
"196",80,"A","M","A80M",1.11000000000001,6.82999999999998,6.5900671,4.715651,8.815356,8.846176,-0.65568,0,0,122,0
"197",80,"A","K","A80K",4.47000000000003,3.62,13.2266416,5.817139,12.381967,12.398679,-0.309303,0,0,122,0
"198",80,"A","L","A80L",9.49000000000001,4.31,24.675353,6.320583,11.235065,11.265374,-0.270131,0,0,122,0
"199",80,"A","H","A80H",14.33,6.72000000000003,6.82610209999996,15.531902,27.790481,27.789069,1.186033,0,0,122,0
"200",80,"A","Q","A80Q",6.04000000000002,5.19999999999999,4.51378979999998,6.413545,12.375989,12.389255,0.050801,0,0,122,0
"201",80,"A","C","A80C",1.58000000000004,2.72000000000003,1.42086369999998,1.184563,2.505075,2.511894,0.017232,0,1,122,11
"202",80,"A","D","A80D",4.66000000000003,3.93000000000001,7.74184349999996,4.654159,7.98721,7.989704,1.605694,0,0,122,0
"203",80,"A","N","A80N",1.67000000000002,1.5,4.17629339999996,4.980931,8.338343,8.360297,0.908997,0,1,122,3
"204",80,"A","S","A80S",5.81999999999999,0.139999999999986,1.61798529999999,0.189579,0.923689,0.930903,0.300321,0,1,122,19
"205",80,"A","I","A80I",10.68,11.36,24.729671,4.556708,7.996657,8.02182,0.190817,0,1,122,5
"206",80,"A","G","A80G",1.72000000000003,0.5,3.86829949999998,0.68922,1.112251,1.105387,0.837939,0,1,122,30
"207",80,"A","E","A80E",3.80000000000001,7.91000000000003,4.6267072,6.244564,11.090329,11.107622,0.322084,0,0,122,0
"208",80,"A","R","A80R",12.4,5.66000000000003,12.1596706,8.51836,15.959279,15.953825,-0.045509,0,0,122,0
"209",80,"A","V","A80V",6.31,16.03,11.6540205,2.209018,4.30923,4.311412,0.207208,0,1,122,12
"210",81,"F","A","F81A",13.55,3.15000000000003,9.75654539999999,-0.023724,-0.081577,-0.087888,5.292229,0,0,89,0
"211",81,"F","R","F81R",8.54000000000002,-0.389999999999986,17.387193,0.006056,0.067994,0.06963,5.364359,0,0,89,0
"212",81,"F","N","F81N",-2.08999999999997,-2.12,9.21818129999997,-0.098376,-0.184532,-0.17308,4.878858,0,0,89,0
"213",81,"F","D","F81D",-12.86,-6.19999999999999,10.9717715,-0.12281,-0.371372,-0.376834,6.81486,0,0,89,0
"214",81,"F","C","F81C",7.81999999999999,5.79000000000002,9.93853309999997,-0.063835,-0.114944,-0.11963,4.670747,0,0,89,0
"215",81,"F","Q","F81Q",9.10000000000002,5.53000000000003,10.1342421,-0.050716,-0.116861,-0.112738,5.07143,0,0,89,0
"216",81,"F","E","F81E",-7.11000000000001,-3.93000000000001,11.2609087,-0.040485,-0.259576,-0.261448,5.99822,0,0,89,0
"217",81,"F","G","F81G",-7.14999999999998,-3.79000000000002,13.9166906,-0.170155,-0.257372,-0.269792,6.250293,0,0,89,0
"218",81,"F","H","F81H",8.62,2.43000000000001,5.64151759999999,-0.030169,-0.077048,-0.067873,3.766686,0,0,89,0
"219",81,"F","I","F81I",7.36000000000001,6,23.6749633,-0.041239,-0.060757,-0.06511,4.612501,0,1,89,1
"220",81,"F","L","F81L",12.22,1.13999999999999,8.0682774,-0.072615,-0.083155,-0.081754,2.761609,0,1,89,34
"221",81,"F","K","F81K",10.76,9.69,10.1898896,-0.003934,0.008746,0.011041,4.793959,0,0,89,0
"222",81,"F","M","F81M",20.35,7.38,7.46482979999996,-0.023043,-0.057887,-0.059922,1.73298,0,1,89,1
"223",81,"F","P","F81P",53.17,22.37,36.3598804,0.299347,0.761365,0.787501,6.339903,0,0,89,0
"224",81,"F","S","F81S",-7.25,-2.74000000000001,9.99171029999997,-0.14627,-0.273973,-0.288454,5.347836,0,0,89,0
"225",81,"F","T","F81T",13.48,0.639999999999986,9.39143039999999,-0.08642,-0.109764,-0.094696,5.133932,0,0,89,0
"226",81,"F","W","F81W",-2.20999999999998,0.579999999999984,2.77949759999996,0.108334,0.133445,0.135034,1.282407,0,1,89,46
"227",81,"F","Y","F81Y",5.83000000000004,-0.349999999999966,1.31019119999996,-0.005054,0.000899,0.001133,1.154187,0,1,89,2
"228",81,"F","V","F81V",9.65000000000003,3.75,8.02111129999997,-0.031184,-0.071194,-0.076129,4.534481,0,0,89,0
"229",88,"F","A","F88A",1.90000000000003,1.28000000000003,1.7509652,2.947745,5.690359,5.690832,1.312682,0,1,203,43
"230",88,"F","R","F88R",3.98000000000002,3.56,1.68861019999997,2.940617,5.913346,5.912274,0.741948,0,1,203,29
"231",88,"F","N","F88N",5.75999999999999,4.15000000000003,1.17331369999999,3.36202,6.373764,6.373748,1.389104,0,0,203,0
"232",88,"F","D","F88D",6.42000000000002,4.50999999999999,1.15478769999999,4.445465,8.605771,8.606143,1.366067,0,0,203,0
"233",88,"F","C","F88C",6.75999999999999,0,3.14118020000001,2.701367,5.093708,5.093872,1.2493,0,1,203,6
"234",88,"F","Q","F88Q",7.13,1.92000000000002,0.474679999999978,3.091361,6.09676,6.096548,0.976606,0,0,203,0
"235",88,"F","E","F88E",12.88,7.47000000000003,0.111207100000001,4.133081,8.088072,8.088507,0.988904,0,0,203,0
"236",88,"F","G","F88G",8.25,4.37,2.82100439999999,4.036072,7.784197,7.785121,1.55309,0,1,203,67
"237",88,"F","H","F88H",4.17000000000002,0.829999999999984,1.5783849,2.418895,4.659453,4.659625,1.440297,0,1,203,4
"238",88,"F","I","F88I",0.939999999999998,0.670000000000016,2.06283589999998,1.52601,3.438304,3.437791,0.906886,0,1,203,1
"239",88,"F","L","F88L",3.73000000000002,2.79000000000002,0.835429099999999,2.171026,5.008503,5.008423,0.50085,0,1,203,5
"240",88,"F","K","F88K",6.19999999999999,4.03000000000003,0.187213899999961,2.952921,5.593473,5.593648,0.57406,0,0,203,0
"241",88,"F","M","F88M",-0.860000000000014,-0.110000000000014,2.28207479999998,0.95045,1.72554,1.725579,-0.05228,0,0,203,0
"242",88,"F","P","F88P",2.23000000000002,2.00999999999999,20.68534,2.007405,4.427913,4.428345,2.639192,0,1,203,9
"243",88,"F","S","F88S",7.55000000000001,5.00999999999999,0.604769999999974,3.403665,6.562621,6.56291,1.316012,0,1,203,7
"244",88,"F","T","F88T",5.5,2.56999999999999,1.17334089999997,2.60749,5.404846,5.405015,1.291101,0,1,203,6
"245",88,"F","W","F88W",-3.38999999999999,-0.399999999999977,3.5554052,-0.063437,0.738143,0.738354,-0.009106,0,1,203,13
"246",88,"F","Y","F88Y",-0.589999999999975,0.600000000000023,1.35878559999998,0.844141,1.483238,1.483467,0.635432,0,1,203,2
"247",88,"F","V","F88V",1.05000000000001,0.639999999999986,1.47607299999999,1.525436,3.277541,3.277112,1.308236,0,1,203,10
"248",106,"A","T","A106T",4.13999999999999,3.42000000000002,-1.51364510000002,-0.00518,-0.035056,-0.035053,-0.278438,0,1,138,19
"249",106,"A","F","A106F",0.180000000000007,1.09000000000003,-1.24336070000004,-0.069395,-0.251378,-0.251369,-0.445448,0,1,138,3
"250",106,"A","I","A106I",1.96000000000004,-2.19999999999999,-2.2462117,-0.01278,-0.123168,-0.123169,-0.127919,0,1,138,2
"251",106,"A","G","A106G",4.44999999999999,3.47000000000003,2.81670629999996,-0.004216,0.014,0.013998,0.249725,0,1,138,12
"252",106,"A","Q","A106Q",1.80000000000001,-0.70999999999998,-0.771159100000034,-0.009061,-0.032664,-0.032665,-0.40576,0,1,138,4
"253",106,"A","C","A106C",8.55000000000001,4.94999999999999,1.11160339999998,0.001259,-0.01422,-0.014221,-0.089565,0,1,138,6
"254",106,"A","D","A106D",4.77000000000004,3.69,-1.32729929999999,-0.021739,0.008998,0.008998,-0.135929,0,1,138,2
"255",106,"A","N","A106N",2.56,-1.29000000000002,-1.45605220000004,-0.017378,-0.068151,-0.068149,-0.089458,0,1,138,3
"256",106,"A","V","A106V",-0.680000000000007,-0.649999999999977,-1.95676180000004,-0.004993,-0.033554,-0.033557,-0.12751,0,1,138,15
"257",106,"A","Y","A106Y",-2.72999999999996,-2.20999999999998,-1.68379229999999,-0.039243,-0.214017,-0.213988,-0.441958,0,1,138,6
"258",106,"A","W","A106W",-4.99000000000001,-4.09999999999997,0.887699800000007,-0.118009,-0.288375,-0.288313,-0.517205,0,1,138,5
"259",106,"A","M","A106M",-7.13,-6.15999999999997,0.411635999999987,-0.088314,-0.349057,-0.349046,-0.286714,0,1,138,2
"260",106,"A","L","A106L",-1.64999999999998,0.740000000000009,-1.44640889999999,-0.023667,-0.170865,-0.170864,-0.122881,0,1,138,5
"261",106,"A","H","A106H",5.71000000000004,1.05000000000001,-1.11799560000003,-0.024118,-0.066759,-0.06676,-0.082299,0,1,138,9
"262",106,"A","E","A106E",0.199999999999989,-0.45999999999998,-1.75864910000001,-0.003036,-6.6e-05,-6.8e-05,-0.184941,0,1,138,8
"263",106,"A","R","A106R",-5.16999999999996,-4.88,-0.426822600000037,-0.036428,-0.277492,-0.277492,-0.636573,0,1,138,9
"264",106,"A","P","A106P",6.25,5.44,17.1894119,0.011157,-0.011223,-0.01122,1.387937,0,1,138,11
"265",106,"A","S","A106S",9.86000000000001,6.55000000000001,-1.25192190000001,0.001331,-0.000462,-0.000464,-0.16042,0,1,138,8
"266",106,"A","K","A106K",0.800000000000011,2.47000000000003,-1.55333000000002,-0.013031,-0.116226,-0.116227,-0.525087,0,0,138,0
"267",117,"D","V","D117V",-0.740000000000009,5.98000000000002,2.47361619999998,-0.824831,-3.305746,-3.805463,0.116748,0,1,159,16
"268",117,"D","Y","D117Y",0.370000000000005,6.98000000000002,-3.2423556,-1.126325,-1.332622,-1.588295,-0.326267,0,1,159,3
"269",117,"D","W","D117W",7.29000000000002,13.12,1.23407019999996,-0.818285,3.137848,3.433365,-0.178482,0,1,159,2
"270",117,"D","T","D117T",-0.240000000000009,5.30000000000001,0.204254899999967,-0.564018,-3.344838,-3.793915,0.008661,0,1,159,15
"271",117,"D","S","D117S",1.04000000000002,2.86000000000001,-1.4830642,-0.349086,-2.632491,-3.001124,-0.189784,0,1,159,12
"272",117,"D","F","D117F",-0.519999999999982,4.75,-2.63505480000003,-1.293491,-2.192974,-2.636111,-0.377866,0,1,159,8
"273",117,"D","K","D117K",4.98000000000002,10.31,-2.1449806,-0.869228,-0.478432,-0.119629,-0.182841,0,0,159,0
"274",117,"D","L","D117L",-2.71999999999997,2.73000000000002,-1.35638170000004,-1.183635,-2.654991,-3.130573,-0.134418,0,1,159,17
"275",117,"D","Q","D117Q",1.25,6.16000000000003,-1.74400640000005,-0.67776,-1.358596,-1.468011,-0.088302,0,1,159,9
"276",117,"D","C","D117C",-0.689999999999998,4.98000000000002,1.05482619999998,-0.665263,-3.022984,-3.53464,-0.184271,0,1,159,15
"277",117,"D","A","D117A",-1.39999999999998,4.03000000000003,-0.919313500000044,-0.523637,-2.195073,-2.667873,-0.077583,0,1,159,10
"278",117,"D","P","D117P",-2.69,4.91000000000003,17.6208373,-0.924664,-2.719212,-2.794054,2.965672,0,0,159,0
"279",117,"D","H","D117H",1.10000000000002,7.92000000000002,-3.30859680000003,-0.228848,-0.539962,-0.856206,0.021643,0,1,159,5
"280",117,"D","E","D117E",5.88999999999999,11.24,-2.0144962,-0.479593,-0.000421,0.023321,-0.112597,0,1,159,4
"281",117,"D","N","D117N",0.819999999999993,5.47000000000003,-2.06838340000002,-0.480712,-2.843959,-3.427609,-0.082609,0,1,159,13
"282",117,"D","M","D117M",-1.95999999999998,1.81999999999999,-0.435292000000004,-1.267955,-4.264012,-5.069534,-0.383515,0,1,159,9
"283",117,"D","I","D117I",-1.39999999999998,3.00999999999999,4.41559419999999,-1.066513,-2.961527,-3.280333,0.064772,0,1,159,7
"284",117,"D","R","D117R",1.69,2.91000000000003,-1.67866480000004,-0.615414,2.45805,3.687749,-0.278871,0,0,159,0
"285",117,"D","G","D117G",2.68000000000001,8.72000000000003,0.499266599999999,-0.718503,-2.107279,-2.309932,-0.187247,0,1,159,12
"286",119,"G","A","G119A",6.40000000000003,0.720000000000027,-1.47930050000002,0.304536,0.759533,0.840833,3.830556,0,1,204,19
"287",119,"G","R","G119R",8.53000000000003,3.63999999999999,-1.61706400000003,0.314378,0.45674,0.581909,7.599047,0,1,204,22
"288",119,"G","N","G119N",5.60000000000002,2.26999999999998,-1.73732130000002,0.652456,2.056877,2.246822,8.494518,0,1,204,5
"289",119,"G","D","G119D",7.75,2.56999999999999,-1.49882460000003,1.803598,3.842554,4.148225,9.202783,0,0,204,0
"290",119,"G","C","G119C",4.54000000000002,-0.819999999999993,0.87692149999998,0.395521,1.233449,1.396637,5.218951,0,1,204,3
"291",119,"G","Q","G119Q",4.13999999999999,1.74000000000001,-1.97860130000004,0.411764,2.201892,2.434086,7.800104,0,1,204,7
"292",119,"G","E","G119E",6.35000000000002,1.94999999999999,-2.3417834,1.53867,4.263474,4.602805,8.488228,0,1,204,6
"293",119,"G","H","G119H",2.93000000000001,-0.980000000000018,-1.86093350000004,2.899586,5.704247,5.882576,10.77818,0,1,204,5
"294",119,"G","I","G119I",3.46000000000004,-0.45999999999998,0.0593319999999835,0.977535,1.892548,2.149942,11.827086,0,1,204,1
"295",119,"G","L","G119L",12.71,5.19,-2.16665140000003,0.985918,1.753181,1.987194,8.1534,0,1,204,11
"296",119,"G","K","G119K",4.81,0.480000000000018,-2.55019420000002,0.272254,0.924374,1.134316,6.892133,0,1,204,2
"297",119,"G","M","G119M",3.85000000000002,0.949999999999989,-0.699373300000047,0.251171,1.129935,1.359379,6.61164,0,1,204,1
"298",119,"G","F","G119F",4.68000000000001,3.01999999999998,-0.420672400000001,1.421549,2.910696,3.198748,9.86253,0,1,204,1
"299",119,"G","P","G119P",2.85000000000002,-2.94,18.8560223,0.149061,1.693541,1.953147,7.951366,0,1,204,39
"300",119,"G","S","G119S",2.36000000000001,-4.62,-1.95891170000004,0.397446,1.215047,1.336714,5.83606,0,1,204,9
"301",119,"G","T","G119T",12.1,4.01999999999998,-1.22649460000002,0.906928,1.887143,2.118205,9.417406,0,1,204,7
"302",119,"G","W","G119W",3.68000000000001,1.34000000000003,1.57802149999998,1.625408,3.56572,3.886243,11.723528,0,1,204,3
"303",119,"G","Y","G119Y",13.1,6.50999999999999,-1.06240830000002,1.039552,2.693262,2.98714,9.966362,0,1,204,2
"304",119,"G","V","G119V",2.81,-1.45999999999998,0.709835499999997,0.295984,1.560682,1.783983,9.619024,0,1,204,8
"305",123,"V","H","V123H",31.85,20.29,40.1340431,0.059176,0.003187,-0.009044,6.191339,0,0,161,0
"306",123,"V","A","V123A",75.15,51.1,4.87367069999999,0.074396,0.131094,0.141733,2.486527,0,1,161,11
"307",123,"V","L","V123L",5.27000000000004,7.19999999999999,13.1432242,-0.011442,-0.069774,-0.076712,1.328314,0,1,161,37
"308",123,"V","I","V123I",3.81999999999999,3.19,6.21575889999997,-0.016373,-0.106607,-0.098121,-0.614643,0,1,161,32
"309",123,"V","M","V123M",11.35,13.23,28.5539115,0.055474,0.061129,0.070284,0.85536,0,0,161,0
"310",123,"V","P","V123P",23.37,22.9,35.8312417,0.041439,0.204065,0.206464,4.666029,0,0,161,0
"311",123,"V","Y","V123Y",89.51,66.88,120.6117329,0.064734,0.115404,0.115402,8.260723,0,0,161,0
"312",123,"V","R","V123R",42.85,27.77,47.6952369,0.579732,0.366886,0.434671,8.053877,0,0,161,0
"313",123,"V","N","V123N",9.05000000000001,4.19,6.56603459999997,-0.04482,-0.154361,-0.14623,3.511737,0,1,161,2
"314",123,"V","D","V123D",-72.03,11.91,9.45374069999997,-0.237667,-0.760663,-0.855151,4.802621,0,0,161,0
"315",123,"V","C","V123C",8.38999999999999,10.05,4.37417639999995,0.072679,0.079813,0.085202,1.769808,0,1,161,11
"316",123,"V","Q","V123Q",7.54000000000002,4.42000000000002,16.0393054,0.062561,0.104639,0.111822,3.795098,0,0,161,0
"317",123,"V","E","V123E",10.09,6.67000000000002,14.0569197,-0.014143,-0.159309,-0.209426,4.309518,0,0,161,0
"318",123,"V","G","V123G",17.65,10,10.1437006,0.092241,0.139691,0.142983,3.928454,0,1,161,9
"319",123,"V","K","V123K",32.71,29.77,39.4219472,0.187271,0.159248,0.167699,5.510379,0,0,161,0
"320",123,"V","F","V123F",68.85,44.76,101.9622781,0.09434,0.05364,0.046338,6.615148,0,0,161,0
"321",123,"V","S","V123S",9.75999999999999,8.63,5.6218571,0.048265,0.060049,0.064753,2.618646,0,1,161,25
"322",123,"V","T","V123T",6.71000000000004,8.00999999999999,3.62296809999998,0.050478,0.078081,0.080147,1.19009,0,1,161,13
"323",123,"V","W","V123W",139.73,110.71,378.18816194,0.437455,0.503532,0.499377,16.491008,0,0,161,0
"324",125,"D","A","D125A",4.78000000000003,1,8.66039999999998,2.721612,4.241364,4.410143,1.671311,0,0,89,0
"325",125,"D","R","D125R",36.19,15.53,22.4471162,4.057361,8.626542,9.141989,3.406639,0,0,89,0
"326",125,"D","N","D125N",-7.44999999999999,-9.13,10.1718762,1.426372,2.32557,2.514564,1.555628,0,0,89,0
"327",125,"D","C","D125C",2.52000000000004,0.910000000000025,11.215339,2.442315,3.869328,4.020211,1.364656,0,0,89,0
"328",125,"D","Q","D125Q",6.42000000000002,5.85000000000002,15.4267164,2.551237,3.977525,4.107629,3.193237,0,0,89,0
"329",125,"D","E","D125E",-17.08,-18.19,11.2026033,1.112877,1.2846,1.235267,2.554691,0,0,89,0
"330",125,"D","G","D125G",6.11000000000001,3.35000000000002,11.6388383,2.728756,4.346749,4.448147,2.014573,0,0,89,0
"331",125,"D","H","D125H",2.43000000000001,-6.77999999999997,11.2276103,2.454024,4.764293,4.955609,3.061404,0,0,89,0
"332",125,"D","I","D125I",4.47000000000003,6.88999999999999,18.5598574,2.503914,4.287533,4.530894,2.225672,0,0,89,0
"333",125,"D","L","D125L",7.42000000000002,9.13,60.3790883,2.7328,4.57837,4.80594,2.579359,0,0,89,0
"334",125,"D","K","D125K",2.50999999999999,2.15000000000003,25.2389709,3.54495,6.666682,6.898692,2.66811,0,0,89,0
"335",125,"D","M","D125M",5.99000000000001,9.10000000000002,14.8604297,2.478244,4.092483,4.27086,1.34113,0,0,89,0
"336",125,"D","F","D125F",12.87,11.82,305.29630765,2.917475,5.233081,5.324677,0.698555,0,0,89,0
"337",125,"D","P","D125P",12.88,11.11,119.0117135,2.923766,4.576932,4.778769,4.416913,0,0,89,0
"338",125,"D","S","D125S",3.69,3.03000000000003,9.29233369999997,2.409756,3.643954,3.775389,1.328111,0,0,89,0
"339",125,"D","T","D125T",1.02000000000004,-7.38999999999999,14.6579184,2.448515,3.80746,3.967982,2.292121,0,0,89,0
"340",125,"D","W","D125W",2.75,1.03000000000003,12.5464443,3.060193,5.161536,5.276949,2.625651,0,0,89,0
"341",125,"D","Y","D125Y",12.94,5.19,9.63946239999996,3.09722,5.443842,5.524139,1.135885,0,0,89,0
"342",125,"D","V","D125V",-1.64999999999998,-7.81,18.5876994,2.604625,4.194156,4.394863,1.488852,0,0,89,0
"343",128,"T","A","T128A",-2.64999999999998,0.0300000000000296,-0.938218699999993,0.849695,1.255589,1.440389,0.186537,0,1,122,9
"344",128,"T","R","T128R",-0.0299999999999727,3.41000000000003,-0.787052800000026,0.568158,2.325383,2.758097,-0.496946,0,0,122,0
"345",128,"T","N","T128N",-2.24000000000001,0.850000000000023,-1.605254,0.509264,1.193733,1.531723,0.077748,0,1,122,15
"346",128,"T","D","T128D",-0.149999999999977,2.65000000000003,-0.459281900000008,0.806226,1.86053,2.194957,0.103587,0,0,122,0
"347",128,"T","C","T128C",-3.38,-1.29000000000002,-0.752370799999994,0.451231,0.346652,0.323558,-0.052696,0,1,122,10
"348",128,"T","Q","T128Q",-1.12,1.63,-1.58066380000002,0.613983,1.368994,1.578735,-0.294271,0,0,122,0
"349",128,"T","E","T128E",-1.12,1.63999999999999,-2.35664389999999,1.021513,1.570848,1.607726,-0.498122,0,0,122,0
"350",128,"T","G","T128G",0.879999999999995,3.50999999999999,1.47171739999999,1.259447,3.066634,3.733642,0.686007,0,0,122,0
"351",128,"T","H","T128H",-0.919999999999959,2.41000000000003,-1.11722500000002,0.77483,4.960818,5.96762,0.036281,0,0,122,0
"352",128,"T","I","T128I",-5.75,-2.94,-2.45686410000002,-0.611986,-1.782208,-2.569355,-0.79752,0,0,122,0
"353",128,"T","L","T128L",-4.69,-1.76999999999998,-0.362702500000012,-0.315567,-1.161017,-1.743974,-1.089947,0,0,122,0
"354",128,"T","K","T128K",-1.24000000000001,1.34000000000003,-1.88451850000001,0.339624,1.534561,1.663392,-0.723677,0,0,122,0
"355",128,"T","M","T128M",-4.96999999999997,-1.92000000000002,-2.38518620000002,-0.737247,-1.62862,-2.108293,-1.260556,0,0,122,0
"356",128,"T","F","T128F",-0.259999999999991,2.66000000000003,-1.1742701,0.276784,2.773756,3.236655,-0.53614,0,0,122,0
"357",128,"T","P","T128P",-3.45999999999998,-1.46999999999997,-1.58282320000001,0.342292,0.189483,-0.180378,-0.688623,0,0,122,0
"358",128,"T","S","T128S",-0.779999999999973,2.04000000000002,-1.82216650000004,1.045871,1.827342,2.406943,0.405298,0,1,122,34
"359",128,"T","W","T128W",1.63999999999999,4.37,-2.73390840000002,0.152564,4.517904,5.444647,-0.606987,0,0,122,0
"360",128,"T","Y","T128Y",2.11000000000001,3.94,-1.78772190000001,0.509973,4.736378,5.297408,-0.457368,0,0,122,0
"361",128,"T","V","T128V",-5.56999999999999,-2.70999999999998,-2.542824,-0.252174,-1.591656,-2.310195,-0.257974,0,1,122,21
"362",129,"I","A","I129A",10.82,11.93,8.10234179999998,0.171624,0.162592,0.180332,4.262193,0,1,124,38
"363",129,"I","R","I129R",32.18,13.53,25.7163066,0.211389,0.866411,0.929191,6.671654,0,0,124,0
"364",129,"I","N","I129N",8.55000000000001,10.53,8.8591113,0.095592,0.062097,0.054381,3.815556,0,0,124,0
"365",129,"I","D","I129D",15.5,12.01,11.2433995,0.180054,0.201152,0.193622,4.866404,0,0,124,0
"366",129,"I","C","I129C",12.41,10.93,6.49275919999997,0.117119,0.08589,0.086632,3.271492,0,1,124,6
"367",129,"I","Q","I129Q",8.36000000000001,3.30000000000001,9.68391529999997,0.066106,0.074436,0.061592,3.075326,0,0,124,0
"368",129,"I","E","I129E",11.91,9.5,10.9484262,0.100236,0.107393,0.103092,4.470881,0,0,124,0
"369",129,"I","G","I129G",19.51,10.29,13.3231298,0.227472,0.23938,0.273184,5.893029,0,0,124,0
"370",129,"I","H","I129H",23.26,20.67,28.6905523,0.187113,0.155978,0.169508,3.951201,0,1,124,1
"371",129,"I","L","I129L",4.44,5.17000000000002,6.31772239999998,0.037084,0.012206,0.017753,0.478432,0,1,124,30
"372",129,"I","K","I129K",16.03,19.16,21.3592705,0.073296,0.374215,0.384444,4.581279,0,0,124,0
"373",129,"I","M","I129M",14.96,10.45,4.4821164,0.021177,0.076102,0.087819,0.304176,0,1,124,1
"374",129,"I","F","I129F",66.83,64.5,79.4128802,0.679951,0.733348,0.762236,3.076933,0,1,124,2
"375",129,"I","P","I129P",17.79,15.87,34.8506991,0.195029,0.283333,0.417342,7.191202,0,0,124,0
"376",129,"I","S","I129S",15.61,4.17000000000002,8.40754149999998,0.126779,0.115629,0.107932,4.823677,0,1,124,13
"377",129,"I","T","I129T",11.13,6.49000000000001,5.31670320000001,0.066184,0.048397,0.041808,3.347604,0,1,124,13
"378",129,"I","W","I129W",103.86,72.48,136.6245295,0.521319,1.321444,1.362226,8.297274,0,0,124,0
"379",129,"I","Y","I129Y",109.62,64.22,105.5778545,0.664696,1.034127,1.075095,5.238801,0,0,124,0
"380",129,"I","V","I129V",5.71000000000004,3.86000000000001,1.09649089999999,0.026064,0.047217,0.052623,1.107036,0,1,124,17
"381",148,"S","A","S148A",-17.23,-10.87,-1.23385260000003,0.602111,0.802305,0.798544,-0.164227,0,1,107,35
"382",148,"S","R","S148R",11.08,-0.370000000000005,16.689734,3.208948,5.364757,5.343096,4.57261,0,0,107,0
"383",148,"S","N","S148N",1.92000000000002,-3.49000000000001,20.8220263,3.20411,5.269821,5.256516,3.106566,0,0,107,0
"384",148,"S","D","S148D",-2.02999999999997,-6.25,22.1848915,2.010337,3.299442,3.296253,4.376245,0,1,107,7
"385",148,"S","C","S148C",-17.87,-11.65,7.91765419999996,0.858507,1.486437,1.476039,0.684378,0,1,107,12
"386",148,"S","Q","S148Q",2.75,-2.46999999999997,17.788709,2.26829,4.182421,4.168916,4.471147,0,0,107,0
"387",148,"S","E","S148E",-2.14999999999998,-6.07999999999998,30.2263401,1.910992,3.039355,3.029829,4.34519,0,0,107,0
"388",148,"S","G","S148G",-17.8099999999999,-12.62,1.77715810000001,0.766101,0.834037,0.824021,0.277369,0,1,107,15
"389",148,"S","H","S148H",22.53,6.19,9.83977189999996,11.18238,18.316533,18.306278,7.892337,0,0,107,0
"390",148,"S","I","S148I",-2.38999999999999,-6.37,10.9970659,1.840943,2.882572,2.864157,6.838776,0,0,107,0
"391",148,"S","L","S148L",12.5,1.41000000000003,58.4063742,3.84557,7.179265,7.17243,5.178543,0,1,107,14
"392",148,"S","K","S148K",7.71000000000004,-0.46999999999997,21.0293164,2.873046,4.205479,4.182266,4.081828,0,0,107,0
"393",148,"S","M","S148M",2.92000000000002,-2.15999999999997,19.3374212,2.111918,3.054247,3.045355,2.50666,0,1,107,1
"394",148,"S","F","S148F",13.31,2.78000000000003,56.9129742,5.594505,11.383851,11.367889,7.066829,0,0,107,0
"395",148,"S","P","S148P",-6.94999999999999,-8.06999999999999,97.5062251,1.021605,1.487845,1.481175,8.730094,0,0,107,0
"396",148,"S","T","S148T",-8.94999999999993,-8.88,2.92696530000001,1.242847,1.944951,1.942309,4.575213,0,1,107,12
"397",148,"S","W","S148W",12.51,1.79000000000002,18.9643372,6.436542,12.055995,12.033092,9.513721,0,0,107,0
"398",148,"S","Y","S148Y",12.36,-0.110000000000014,10.8729278,4.823794,10.938496,10.927448,7.832499,0,0,107,0
"399",148,"S","V","S148V",-6.96999999999997,-7.51999999999998,10.5439761,1.612037,2.98906,2.978642,4.959451,0,0,107,0
"400",3,"Q","Q","Q3Q",0,0,0,0,0,0,0,1,1,91,55
"401",4,"T","T","T4T",0,0,0,0,0,0,0,1,1,161,5
"402",8,"R","R","R8R",0,0,0,0,0,0,0,1,1,177,23
"403",11,"S","S","S11S",0,0,0,0,0,0,0,1,1,126,36
"404",15,"S","S","S15S",0,0,0,0,0,0,0,1,1,160,57
"405",41,"T","T","T41T",0,0,0,0,0,0,0,1,1,107,21
"406",43,"Y","Y","Y43Y",0,0,0,0,0,0,0,1,1,166,7
"407",45,"D","D","D45D",0,0,0,0,0,0,0,1,1,165,8
"408",72,"V","V","V72V",0,0,0,0,0,0,0,1,1,111,55
"409",74,"S","S","S74S",0,0,0,0,0,0,0,1,1,160,100
"410",80,"A","A","A80A",0,0,0,0,0,0,0,1,1,122,26
"411",81,"F","F","F81F",0,0,0,0,0,0,0,1,1,89,5
"412",88,"F","F","F88F",0,0,0,0,0,0,0,1,1,203,1
"413",106,"A","A","A106A",0,0,0,0,0,0,0,1,1,138,9
"414",117,"D","D","D117D",0,0,0,0,0,0,0,1,1,159,2
"415",119,"G","G","G119G",0,0,0,0,0,0,0,1,1,204,53
"416",123,"V","V","V123V",0,0,0,0,0,0,0,1,1,161,21
"417",125,"D","D","D125D",0,0,0,0,0,0,0,1,1,89,89
"418",128,"T","T","T128T",0,0,0,0,0,0,0,1,1,122,33
"419",129,"I","I","I129I",0,0,0,0,0,0,0,1,1,124,3
"420",148,"S","S","S148S",0,0,0,0,0,0,0,1,1,107,11
