,run.date,plate.pos,sample.names,codon,aa
1,2018-01-24,A01,G15-51,ACG,T
2,2018-01-24,A03,G15-67,GCT,A
3,2018-01-24,A05,G15-83,TCT,S
4,2018-01-24,A07,G15-99,TCT,S
5,2018-01-24,A02,G15-59,GCG,A
6,2018-01-24,A04,G15-75,TCG,S
7,2018-01-24,A06,G15-91,ACG,T
8,2018-01-24,B01,G15-52,ACT,T
9,2018-01-24,B03,G15-68,TCG,S
10,2018-01-24,B05,G15-84,NA,NA
11,2018-01-24,B07,G15-100,ACG,T
12,2018-01-24,B02,G15-60,TCG,S
13,2018-01-24,B04,G15-76,TCG,S
14,2018-01-24,B06,G15-92,GCG,A
15,2018-01-24,C01,G15-53,GCT,A
16,2018-01-24,C03,G15-69,ACG,T
17,2018-01-24,C05,G15-85,TCG,S
18,2018-01-24,C02,G15-61,GCG,A
19,2018-01-24,C04,G15-77,NA,NA
20,2018-01-24,C06,G15-93,TCT,S
21,2018-01-24,D01,G15-54,GCT,A
22,2018-01-24,D03,G15-70,ACG,T
23,2018-01-24,D05,G15-86,TCG,S
24,2018-01-24,D02,G15-62,ACG,T
25,2018-01-24,D04,G15-78,AGT,S
26,2018-01-24,D06,G15-94,AGT,S
27,2018-01-24,E01,G15-55,het,NA
28,2018-01-24,E03,G15-71,GCG,A
29,2018-01-24,E05,G15-87,TCG,S
30,2018-01-24,E02,G15-63,TCG,S
31,2018-01-24,E04,G15-79,TCT,S
32,2018-01-24,E06,G15-95,TCG,S
33,2018-01-24,F01,G15-56,ACT,T
34,2018-01-24,F03,G15-72,NA,NA
35,2018-01-24,F05,G15-88,GCG,A
36,2018-01-24,F02,G15-64,ACG,T
37,2018-01-24,F04,G15-80,GCG,A
38,2018-01-24,F06,G15-96,GCT,A
39,2018-01-24,G01,G15-57,GCG,A
40,2018-01-24,G03,G15-73,het,NA
41,2018-01-24,G05,G15-89,GCG,A
42,2018-01-24,G02,G15-65,GCG,A
43,2018-01-24,G04,G15-81,GCT,A
44,2018-01-24,G06,G15-97,AGT,S
45,2018-01-24,H01,G15-58,GCG,A
46,2018-01-24,H03,G15-74,GCG,A
47,2018-01-24,H05,G15-90,GCG,A
48,2018-01-24,H02,G15-66,TCG,S
49,2018-01-24,H04,G15-82,GCT,A
50,2018-01-24,H06,G15-98,het,NA
51,00000357,A01,G15-1,TCG,S
52,00000357,B02,G15-10,TCT,S
53,00000357,C02,G15-11,NA,NA
54,00000357,D02,G15-12,TCG,S
55,00000357,E02,G15-13,GCG,A
56,00000357,F02,G15-14,TCT,S
57,00000357,G02,G15-15,GCG,A
58,00000357,H02,G15-16,GCG,A
59,00000357,A03,G15-17,ACT,T
60,00000357,B03,G15-18,TCG,S
61,00000357,C03,G15-19,TCG,S
62,00000357,B01,G15-2,TCT,S
63,00000357,D03,G15-20,GCG,A
64,00000357,E03,G15-21,ACG,T
65,00000357,F03,G15-22,ACT,T
66,00000357,G03,G15-23,TCT,S
67,00000357,H03,G15-24,AGT,S
68,00000357,A04,G15-25,ACT,T
69,00000357,B04,G15-26,TCT,S
70,00000357,C04,G15-27,GCT,A
71,00000357,D04,G15-28,GCG,A
72,00000357,E04,G15-29,GCG,A
73,00000357,C01,G15-3,GCG,A
74,00000357,F04,G15-30,GCG,A
75,00000357,G04,G15-31,TCG,S
76,00000357,H04,G15-32,GCG,A
77,00000357,A05,G15-33,GCT,A
78,00000357,B05,G15-34,GCG,A
79,00000357,C05,G15-35,NA,NA
80,00000357,D05,G15-36,GCT,A
81,00000357,E05,G15-37,GCG,A
82,00000357,F05,G15-38,TCG,S
83,00000357,G05,G15-39,GCG,A
84,00000357,D01,G15-4,NA,NA
85,00000357,H05,G15-40,AGT,S
86,00000357,A06,G15-41,GCT,A
87,00000357,B06,G15-42,GCG,A
88,00000357,C06,G15-43,GCT,A
89,00000357,D06,G15-44,TCG,S
90,00000357,E06,G15-45,GCT,A
91,00000357,F06,G15-46,TCG,S
92,00000357,G06,G15-47,GCG,A
93,00000357,H06,G15-48,GCG,A
94,00000357,A07,G15-49,GCT,A
95,00000357,E01,G15-5,GCG,A
96,00000357,B07,G15-50,AGT,S
97,00000357,F01,G15-6,GCG,A
98,00000357,G01,G15-7,TCG,S
99,00000357,H01,G15-8,TCT,S
100,00000357,A02,G15-9,TCG,S
