M1A,-0.453876,0.350908191
M1R,-0.431962,0.389338425
M1N,-0.328138,0.373534818
M1D,-0.253454,0.352141473
M1C,-0.426002,0.315652612
M1Q,-0.28334,0.263739722
M1E,-0.137822,0.335955389
M1G,-0.530494,0.432499681
M1H,-0.074548,0.364353372
M1I,-0.032936,0.346790075
M1L,-0.036744,0.228298721
M1K,-0.326756,0.289709332
M1F,0.118206,0.496996086
M1P,-0.316242,0.536616829
M1S,-0.472968,0.357069723
M1T,-0.300068,0.364415931
M1W,0.337118,0.499283936
M1Y,0.450358,0.778177508
M1V,-0.146302,0.310212763
F2A,4.46502,1.081462654
F2R,-0.675668,2.037042446
F2N,4.772196,1.089346896
F2D,6.385914,1.527725542
F2C,4.041494,1.152476936
F2Q,3.673818,1.401410419
F2E,5.82126,1.20509862
F2G,5.487362,1.15699775
F2H,2.655342,1.115378263
F2I,2.645466,1.299288378
F2L,0.701438,1.029605299
F2K,2.94077,1.449661152
F2M,1.214672,1.215428903
F2P,4.603618,1.113249654
F2S,4.717348,1.316213084
F2T,5.226296,1.14632036
F2W,-0.29841,0.835897191
F2Y,-0.918828,1.265217062
F2V,2.926234,1.193553355
Q3A,0.1241,0.283846967
Q3R,0.369694,0.606001916
Q3N,0.1917,0.254471175
Q3D,0.566886,0.30119839
Q3C,0.156056,0.310274453
Q3E,0.353292,0.259992095
Q3G,0.141164,0.293126975
Q3H,0.264034,0.390592705
Q3I,0.213706,0.298950851
Q3L,0.221002,0.222226915
Q3K,0.168538,0.462308101
Q3M,0.179708,0.2174181
Q3F,0.187416,0.390612874
Q3P,-0.087844,0.644491139
Q3S,0.216838,0.385493855
Q3T,0.26506,0.347687281
Q3W,0.135384,0.625841308
Q3Y,0.135638,0.588067808
Q3V,0.203314,0.290976888
T4A,-0.204998,0.514904953
T4R,-5.230556,1.336533854
T4N,0.090218,0.388478234
T4D,2.736796,0.6827938
T4C,-0.002634,0.41448126
T4Q,0.132888,0.537292156
T4E,2.14241,0.828650646
T4G,-0.457408,0.560262304
T4H,0.162216,0.711966357
T4I,0.41321,0.497804926
T4L,0.112954,0.55891208
T4K,-2.758596,0.885911166
T4M,-0.06467,0.525272844
T4F,-0.054024,0.659916839
T4P,-0.128232,0.560015475
T4S,-0.228364,0.436740296
T4W,-0.685502,0.784461913
T4Y,-0.066802,0.625970474
T4V,0.319918,0.471943281
F5A,2.279336,0.624763719
F5R,0.539156,1.306171388
F5N,1.97823,0.697801805
F5D,2.37484,1.036772126
F5C,2.238742,0.730232931
F5Q,1.823904,0.915549672
F5E,2.293258,1.018371466
F5G,4.075732,0.845775849
F5H,1.355798,0.835249933
F5I,0.956096,0.765430493
F5L,0.960218,0.677830795
F5K,0.427642,1.195853735
F5M,1.427764,0.676752699
F5P,0.04042,1.397322397
F5S,3.008062,0.82773517
F5T,3.51966,1.065848444
F5W,0.165786,1.287276447
F5Y,0.085478,0.671014521
F5V,0.175182,0.958597449
I6A,2.891176,0.890736522
I6R,-6.814182,1.79136837
I6N,2.68843,1.122816253
I6D,7.395152,1.277439992
I6C,2.156452,0.981794396
I6Q,3.032166,0.962327211
I6E,6.857206,1.26620659
I6G,4.041724,1.142691828
I6H,2.76094,1.679118102
I6L,-0.103854,1.047938631
I6K,-2.661328,1.328406859
I6M,-0.842072,0.970762714
I6F,2.5064,1.352279289
I6P,2.546194,1.034533147
I6S,3.705722,0.897264583
I6T,2.43854,0.969257119
I6W,2.37825,1.623936369
I6Y,2.91745,1.47815333
I6V,0.792526,0.87996493
S7A,-0.054492,0.219528595
S7R,-0.17501,0.385613117
S7N,-0.067038,0.27601599
S7D,0.147354,0.199874661
S7C,-0.060166,0.174654059
S7Q,0.003184,0.303041136
S7E,0.112708,0.240725502
S7G,-0.056994,0.176318063
S7H,0.028176,0.281390012
S7I,0.06276,0.327002039
S7L,0.02455,0.339837341
S7K,0.016216,0.363603253
S7M,0.03574,0.247809152
S7F,0.01744,0.355564094
S7P,0.366926,0.326416343
S7T,0.022558,0.287038749
S7W,-0.034586,0.406562641
S7Y,0.043382,0.371194013
S7V,0.026526,0.240360587
R8A,0.604326,0.336623012
R8N,0.65849,0.281387971
R8D,1.130494,0.330965137
R8C,0.627008,0.301533384
R8Q,0.649528,0.281130248
R8E,1.034406,0.349791362
R8G,0.582968,0.306517429
R8H,0.470658,0.288958299
R8I,0.646868,0.312797569
R8L,0.712346,0.270599704
R8K,0.299722,0.264323424
R8M,0.708394,0.259147872
R8F,0.803502,0.277569232
R8P,0.538936,0.340266646
R8S,0.598006,0.323734813
R8T,0.633336,0.287289968
R8W,0.788876,0.27383842
R8Y,0.777496,0.252519317
R8V,0.648532,0.287549553
H9A,-0.008922,0.055192616
H9R,-0.01713,0.12460296
H9N,0.001632,0.019967498
H9D,0.020912,0.095644834
H9C,-0.000582,0.040111633
H9Q,0.00114,0.023061483
H9E,0.020116,0.10007009
H9G,-0.018016,0.064623823
H9I,-0.0007,0.115854224
H9L,0.00198,0.070499691
H9K,-0.02986,0.084041687
H9M,-0.001548,0.020082642
H9F,-0.016278,0.081421023
H9P,-0.026672,0.167916718
H9S,-0.004468,0.066817924
H9T,-0.011246,0.09893262
H9W,0.000514,0.051868808
H9Y,-0.016184,0.096786
H9V,0.005426,0.114086989
N10A,0.069122,0.260204497
N10R,0.57258,0.547516356
N10D,-0.157328,0.248154032
N10C,0.00358,0.238304389
N10Q,-0.00382,0.32199742
N10E,-0.171722,0.298990711
N10G,0.07293,0.23768354
N10H,0.131196,0.34014393
N10I,-0.007626,0.294810443
N10L,0.0449,0.321484298
N10K,0.2976,0.461427362
N10M,-0.001874,0.379453257
N10F,0.09076,0.373089174
N10P,0.067282,0.277679012
N10S,0.044586,0.281960781
N10T,0.035574,0.243676283
N10W,0.111496,0.451043201
N10Y,0.22675,0.469302679
N10V,0.024134,0.28358932
S11A,0.00058,0.002922533
S11R,-0.016348,0.094311033
S11N,0.000174,0.001234149
S11D,-0.004344,0.060098177
S11C,0.000108,0.001050874
S11Q,-0.004708,0.029979512
S11E,0.00629,0.032209211
S11G,-0.000216,0.001556581
S11H,-0.000284,0.00871262
S11I,0.00018,0.006079638
S11L,-0.004966,0.046173692
S11K,0.006612,0.055881874
S11M,-0.00401,0.031564171
S11F,0.00506,0.064023521
S11P,0.007784,0.04877078
S11T,0.000232,0.00301592
S11W,0.004938,0.113679321
S11Y,-0.008024,0.10794737
S11V,0.004824,0.037021894
N12A,0.010028,0.054926682
N12R,-0.18316,0.133001486
N12D,0.023038,0.050853184
N12C,0.001108,0.004111002
N12Q,0.003798,0.013727964
N12E,0.000952,0.098347108
N12G,0.010298,0.07640983
N12H,-0.00238,0.093757841
N12I,0.002594,0.011905989
N12L,0.007302,0.054614725
N12K,-0.051094,0.051863361
N12M,-0.004838,0.042118831
N12F,-0.008258,0.104437733
N12P,0.010628,0.076132448
N12S,0.000896,0.009322145
N12T,0.00075,0.004986632
N12W,0.023944,0.128276735
N12Y,0.020016,0.201091906
N12V,-0.000312,0.010883926
F13A,-0.005754,0.209644295
F13R,-0.208134,0.303854673
F13N,-0.017648,0.243168385
F13D,-0.037562,0.288195055
F13C,0.013204,0.257186746
F13Q,-0.021936,0.21195793
F13E,-0.006586,0.252673623
F13G,-0.028916,0.246457104
F13H,0.005588,0.194784741
F13I,0.03369,0.203695102
F13L,0.027986,0.171317049
F13K,-0.115728,0.258227185
F13M,0.036952,0.153303083
F13P,-0.03357,0.259113592
F13S,-0.024244,0.221947245
F13T,0.03266,0.273225937
F13W,0.026586,0.252166336
F13Y,0.042208,0.22056409
F13V,0.041364,0.261555173
F14A,0.002398,0.027510053
F14R,-0.034218,0.042171804
F14N,0.000402,0.006111317
F14D,0.00687,0.016429623
F14C,-0.002802,0.004998659
F14Q,-0.001212,0.003366282
F14E,0.013608,0.020398989
F14G,0.002104,0.027901828
F14H,-0.012466,0.027945702
F14I,-0.001184,0.005181674
F14L,-0.004766,0.028333956
F14K,-0.023514,0.020770065
F14M,0.000584,0.004001318
F14P,0.00339,0.025817252
F14S,0.001792,0.027155713
F14T,-0.00583,0.029075662
F14W,-0.003502,0.029312403
F14Y,0.0005,0.002726243
F14V,-0.001356,0.00680124
S15A,-7.20E-17,0.000220907
S15R,-0.000366,0.006411696
S15N,-6.20E-05,0.000512987
S15D,0.000268,0.001850237
S15C,4.00E-06,0.000126428
S15Q,-0.00025,0.001797582
S15E,0.00109,0.00360806
S15G,1.80E-05,0.000122784
S15H,0.000122,0.000625553
S15I,6.20E-05,0.000229687
S15L,-2.00E-05,0.000218174
S15K,0.000338,0.00232765
S15M,-6.80E-05,0.000595799
S15F,-0.000644,0.004918502
S15P,-0.000144,0.002079919
S15T,-5.20E-05,0.00051662
S15W,0.000736,0.005142986
S15Y,-0.000736,0.003661462
S15V,2.80E-05,0.000137171
D16A,-0.000576,0.003734732
D16R,-0.00162,0.004698212
D16N,-1.80E-05,0.002657419
D16C,-0.001196,0.005720243
D16Q,-0.000804,0.003334904
D16E,-0.001212,0.004442596
D16G,-0.00021,0.002221734
D16H,-0.001744,0.007399058
D16I,-0.000404,0.003043219
D16L,-0.000786,0.004601913
D16K,-0.00127,0.005087878
D16M,-0.00097,0.006576785
D16F,-0.001464,0.00530693
D16P,-0.00041,0.001386542
D16S,-0.000404,0.003491702
D16T,-0.000796,0.004837642
D16W,-0.00271,0.00814838
D16Y,-0.001356,0.005469887
D16V,-1.80E-05,0.003286682
K17A,0,0
K17R,0,0
K17N,0,0
K17D,5.80E-05,0.000435013
K17C,0,0
K17Q,0,0
K17E,-2.00E-06,1.40E-05
K17G,0,0
K17H,0,0
K17I,0,0
K17L,0,0
K17M,-2.00E-06,1.40E-05
K17F,0,0
K17P,0.000102,0.000438402
K17S,0,0
K17T,0,0
K17W,0,0
K17Y,0,0
K17V,0,0
L18A,0,0
L18R,4.20E-05,0.000294
L18N,-0.000114,0.000798
L18D,-0.000122,0.000854
L18C,0,0
L18Q,0,0
L18E,0,0
L18G,0,0
L18H,-0.000224,0.001568
L18I,-0.000158,0.001106
L18K,0,0
L18M,0,0
L18F,-0.000116,0.000855888
L18P,-0.000692,0.004844
L18S,-1.20E-05,8.40E-05
L18T,0,0
L18W,4.60E-05,0.000399605
L18Y,-0.000178,0.001599661
L18V,-0.00014,0.00098
V19A,0,0
V19R,-4.20E-05,0.000339464
V19N,0.000178,0.001246
V19D,0,0
V19C,0,0
V19Q,0,0
V19E,0,0
V19G,0,0
V19H,0,0
V19I,0,0
V19L,0,0
V19K,0,0
V19M,0,0
V19F,-0.000168,0.001176
V19P,0.00011,0.001164174
V19S,0,0
V19T,0,0
V19W,0,0
V19Y,6.20E-05,0.000434
L20A,0,0
L20R,0,0
L20N,0,0
L20D,0,0
L20C,0,0
L20Q,-0.000224,0.001568
L20E,0,0
L20G,-0.000134,0.000938
L20H,-8.00E-06,5.60E-05
L20I,0,0
L20K,0,0
L20M,0,0
L20F,0,0
L20P,0,0
L20S,0,0
L20T,0,0
L20W,0,0
L20Y,0,0
L20V,0,0
T21A,0,0
T21R,0,0
T21N,0,0
T21D,0,0
T21C,0,0
T21Q,0,0
T21E,0,0
T21G,0,0
T21H,0,0
T21I,0,0
T21L,0,0
T21K,0,0
T21M,0,0
T21F,0,0
T21P,0,0
T21S,0,0
T21W,0,0
T21Y,0,0
T21V,0,0
S22A,0,0
S22R,0,0
S22N,0,0
S22D,0,0
S22C,0,0
S22Q,0,0
S22E,0,0
S22G,0,0
S22H,0,0
S22I,0,0
S22L,0,0
S22K,0,0
S22M,0,0
S22F,0,0
S22P,0,0
S22T,0,0
S22W,0,0
S22Y,0,0
S22V,0,0
V23A,0,0
V23R,0,0
V23N,0,0
V23D,0,0
V23C,0,0
V23Q,0,0
V23E,0,0
V23G,0,0
V23H,0,0
V23I,0,0
V23L,0,0
V23K,0,0
V23M,0,0
V23F,0,0
V23P,0,0
V23S,0,0
V23T,0,0
V23W,0,0
V23Y,-0.000682,0.004774
T24A,0,0
T24R,0,0
T24N,0,0
T24D,0,0
T24C,0,0
T24Q,0,0
T24E,0,0
T24G,0,0
T24H,0,0
T24I,0,0
T24L,0,0
T24K,0,0
T24M,0,0
T24F,0,0
T24P,0,0
T24S,0,0
T24W,0,0
T24Y,0,0
T24V,0,0
P25A,0,0
P25R,0,0
P25N,0,0
P25D,0,0
P25C,0,0
P25Q,0,0
P25E,0,0
P25G,0,0
P25H,0,0
P25I,0,0
P25L,0,0
P25K,0,0
P25M,0,0
P25F,0,0
P25S,0,0
P25T,0,0
P25W,0,0
P25Y,0,0
P25V,0,0
A26R,0,0
A26N,0,0
A26D,0,0
A26C,0,0
A26Q,0,0
A26E,0,0
A26G,0,0
A26H,0,0
A26I,0,0
A26L,0,0
A26K,0,0
A26M,0,0
A26F,0,0
A26P,0,0
A26S,0,0
A26T,0,0
A26W,0,0
A26Y,0,0
A26V,0,0
S27A,0,0
S27R,0,0
S27N,0,0
S27D,0,0
S27C,0,0
S27Q,0,0
S27E,0,0
S27G,0,0
S27H,0,0
S27I,0,0
S27L,0,0
S27K,0,0
S27M,0,0
S27F,0,0
S27P,0,0
S27T,0,0
S27W,0,0
S27Y,0,0
S27V,0,0
S28A,0,0
S28R,0,0
S28N,0,0
S28D,0,0
S28C,0,0
S28Q,0,0
S28E,0,0
S28G,0,0
S28H,0,0
S28I,0,0
S28L,0,0
S28K,0,0
S28M,0,0
S28F,0,0
S28P,0,0
S28T,0,0
S28W,0,0
S28Y,0,0
S28V,0,0
A29R,0,0
A29N,0,0
A29D,0,0
A29C,0,0
A29Q,0,0
A29E,0,0
A29G,0,0
A29H,0,0
A29I,0,0
A29L,0,0
A29K,0,0
A29M,0,0
A29F,0,0
A29P,0,0
A29S,0,0
A29T,0,0
A29W,0,0
A29Y,0,0
A29V,0,0
P30A,0,0
P30R,0,0
P30N,0,0
P30D,0,0
P30C,0,0
P30Q,0,0
P30E,0,0
P30G,0,0
P30H,0,0
P30I,0,0
P30L,0,0
P30K,0,0
P30M,0,0
P30F,0,0
P30S,0,0
P30T,0,0
P30W,0,0
P30Y,0,0
P30V,0,0
V31A,0,0
V31R,-5.80E-05,0.000341813
V31N,0,0
V31D,5.60E-05,0.000392
V31C,0,0
V31Q,0,0
V31E,6.40E-05,0.000448
V31G,0,0
V31H,0.000132,0.000924
V31I,0,0
V31L,0,0
V31K,-0.000226,0.001567777
V31M,0,0
V31F,0,0
V31P,0,0
V31S,0,0
V31T,0,0
V31W,0.000132,0.000924
V31Y,0,0
L32A,0,0
L32R,0,0
L32N,0,0
L32D,0,0
L32C,0,0
L32Q,0,0
L32E,0,0
L32G,0,0
L32H,0,0
L32I,0,0
L32K,0,0
L32M,0,0
L32F,-0.000116,0.000812
L32P,0,0
L32S,0,0
L32T,0,0
L32W,0,0
L32Y,-0.000158,0.001106
L32V,0,0
Q33A,-0.000464,0.00260321
Q33R,-0.00085,0.003130447
Q33N,5.80E-05,0.000600363
Q33D,-0.00037,0.003377943
Q33C,-0.000264,0.001679138
Q33E,7.40E-05,0.001113519
Q33G,-1.60E-05,0.000118929
Q33H,9.20E-05,0.003602879
Q33I,4.40E-05,0.002804436
Q33L,-0.000146,0.001369118
Q33K,-0.001072,0.006010525
Q33M,-2.20E-16,0.001936595
Q33F,6.60E-05,0.003764179
Q33P,-0.000414,0.002531957
Q33S,-3.80E-05,0.000139843
Q33T,-0.000228,0.001213596
Q33W,0.000378,0.00531211
Q33Y,-0.000306,0.00275459
Q33V,9.00E-05,0.003052032
T34A,0,0
T34R,-0.000876,0.002510184
T34N,0,0
T34D,9.60E-05,0.00059227
T34C,0,0
T34Q,-8.00E-06,7.17E-05
T34E,9.60E-05,0.00059227
T34G,0,0
T34H,0,0
T34I,0,0
T34L,0,0
T34K,-0.000278,0.000676547
T34M,0,0
T34F,0,0
T34P,0,0
T34S,0,0
T34W,0,0
T34Y,0,0
T34V,0,0
P35A,7.20E-05,0.000551739
P35R,-0.002842,0.006478459
P35N,-0.00091,0.005585204
P35D,0.000832,0.002082445
P35C,6.20E-05,0.000464711
P35Q,-0.000288,0.002816852
P35E,0.000874,0.002395146
P35G,-0.000622,0.003371604
P35H,-0.000298,0.001738792
P35I,-0.00156,0.00610141
P35L,-0.000732,0.005412631
P35K,-0.00202,0.00453978
P35M,-0.000108,0.000741307
P35F,-0.001108,0.003431434
P35S,6.40E-05,0.000457279
P35T,-0.000494,0.00387801
P35W,0.006108,0.042388795
P35Y,-0.000304,0.006352888
P35V,-0.00114,0.006036091
K36A,0.007964,0.013299906
K36R,-0.00248,0.021708818
K36N,0.00801,0.013378643
K36D,0.007364,0.018955619
K36C,0.007968,0.013304938
K36Q,0.008008,0.013376156
K36E,0.00927,0.018871378
K36G,0.007966,0.013302415
K36H,0.003772,0.011950465
K36I,0.008372,0.013457043
K36L,0.007968,0.013304938
K36M,0.008112,0.013349032
K36F,0.00801,0.013375922
K36P,0.007972,0.013296767
K36S,0.008088,0.013356716
K36T,0.00843,0.01352759
K36W,0.00804,0.013317102
K36Y,0.007964,0.013309948
K36V,0.008016,0.013373008
A37R,-0.143636,0.360934188
A37N,-0.000526,0.01308738
A37D,-0.010612,0.179008645
A37C,-0.027468,0.207425705
A37Q,-0.04493,0.23778356
A37E,-0.00411,0.024373635
A37G,0.001668,0.010530137
A37H,-0.02115,0.078593016
A37I,-0.018888,0.211185041
A37L,-0.011758,0.181584458
A37K,-0.075858,0.343404036
A37M,-0.07893,0.305998413
A37F,0.001606,0.051124074
A37P,-0.00188,0.009443326
A37S,-2.00E-05,0.004703828
A37T,-0.025086,0.202206471
A37W,-0.0101,0.189563747
A37Y,0.031114,0.117155096
A37V,-0.00986,0.214654778
T38A,-0.000588,0.181078932
T38R,-0.40389,0.40349578
T38N,-0.062982,0.271983577
T38D,0.119526,0.277954359
T38C,-0.018168,0.140227335
T38Q,-0.192154,0.351596465
T38E,0.026536,0.43118827
T38G,-0.049814,0.269339539
T38H,-0.094488,0.30767926
T38I,-0.047358,0.213779098
T38L,-0.150172,0.308791716
T38K,-0.245206,0.414019711
T38M,-0.32933,0.562741366
T38F,-0.00035,0.273065067
T38P,-0.002598,0.196708807
T38S,0.020154,0.094209365
T38W,-0.15743,0.465406322
T38Y,-0.057118,0.365184641
T38V,-0.005944,0.230158167
S39A,0.017864,0.09608849
S39R,-0.303152,0.599516171
S39N,0.004034,0.11862108
S39D,0.114458,0.206822118
S39C,0.016548,0.096427285
S39Q,-0.015654,0.19859229
S39E,0.009896,0.189665597
S39G,0.024294,0.101978883
S39H,-0.036724,0.138748307
S39I,0.002442,0.126982599
S39L,-0.006136,0.12637685
S39K,0.020006,0.196226514
S39M,-0.001206,0.152189224
S39F,0.0063,0.151001015
S39P,0.000914,0.118036899
S39T,-0.01569,0.105116835
S39W,0.096104,0.397871606
S39Y,0.030162,0.286757815
S39V,0.006652,0.118795359
S40A,0.000494,0.002951841
S40R,-0.002922,0.009385143
S40N,-0.0014,0.005499054
S40D,-0.001378,0.005430849
S40C,-0.002122,0.006830997
S40Q,-0.000838,0.005113155
S40E,-0.001804,0.007526858
S40G,6.60E-05,0.003851006
S40H,-0.001958,0.00607072
S40I,0.00062,0.005458498
S40L,-0.000394,0.005634941
S40K,-0.001236,0.005597562
S40M,0.000884,0.008223074
S40F,-6.40E-05,0.009075015
S40P,0.00028,0.005166314
S40T,-0.00084,0.002929505
S40W,0.001558,0.008437087
S40Y,0.001024,0.007461972
S40V,-0.000118,0.006547295
T41A,-4.00E-06,0.000862777
T41R,-0.001892,0.014417917
T41N,0.000404,0.002836897
T41D,0.000314,0.003832963
T41C,0.000132,0.001595674
T41Q,0.00856,0.05972425
T41E,0.001456,0.009035777
T41G,-0.00032,0.001670569
T41H,0.000334,0.002887255
T41I,0.0002,0.001510629
T41L,-8.20E-05,0.000473578
T41K,-6.00E-05,0.005816941
T41M,0.000166,0.000954905
T41F,-0.000812,0.003295794
T41P,0.000352,0.001800027
T41S,-7.40E-05,0.000844467
T41W,0.004702,0.020829109
T41Y,-0.001132,0.011563709
T41V,-4.20E-05,0.002161212
L42A,-6.00E-05,0.00042
L42R,-0.00111,0.003655749
L42N,0,0
L42D,2.00E-06,0.000110436
L42C,0,0
L42Q,0,0
L42E,-4.80E-05,0.000392551
L42G,-1.80E-05,0.000517567
L42H,-0.000312,0.001615629
L42I,0,0
L42K,-0.000466,0.001550949
L42M,-7.80E-05,0.000546
L42F,-3.20E-05,0.002964688
L42P,-0.000408,0.003314806
L42S,-8.80E-05,0.000962006
L42T,-7.40E-05,0.00042933
L42W,-0.000528,0.004626058
L42Y,-0.000688,0.006530839
L42V,-0.00047,0.00329
Y43A,0,0
Y43R,6.00E-06,4.20E-05
Y43N,0,0
Y43D,4.00E-06,2.80E-05
Y43C,0,0
Y43Q,0,0
Y43E,6.00E-06,4.20E-05
Y43G,0,0
Y43H,2.00E-06,1.40E-05
Y43I,0,0
Y43L,2.00E-06,1.40E-05
Y43K,6.00E-06,3.10E-05
Y43M,0,0
Y43F,0,0
Y43P,0,0
Y43S,0,0
Y43T,0,0
Y43W,0,0
Y43V,0,0
F44A,0,0
F44R,0,0
F44N,0,0
F44D,0,0
F44C,0,0
F44Q,0,0
F44E,0,0
F44G,0,0
F44H,0,0
F44I,0,0
F44L,0,0
F44K,0,0
F44M,0,0
F44P,0,0
F44S,0,0
F44T,0,0
F44W,0,0
F44Y,0,0
F44V,0,0
D45A,0,0
D45R,0,0
D45N,0,0
D45C,0,0
D45Q,0,0
D45E,0,0
D45G,0,0
D45H,0,0
D45I,0,0
D45L,0,0
D45K,0,0
D45M,0,0
D45F,0,0
D45P,0,0
D45S,0,0
D45T,0,0
D45W,0,0
D45Y,0,0
D45V,0,0
S46A,0,0
S46R,0,0
S46N,0,0
S46D,0,0
S46C,0,0
S46Q,0,0
S46E,0,0
S46G,0,0
S46H,0,0
S46I,0,0
S46L,0,0
S46K,0,0
S46M,0,0
S46F,0,0
S46P,0,0
S46T,0,0
S46W,0,0
S46Y,0,0
S46V,0,0
L47A,0,0
L47R,0,0
L47N,0,0
L47D,0,0
L47C,0,0
L47Q,0,0
L47E,0,0
L47G,0,0
L47H,0,0
L47I,0,0
L47K,0,0
L47M,0,0
L47F,0,0
L47P,0,0
L47S,0,0
L47T,0,0
L47W,0,0
L47Y,0,0
L47V,0,0
T48A,0,0
T48R,0,0
T48N,0,0
T48D,0,0
T48C,0,0
T48Q,0,0
T48E,0,0
T48G,0,0
T48H,0,0
T48I,0,0
T48L,0,0
T48K,0,0
T48M,0,0
T48F,0,0
T48P,0,0
T48S,0,0
T48W,0,0
T48Y,0,0
T48V,0,0
V49A,0,0
V49R,0,0
V49N,0,0
V49D,0,0
V49C,0,0
V49Q,0,0
V49E,0,0
V49G,0,0
V49H,0,0
V49I,0,0
V49L,0,0
V49K,0,0
V49M,0,0
V49F,0,0
V49P,0,0
V49S,0,0
V49T,0,0
V49W,0,0
V49Y,0,0
N50A,0,0
N50R,0,0
N50D,0,0
N50C,0,0
N50Q,0,0
N50E,0,0
N50G,0,0
N50H,0,0
N50I,0,0
N50L,0,0
N50K,0,0
N50M,0,0
N50F,0,0
N50P,0,0
N50S,0,0
N50T,0,0
N50W,0,0
N50Y,0,0
N50V,0,0
A51R,0,0
A51N,0,0
A51D,0,0
A51C,0,0
A51Q,0,0
A51E,0,0
A51G,0,0
A51H,0,0
A51I,0,0
A51L,0,0
A51K,0,0
A51M,0,0
A51F,0,0
A51P,0,0
A51S,0,0
A51T,0,0
A51W,0,0
A51Y,0,0
A51V,0,0
G52A,0,0
G52R,0,0
G52N,0,0
G52D,0,0
G52C,0,0
G52Q,0,0
G52E,0,0
G52H,0,0
G52I,0,0
G52L,0,0
G52K,0,0
G52M,0,0
G52F,0,0
G52P,0,0
G52S,0,0
G52T,0,0
G52W,0,0
G52Y,0,0
G52V,0,0
N53A,0,0
N53R,0,0
N53D,0,0
N53C,0,0
N53Q,0,0
N53E,0,0
N53G,0,0
N53H,0,0
N53I,0,0
N53L,0,0
N53K,0,0
N53M,0,0
N53F,0,0
N53P,0,0
N53S,0,0
N53T,0,0
N53W,0,0
N53Y,0,0
N53V,0,0
G54A,0,0
G54R,0,0
G54N,0,0
G54D,0,0
G54C,0,0
G54Q,0,0
G54E,0,0
G54H,0,0
G54I,0,0
G54L,0,0
G54K,0,0
G54M,0,0
G54F,0,0
G54P,0,0
G54S,0,0
G54T,0,0
G54W,0,0
G54Y,0,0
G54V,0,0
G55A,0,0
G55R,0,0
G55N,0,0
G55D,0,0
G55C,0,0
G55Q,0,0
G55E,0,0
G55H,0,0
G55I,0,0
G55L,0,0
G55K,0,0
G55M,0,0
G55F,0,0
G55P,0,0
G55S,0,0
G55T,0,0
G55W,0,0
G55Y,0,0
G55V,0,0
F56A,0,0
F56R,0,0
F56N,0,0
F56D,0,0
F56C,0,0
F56Q,0,0
F56E,0,0
F56G,0,0
F56H,0,0
F56I,0,0
F56L,0,0
F56K,0,0
F56M,0,0
F56P,0,0
F56S,0,0
F56T,0,0
F56W,0,0
F56Y,0,0
F56V,0,0
L57A,0,0
L57R,0.000132,0.000924
L57N,0,0
L57D,0,0
L57C,0,0
L57Q,0,0
L57E,0,0
L57G,0,0
L57H,0,0
L57I,0,0
L57K,0,0
L57M,0,0
L57F,0,0
L57P,0,0
L57S,0,0
L57T,0,0
L57W,0,0
L57Y,0,0
L57V,0,0
H58A,-0.000288,0.001931387
H58R,-0.000982,0.003816684
H58N,-0.000484,0.003303959
H58D,1.00E-04,0.000594306
H58C,-7.20E-05,0.000435908
H58Q,-0.000456,0.003192063
H58E,-0.000312,0.003094165
H58G,-0.000472,0.003233267
H58I,-0.000498,0.003443573
H58L,-0.000796,0.005515359
H58K,0.0006,0.003302605
H58M,-2.00E-05,8.72E-05
H58F,-0.000168,0.000942006
H58P,-0.000436,0.00299518
H58S,-6.80E-05,0.000448749
H58T,-0.000278,0.001918259
H58W,7.20E-05,0.004604261
H58Y,0.000178,0.000889784
H58V,-1.20E-05,5.53E-05
C59A,0,0
C59R,0.001128,0.005930128
C59N,0,0
C59D,0.000224,0.000697298
C59Q,0,0
C59E,0.000326,0.000868288
C59G,0.000132,0.000924
C59H,0.000134,0.00092382
C59I,0,0
C59L,0,0
C59K,-0.000106,0.000408612
C59M,0,0
C59F,0,0
C59P,0.000132,0.000924
C59S,0,0
C59T,0,0
C59W,0.000148,0.000928491
C59Y,0,0
C59V,0,0
I60A,0.002758,0.013960374
I60R,-0.004018,0.02138328
I60N,0.003216,0.016223062
I60D,0.003514,0.016373918
I60C,0.001488,0.008578919
I60Q,0.001464,0.011452437
I60E,0.007164,0.021491001
I60G,0.003286,0.015501329
I60H,0.000454,0.014019689
I60L,-0.0003,0.011260249
I60K,-0.006496,0.031070919
I60M,0.00126,0.006605543
I60F,0.000998,0.034054659
I60P,0.001306,0.017933694
I60S,0.002696,0.012917398
I60T,0.00163,0.008952033
I60W,-0.007112,0.067721886
I60Y,-0.009686,0.071204275
I60V,0.001852,0.008762243
Q61A,-3.80E-05,0.009147872
Q61R,0.022048,0.223125412
Q61N,0.000544,0.008926929
Q61D,-0.039698,0.026521987
Q61C,0.001006,0.00725676
Q61E,-0.019778,0.020622331
Q61G,-0.001052,0.010321923
Q61H,0.006012,0.061844788
Q61I,0.000438,0.010482192
Q61L,0.000618,0.007257842
Q61K,0.02651,0.038287446
Q61M,0.000686,0.006477438
Q61F,0.001304,0.163110114
Q61P,0.000758,0.011342171
Q61S,-8.00E-05,0.009870238
Q61T,0.000778,0.008248401
Q61W,0.01725,0.151426882
Q61Y,0.009698,0.11436498
Q61V,0.001746,0.007889467
M62A,0.007268,0.06637405
M62R,-0.018888,0.121585834
M62N,0.001102,0.021023239
M62D,-0.03961,0.044601705
M62C,0.000624,0.018852454
M62Q,-0.000978,0.014259331
M62E,-0.013676,0.028337957
M62G,0.00803,0.022913762
M62H,-0.005472,0.081030256
M62I,0.002742,0.116991205
M62L,0.002822,0.01889288
M62K,-0.001102,0.018285016
M62F,0.014968,0.131236616
M62P,0.02846,0.050631974
M62S,0.012272,0.106534297
M62T,-0.023904,0.183967862
M62W,0.014352,0.142478854
M62Y,0.009596,0.107613759
M62V,-0.00312,0.071687162
D63A,0.267326,0.767541624
D63R,-0.047906,0.667708697
D63N,0.059046,0.387150386
D63C,0.195804,0.682802801
D63Q,0.171286,0.624058129
D63E,0.100414,0.544976446
D63G,0.387452,0.837946298
D63H,0.401534,0.650874031
D63I,0.132828,0.671147055
D63L,-0.00511,0.775664864
D63K,0.077432,0.828461013
D63M,-0.470334,0.783177232
D63F,0.054024,0.746346817
D63P,0.332628,0.789225153
D63S,0.273896,0.7138784
D63T,0.258008,0.666300946
D63W,-0.311916,1.149080512
D63Y,0.145276,0.788229558
D63V,0.19625,0.625518721
T64A,0.060704,0.277620187
T64R,0.093726,0.511190387
T64N,0.073362,0.25307941
T64D,-0.452436,0.636629811
T64C,0.067124,0.270987415
T64Q,-0.041,0.305338304
T64E,-0.517076,0.625960132
T64G,0.11352,0.257555516
T64H,0.021918,0.287781518
T64I,-0.11806,0.344665717
T64L,-0.016668,0.37642856
T64K,0.154046,0.365804588
T64M,0.03152,0.218014696
T64F,-0.26052,0.52275576
T64P,0.136422,0.430190093
T64S,0.104736,0.346358698
T64W,-0.558528,0.665914845
T64Y,-0.26762,0.547662695
T64V,-0.007638,0.126607399
S65A,-0.72465,0.600604377
S65R,-1.750348,0.887090062
S65N,-1.05025,1.025018864
S65D,-0.690064,1.121342732
S65C,-1.144918,0.663748805
S65Q,-1.536652,0.893999567
S65E,-1.779982,0.953490442
S65G,0.132274,0.668498505
S65H,-1.673628,1.022403999
S65I,-3.230616,1.25310207
S65L,-4.272246,1.129545749
S65K,-2.156242,0.910264441
S65M,-5.299828,1.054159101
S65F,-4.55845,1.357620771
S65P,-0.664408,0.846935931
S65T,-0.30195,0.837011392
S65W,-5.21815,1.526116647
S65Y,-4.514974,1.66036342
S65V,-1.736252,0.956029214
V66A,4.348446,1.194721169
V66R,5.140612,3.127050578
V66N,3.924908,1.294821239
V66D,6.756814,1.561506011
V66C,2.97591,0.777984267
V66Q,4.214494,1.546143679
V66E,6.04395,2.033930493
V66G,6.209966,1.399227866
V66H,7.732832,3.743749853
V66I,0.067242,0.940980805
V66L,-0.021934,1.416291427
V66K,3.9345,2.15579852
V66M,-0.647508,1.939467881
V66F,5.859724,3.957901144
V66P,3.79235,1.085224593
V66S,5.262988,1.24524275
V66T,3.559754,0.903793252
V66W,11.802814,5.701123155
V66Y,7.352864,4.876183171
N67A,3.115278,1.436632364
N67R,1.108682,2.156215566
N67D,0.8134,2.146348265
N67C,1.207648,1.371178883
N67Q,0.772876,1.825177312
N67E,0.756186,2.044347901
N67G,3.688058,1.422069511
N67H,1.366052,2.039447219
N67I,-2.156372,1.468639709
N67L,-2.219244,1.541780885
N67K,0.733574,1.686020242
N67M,-4.520898,1.331919361
N67F,-6.87411,2.260705891
N67P,-0.304518,1.77747833
N67S,2.899012,1.493118626
N67T,2.802038,1.691365105
N67W,-2.128894,2.988748731
N67Y,-6.928028,3.31332667
N67V,0.725944,1.452916461
A68R,10.70855,7.447293915
A68N,5.959688,3.107798424
A68D,9.66401,2.81710193
A68C,0.840356,1.22358051
A68Q,7.530302,4.887855524
A68E,10.37693,4.629197681
A68G,2.415714,0.793659137
A68H,34.37175722,10.19353426
A68I,4.289036,3.488195893
A68L,8.096744,4.740839553
A68K,11.729858,7.242457688
A68M,5.06916,5.120493715
A68F,37.07133054,13.60894083
A68P,0.17552,2.139536766
A68S,1.252146,0.999369551
A68T,2.665626,1.936679154
A68W,57.38344293,19.76550927
A68Y,44.91068434,18.99150264
A68V,0.594828,2.432782534
A69R,-0.957668,0.744967329
A69N,0.29051,0.317079924
A69D,1.377538,0.493292561
A69C,0.02328,0.136470343
A69Q,0.027878,0.362549369
A69E,1.095414,0.64795496
A69G,0.09731,0.424891607
A69H,0.165182,0.525261693
A69I,0.097762,0.379625994
A69L,0.031368,0.302739515
A69K,-0.929314,0.815981265
A69M,-0.057236,0.284110224
A69F,-0.020148,0.59918571
A69P,0.097518,0.426699464
A69S,0.101214,0.246973115
A69T,0.347734,0.301030786
A69W,0.137878,0.754170074
A69Y,-0.37882,0.775574888
A69V,0.18654,0.346843966
N70A,-0.022746,0.414944034
N70R,-0.36615,0.683165383
N70D,0.043832,0.543856169
N70C,0.042172,0.333385122
N70Q,0.334634,0.439034926
N70E,0.526744,0.715379069
N70G,0.153102,0.495098763
N70H,0.194958,0.44462994
N70I,0.22363,0.423878227
N70L,0.14688,0.466910883
N70K,-0.137268,0.502633189
N70M,0.071728,0.388116432
N70F,0.1053,0.432050406
N70P,-0.363392,0.480212804
N70S,0.218026,0.440668046
N70T,0.45803,0.577917609
N70W,0.142296,0.587053419
N70Y,0.188188,0.437003683
N70V,0.03136,0.385607281
Q71A,0.019916,0.708440862
Q71R,0.148594,1.42335676
Q71N,-0.257362,0.699813835
Q71D,-0.551952,0.716121248
Q71C,-0.161066,0.792854271
Q71E,-0.2942,0.627908222
Q71G,-0.036296,0.790051006
Q71H,1.286448,1.021487405
Q71I,-0.132322,0.569413283
Q71L,-0.264952,0.576260661
Q71K,0.052538,0.558177164
Q71M,-0.4263,0.530050151
Q71F,3.786002,1.489378106
Q71P,0.301044,0.649458656
Q71S,-0.088316,0.711216397
Q71T,-0.130664,0.766357297
Q71W,4.280092,1.722447737
Q71Y,6.475904,1.828176283
Q71V,-0.093082,0.664071023
V72A,-0.206796,0.167191589
V72R,0.802218,1.02607302
V72N,0.018378,0.191678763
V72D,-0.078826,0.221435389
V72C,-0.061242,0.113576184
V72Q,0.134538,0.4061659
V72E,0.240462,0.450384863
V72G,-0.207506,0.144188788
V72H,0.363922,0.569010893
V72I,0.018648,0.263639103
V72L,0.153448,0.269080639
V72K,0.05326,0.437236493
V72M,0.400802,0.459803821
V72F,0.711588,0.958120001
V72P,-0.296468,0.157296064
V72S,-0.152518,0.115572429
V72T,-0.071274,0.092239967
V72W,1.250504,1.21288337
V72Y,0.91207,1.413679658
V73A,0.005134,0.015742663
V73R,-0.012434,0.061893669
V73N,0.001908,0.011321181
V73D,0.018006,0.023168689
V73C,-0.000222,0.005477455
V73Q,-0.006346,0.046703397
V73E,0.012294,0.023345556
V73G,0.002004,0.01916767
V73H,-0.001794,0.051655499
V73I,-0.01058,0.061677753
V73L,0.00968,0.04491935
V73K,-0.00167,0.051191149
V73M,0.006134,0.030756707
V73F,0.005298,0.109152729
V73P,-0.002536,0.079473152
V73S,0.002282,0.010611987
V73T,0.00056,0.002759058
V73W,0.014726,0.114849236
V73Y,0.021904,0.165930031
S74A,0.001934,0.079848683
S74R,0.186372,0.343444235
S74N,0.023296,0.110028858
S74D,0.154658,0.122761756
S74C,0.009016,0.093096948
S74Q,0.055008,0.198230381
S74E,0.147918,0.230781911
S74G,-0.0076,0.060113889
S74H,-0.011726,0.204383302
S74I,0.035878,0.214353285
S74L,0.071368,0.204767234
S74K,0.160584,0.242520371
S74M,0.057938,0.184870073
S74F,0.155912,0.263656118
S74P,-0.010318,0.074165579
S74T,-0.021778,0.074521847
S74W,0.176662,0.313348562
S74Y,0.171344,0.302763004
S74V,0.004888,0.130688616
V75A,-1.00E-05,7.00E-05
V75R,-0.011194,0.050297528
V75N,-4.00E-06,8.24E-05
V75D,-0.001548,0.054313049
V75C,-1.40E-05,0.000146983
V75Q,-8.00E-06,0.000103615
V75E,-0.003678,0.055931556
V75G,-6.60E-05,0.000441185
V75H,-3.40E-05,0.001034139
V75I,-7.00E-05,0.00049
V75L,4.00E-06,8.48E-05
V75K,-0.009236,0.058293289
V75M,-0.000132,0.000933689
V75F,0.00052,0.004497199
V75P,-0.000236,0.001872299
V75S,-4.00E-06,8.24E-05
V75T,-8.00E-05,0.000493559
V75W,0.00064,0.003467506
V75Y,-0.000312,0.002159411
G76A,0.003892,0.020802046
G76R,-0.06361,0.187873962
G76N,-0.013842,0.083647881
G76D,0.00314,0.069632541
G76C,0.001636,0.080193505
G76Q,-0.029676,0.117392662
G76E,0.019466,0.112700927
G76H,-0.011338,0.124360048
G76I,-0.043796,0.120492408
G76L,-0.022978,0.137343795
G76K,-0.037564,0.155612164
G76M,-0.01789,0.126056388
G76F,-0.018428,0.19069548
G76P,0.01399,0.129131321
G76S,-0.007384,0.052345423
G76T,-0.011202,0.047625722
G76W,-0.050454,0.1884293
G76Y,-0.063938,0.130111933
G76V,-0.019136,0.092039059
A77R,0.001526,0.006847447
A77N,-0.000152,0.001064
A77D,0.001982,0.008334163
A77C,0,0
A77Q,4.00E-06,4.45E-05
A77E,0.004032,0.012271095
A77G,0,0
A77H,-0.000134,0.001073985
A77I,0,0
A77L,0,0
A77K,0.000172,0.00641567
A77M,0.000282,0.00194563
A77F,0.000426,0.002856488
A77P,-0.000484,0.003388
A77S,0,0
A77T,0,0
A77W,-0.000116,0.001076171
A77Y,0.0005,0.00293932
A77V,-4.00E-06,2.80E-05
D78A,-0.005114,0.046334441
D78R,-0.00856,0.048551049
D78N,0.001548,0.013664483
D78C,0.00042,0.016113795
D78Q,-0.0002,0.009892886
D78E,0.00338,0.016982273
D78G,0.001742,0.013272801
D78H,0.00245,0.012107902
D78I,0.001182,0.013358259
D78L,0.001122,0.009749734
D78K,0.000286,0.013088988
D78M,0.000102,0.017114771
D78F,0.000582,0.006988496
D78P,-0.007182,0.052766484
D78S,-0.006534,0.046699878
D78T,0.001416,0.013571181
D78W,0.001584,0.009919906
D78Y,-0.000474,0.011715115
D78V,0.000642,0.01690167
I79A,2.00E-06,1.40E-05
I79R,-0.0002,0.001109234
I79N,0,0
I79D,-0.0002,0.001109234
I79C,-0.000152,0.001064
I79Q,0,0
I79E,-5.00E-05,0.000336006
I79G,-0.00011,0.00077
I79H,0,0
I79L,0,0
I79K,0,0
I79M,0,0
I79F,0.0008,0.006769815
I79P,0,0
I79S,0,0
I79T,0,0
I79W,0,0
I79Y,0,0
I79V,0,0
A80R,0.000742,0.004921182
A80N,0.000952,0.006664
A80D,4.40E-05,0.000732437
A80C,-4.80E-05,0.000336
A80Q,-3.20E-05,0.000270141
A80E,9.20E-05,0.000644
A80G,0,0
A80H,0,0
A80I,0,0
A80L,-0.00098,0.006525795
A80K,-4.80E-05,0.000336
A80M,6.00E-06,0.000510846
A80F,-0.001092,0.007322509
A80P,0,0
A80S,0,0
A80T,0,0
A80W,-3.00E-05,0.000276586
A80Y,-8.60E-05,0.000424269
A80V,0,0
F81A,0,0
F81R,0,0
F81N,0,0
F81D,0,0
F81C,0,0
F81Q,0,0
F81E,0,0
F81G,0,0
F81H,0,0
F81I,0,0
F81L,0,0
F81K,0,0
F81M,0,0
F81P,0,0
F81S,0,0
F81T,0,0
F81W,0,0
F81Y,0,0
F81V,0,0
D82A,0,0
D82R,0,0
D82N,0,0
D82C,0,0
D82Q,0,0
D82E,0,0
D82G,0,0
D82H,0,0
D82I,0,0
D82L,0,0
D82K,0,0
D82M,0,0
D82F,0,0
D82P,0,0
D82S,0,0
D82T,0,0
D82W,0,0
D82Y,0,0
D82V,0,0
A83R,0,0
A83N,0,0
A83D,0,0
A83C,0,0
A83Q,0,0
A83E,0,0
A83G,0,0
A83H,0,0
A83I,0,0
A83L,0,0
A83K,0,0
A83M,0,0
A83F,0,0
A83P,0,0
A83S,0,0
A83T,0,0
A83W,0,0
A83Y,0,0
A83V,0,0
D84A,0,0
D84R,0,0
D84N,0,0
D84C,0,0
D84Q,0,0
D84E,0,0
D84G,0,0
D84H,0,0
D84I,0,0
D84L,0,0
D84K,0,0
D84M,0,0
D84F,0,0
D84P,0,0
D84S,0,0
D84T,0,0
D84W,0,0
D84Y,0,0
D84V,0,0
P85A,0,0
P85R,-0.000152,0.001064
P85N,0,0
P85D,0,0
P85C,0,0
P85Q,0,0
P85E,0,0
P85G,0,0
P85H,0,0
P85I,0,0
P85L,0,0
P85K,0,0
P85M,0,0
P85F,0,0
P85S,0,0
P85T,0,0
P85W,0,0
P85Y,0,0
P85V,0,0
K86A,0,0
K86R,0,0
K86N,0,0
K86D,0,0
K86C,0,0
K86Q,0,0
K86E,0,0
K86G,0,0
K86H,0,0
K86I,0,0
K86L,0,0
K86M,0,0
K86F,0,0
K86P,0,0
K86S,0,0
K86T,0,0
K86W,0,0
K86Y,0,0
K86V,0,0
F87A,-4.80E-05,0.000336
F87R,-0.001008,0.006721543
F87N,-4.80E-05,0.000336
F87D,-0.0002,0.001109234
F87C,-0.00011,0.000543415
F87Q,-5.00E-05,0.000336006
F87E,-4.80E-05,0.000336
F87G,-0.001016,0.006777473
F87H,-4.80E-05,0.000336
F87I,-0.001156,0.006755062
F87L,-0.00011,0.000543415
F87K,-0.001168,0.007169643
F87M,-0.000984,0.006553758
F87P,-0.000924,0.006485786
F87S,-4.80E-05,0.000336
F87T,2.00E-16,0.00048
F87W,-0.001398,0.00843067
F87Y,0.000108,0.000741846
F87V,-5.00E-05,0.000336006
F88A,-0.000112,0.000755947
F88R,0.000666,0.00619069
F88N,-4.00E-06,2.80E-05
F88D,0.000704,0.005070146
F88C,-0.000134,0.000662604
F88Q,0,0
F88E,-0.000154,0.001063806
F88G,-8.60E-05,0.000535167
F88H,0,0
F88I,-4.00E-06,2.80E-05
F88L,0,0
F88K,-5.60E-05,0.000339506
F88M,-6.80E-05,0.000505347
F88P,-2.00E-06,3.16E-05
F88S,-0.000126,0.000611493
F88T,-0.000208,0.001109205
F88W,-6.00E-06,4.20E-05
F88Y,0,0
F88V,-2.80E-05,0.000986314
A89R,-0.001742,0.014980322
A89N,-7.60E-05,0.001242507
A89D,0.000722,0.011451171
A89C,-0.0002,0.001109234
A89Q,-0.00049,0.002912061
A89E,0.001916,0.007758901
A89G,-0.0002,0.001109234
A89H,-0.000814,0.009316974
A89I,0.00019,0.002040809
A89L,-0.00044,0.00254849
A89K,-9.60E-05,0.010148378
A89M,-1.40E-05,0.001294297
A89F,0.001742,0.008872995
A89P,0.00098,0.006795116
A89S,-0.000158,0.001063972
A89T,-0.000246,0.001147033
A89W,-0.000176,0.001447005
A89Y,-3.20E-05,0.011668546
A89V,0.000122,0.002290527
C90A,0,0
C90R,-9.80E-05,0.000760655
C90N,0,0
C90D,-0.000158,0.000833808
C90Q,2.00E-06,1.40E-05
C90E,-0.000198,0.001109683
C90G,0,0
C90H,-3.80E-05,0.000340523
C90I,1.40E-05,9.80E-05
C90L,0,0
C90K,0,0
C90M,0,0
C90F,-2.00E-06,3.16E-05
C90P,0,0
C90S,0,0
C90T,2.00E-06,1.40E-05
C90W,0.000884,0.006059979
C90Y,2.00E-05,0.000154919
C90V,8.00E-06,4.40E-05
L91A,0.00078,0.005627006
L91R,-0.016878,0.062319818
L91N,4.60E-05,0.000503671
L91D,0.004052,0.016666916
L91C,-1.40E-05,0.000587541
L91Q,-0.000178,0.0014666
L91E,-0.00247,0.056600916
L91G,-1.40E-05,0.001622592
L91H,-4.00E-06,0.00520853
L91I,-0.00019,0.001211982
L91K,-0.00453,0.015458011
L91M,6.00E-06,6.45E-05
L91F,-7.00E-05,0.009376551
L91P,0.000484,0.002063527
L91S,0.000532,0.00363315
L91T,7.00E-05,0.000868159
L91W,-0.006424,0.050195711
L91Y,-0.000214,0.003411335
L91V,-2.40E-05,0.000445673
V92A,0,0
V92R,0.00023,0.00193755
V92N,0,0
V92D,-6.40E-05,0.000313535
V92C,0,0
V92Q,0,0
V92E,-2.40E-05,0.000168
V92G,0,0
V92H,-2.00E-05,0.00014
V92I,0,0
V92L,0,0
V92K,-2.00E-06,1.40E-05
V92M,-1.60E-05,0.000196326
V92F,-2.00E-06,1.40E-05
V92P,-4.00E-05,0.000196977
V92S,0,0
V92T,0,0
V92W,1.40E-05,0.000142843
V92Y,-2.40E-05,0.000182822
R93A,-0.013298,0.036059775
R93N,-0.010922,0.03017641
R93D,-0.00769,0.035143701
R93C,-0.010136,0.031853551
R93Q,-0.00731,0.031097744
R93E,0.001794,0.063196694
R93G,-0.011612,0.036025073
R93H,-0.010394,0.030505261
R93I,-0.007534,0.032617901
R93L,-0.00867,0.032356021
R93K,-0.007806,0.032220971
R93M,-0.008534,0.033805062
R93F,-0.00945,0.029628387
R93P,-0.012778,0.033473735
R93S,-0.00684,0.045836252
R93T,-0.01362,0.031120829
R93W,-0.015498,0.031590856
R93Y,-0.008244,0.03445256
R93V,-0.013376,0.03166006
F94A,0.000132,0.000924
F94R,0.00014,0.004384518
F94N,0.000132,0.000924
F94D,0.000766,0.006630403
F94C,0.000132,0.000924
F94Q,0.000132,0.000924
F94E,0.000312,0.005441972
F94G,0.000126,0.000926458
F94H,0,0
F94I,0.000364,0.001839539
F94L,-2.60E-05,0.000182
F94K,0.000132,0.000924
F94M,0.000132,0.000924
F94P,0.000334,0.002060545
F94S,0.000132,0.000924
F94T,0.001346,0.005973716
F94W,2.00E-05,0.00014
F94Y,0,0
F94V,0.000736,0.004408572
E95A,0.029386,0.025955762
E95R,0.028648,0.026089969
E95N,0.028212,0.026398149
E95D,0.021344,0.023847827
E95C,0.028634,0.026164225
E95Q,0.029438,0.024964822
E95G,0.029154,0.026543905
E95H,0.029054,0.025925981
E95I,0.028482,0.025212368
E95L,0.02885,0.027627973
E95K,0.028246,0.025031502
E95M,0.02811,0.026213266
E95F,0.027896,0.025399433
E95P,0.02849,0.026526095
E95S,0.027852,0.025331453
E95T,0.02999,0.026198368
E95W,0.028282,0.02740356
E95Y,0.028726,0.027234866
E95V,0.028918,0.025826054
S96A,0,0
S96R,0,0
S96N,0,0
S96D,-0.000594,0.004186665
S96C,0,0
S96Q,0.000598,0.004045565
S96E,-0.000298,0.002086
S96G,0,0
S96H,0,0
S96I,2.00E-06,1.40E-05
S96L,0,0
S96K,0,0
S96M,0,0
S96F,0,0
S96P,-0.00012,0.003693833
S96T,2.60E-05,0.000182
S96W,-5.80E-05,0.000406
S96Y,-2.00E-06,1.40E-05
S96V,0.0008,0.004334651
S97A,0.000144,0.001022577
S97R,0.003518,0.009795585
S97N,0.000142,0.001022955
S97D,0.000144,0.001022577
S97C,-6.00E-06,2.37E-05
S97Q,0.000142,0.001022955
S97E,0.000142,0.001022955
S97G,0.000148,0.001022006
S97H,0.000314,0.001553449
S97I,0.000148,0.001022397
S97L,0.000142,0.001022955
S97K,0.003678,0.008197519
S97M,0.000148,0.001022593
S97F,0.000144,0.001022773
S97P,0.000142,0.001022955
S97T,-2.00E-06,2.44E-05
S97W,0.000142,0.001022955
S97Y,0.000146,0.001022782
S97V,0.000142,0.00102315
S98A,0,0
S98R,0,0
S98N,0,0
S98D,2.80E-05,0.00014972
S98C,0,0
S98Q,0,0
S98E,8.20E-05,0.000466343
S98G,0,0
S98H,0,0
S98I,0,0
S98L,0,0
S98K,0.000134,0.000952389
S98M,0,0
S98F,0,0
S98P,0,0
S98T,0,0
S98W,0,0
S98Y,0,0
S98V,0,0
V99A,0,0
V99R,-0.00102,0.001979697
V99N,0,0
V99D,0.000506,0.001007653
V99C,0,0
V99Q,-0.000568,0.002879336
V99E,0.000256,0.002656852
V99G,0,0
V99H,0,0
V99I,0,0
V99L,0,0
V99K,-0.000612,0.0011867
V99M,-0.000176,0.001678399
V99F,0,0
V99P,0,0
V99S,0,0
V99T,0,0
V99W,-0.000304,0.001845748
V99Y,-0.000378,0.002631903
P100A,0.000132,0.000924
P100R,0.000132,0.000924
P100N,0,0
P100D,2.00E-06,1.40E-05
P100C,0,0
P100Q,0,0
P100E,4.60E-05,0.000244303
P100G,0.000132,0.000924
P100H,9.20E-05,0.000970946
P100I,0,0
P100L,0,0
P100K,0,0
P100M,0,0
P100F,-2.00E-06,1.40E-05
P100S,0.000132,0.000924
P100T,0,0
P100W,-2.00E-06,1.40E-05
P100Y,0.000596,0.003989835
P100V,0,0
T101A,0,0
T101R,0,0
T101N,0,0
T101D,0,0
T101C,0,0
T101Q,0,0
T101E,0,0
T101G,0,0
T101H,0,0
T101I,0,0
T101L,0,0
T101K,0,0
T101M,0,0
T101F,0,0
T101P,0,0
T101S,0,0
T101W,0,0
T101Y,0,0
T101V,0,0
T102A,0,0
T102R,0,0
T102N,0,0
T102D,0,0
T102C,0,0
T102Q,0,0
T102E,0,0
T102G,0,0
T102H,0,0
T102I,0,0
T102L,0,0
T102K,0,0
T102M,0,0
T102F,0,0
T102P,0,0
T102S,0,0
T102W,0,0
T102Y,0,0
T102V,0,0
L103A,0,0
L103R,0,0
L103N,0,0
L103D,0,0
L103C,0,0
L103Q,0,0
L103E,0,0
L103G,0,0
L103H,0,0
L103I,0,0
L103K,0,0
L103M,0,0
L103F,0,0
L103P,0,0
L103S,0,0
L103T,0,0
L103W,1.60E-05,0.000112
L103Y,0,0
L103V,0,0
P104A,0,0
P104R,-0.00022,0.003902307
P104N,0,0
P104D,-0.000254,0.002103351
P104C,0,0
P104Q,-2.00E-06,1.40E-05
P104E,0,0
P104G,0,0
P104H,0,0
P104I,2.20E-05,0.000140414
P104L,0,0
P104K,0.00022,0.001525778
P104M,0,0
P104F,0,0
P104S,0,0
P104T,0,0
P104W,-6.00E-06,7.59E-05
P104Y,0,0
P104V,0,0
T105A,0,0
T105R,0,0
T105N,0,0
T105D,0,0
T105C,0,0
T105Q,0,0
T105E,0,0
T105G,0,0
T105H,0,0
T105I,0,0
T105L,0,0
T105K,0,0
T105M,0,0
T105F,0,0
T105P,0,0
T105S,0,0
T105W,0,0
T105Y,0,0
T105V,0,0
A106R,-0.000174,0.005473091
A106N,-8.00E-06,5.60E-05
A106D,-3.40E-05,0.000189325
A106C,0,0
A106Q,-3.60E-05,0.000169423
A106E,-0.0009,0.004638017
A106G,0,0
A106H,-4.60E-05,0.000338945
A106I,0,0
A106L,-2.40E-05,0.000117576
A106K,-0.000558,0.003142107
A106M,-0.000152,0.002589999
A106F,7.80E-05,0.002053123
A106P,0,0
A106S,0,0
A106T,0,0
A106W,-0.000226,0.00582123
A106Y,0.000116,0.00176356
A106V,0,0
Y107A,0,0
Y107R,0,0
Y107N,0,0
Y107D,1.60E-05,9.87E-05
Y107C,0,0
Y107Q,0,0
Y107E,-8.00E-06,5.95E-05
Y107G,4.00E-06,2.80E-05
Y107H,0,0
Y107I,4.00E-06,2.80E-05
Y107L,0,0
Y107K,0,0
Y107M,0,0
Y107F,0,0
Y107P,0,0
Y107S,0,0
Y107T,0,0
Y107W,0,0
Y107V,4.00E-06,2.80E-05
D108A,-0.002914,0.015841881
D108R,-0.036752,0.056345634
D108N,-0.001348,0.008908541
D108C,0.000156,0.010896461
D108Q,-0.005294,0.016771326
D108E,-0.002256,0.009102223
D108G,-0.003654,0.016583669
D108H,-0.04055,0.05889088
D108I,-0.01193,0.02946943
D108L,-0.015336,0.030975408
D108K,-0.01503,0.033062863
D108M,-0.004048,0.017849417
D108F,-0.05726,0.059675224
D108P,-0.002318,0.015627293
D108S,-0.003512,0.022959962
D108T,-0.001654,0.013450877
D108W,-0.068102,0.045958784
D108Y,-0.064286,0.065566107
D108V,-0.003742,0.013820045
V109A,-6.00E-06,5.44E-05
V109R,2.00E-05,0.000113137
V109N,0,0
V109D,-6.00E-06,7.59E-05
V109C,6.00E-06,3.10E-05
V109Q,2.00E-06,1.40E-05
V109E,1.40E-05,7.21E-05
V109G,-2.00E-06,4.69E-05
V109H,-6.40E-05,0.000491837
V109I,-2.00E-06,4.24E-05
V109L,6.00E-06,4.20E-05
V109K,1.00E-05,5.74E-05
V109M,2.20E-05,0.000102548
V109F,-1.36E-16,2.83E-05
V109P,-2.00E-05,8.94E-05
V109S,2.00E-06,4.69E-05
V109T,1.00E-05,7.00E-05
V109W,-2.00E-06,2.44E-05
V109Y,1.20E-05,7.11E-05
Y110A,-0.000588,0.005845362
Y110R,0.003504,0.070952719
Y110N,-0.001982,0.010435338
Y110D,0.01665,0.077263982
Y110C,-0.002388,0.007315754
Y110Q,-0.000674,0.006005691
Y110E,0.003712,0.018008394
Y110G,-0.001728,0.006492982
Y110H,-0.00175,0.007011255
Y110I,-0.00219,0.008536258
Y110L,-0.001722,0.007423511
Y110K,-0.000958,0.057341312
Y110M,-0.001696,0.006944147
Y110F,-0.000982,0.003654679
Y110P,-0.00167,0.008978313
Y110S,-0.001566,0.008126416
Y110T,-0.001196,0.005578493
Y110W,0.000194,0.002613382
Y110V,-0.002312,0.008536619
P111A,-0.00025,0.001285029
P111R,-0.02865,0.068338374
P111N,0.00017,0.003760758
P111D,-0.006286,0.069583564
P111C,-0.00045,0.001707308
P111Q,-0.00207,0.009356372
P111E,-0.002244,0.057263308
P111G,-0.000262,0.001546078
P111H,-5.40E-05,0.004867616
P111I,0.000602,0.006212551
P111L,-0.000124,0.003384586
P111K,0.000718,0.028316382
P111M,0.008852,0.068197021
P111F,-0.00015,0.09983869
P111S,-0.00013,0.000835524
P111T,0.000646,0.006897629
P111W,-0.019582,0.080657614
P111Y,-0.00657,0.070024039
P111V,-0.000782,0.004485786
L112A,0.00038,0.003144137
L112R,-0.021788,0.082477518
L112N,-0.001624,0.007726463
L112D,-0.012352,0.075974854
L112C,-0.000346,0.001583062
L112Q,-0.000616,0.003417623
L112E,0.005374,0.023066996
L112G,-0.017308,0.069781034
L112H,-0.000334,0.001490183
L112I,-6.00E-05,0.001674515
L112K,-0.020616,0.06271738
L112M,-0.000208,0.000902184
L112F,0.000854,0.008082381
L112P,0.000466,0.004033589
L112S,-0.0006,0.00364
L112T,7.80E-05,0.001166754
L112W,-0.005244,0.045355693
L112Y,-0.00641,0.046224588
L112V,-0.000252,0.001329547
N113A,-0.0236,0.067894677
N113R,-0.159066,0.228803742
N113D,0.108436,0.184005933
N113C,-0.01268,0.09760683
N113Q,-0.054526,0.126237286
N113E,0.06705,0.151275756
N113G,-0.042188,0.124552923
N113H,-0.049292,0.120326978
N113I,-0.02945,0.176497342
N113L,0.001476,0.194529558
N113K,-0.12467,0.243651835
N113M,-0.00643,0.198799387
N113F,-0.029706,0.156149538
N113P,-0.057354,0.163887647
N113S,-0.01416,0.058410704
N113T,-0.008844,0.07726752
N113W,-0.029332,0.156204451
N113Y,-0.045036,0.144629803
N113V,-0.010454,0.113229353
G114A,0.001192,0.009046609
G114R,-0.009426,0.047772054
G114N,0.001044,0.010429385
G114D,-0.009518,0.064795292
G114C,0.00057,0.008760554
G114Q,0.002588,0.011615742
G114E,-0.00209,0.050943087
G114H,-0.001076,0.011610281
G114I,0.0001,0.004961653
G114L,0.000598,0.009426229
G114K,-0.002514,0.015311865
G114M,0.001046,0.009603358
G114F,0.00171,0.014991481
G114P,0.001732,0.008993029
G114S,0.000674,0.008784004
G114T,0.000482,0.012587115
G114W,0.000836,0.016261338
G114Y,0.000866,0.010194403
G114V,0.001902,0.01103392
R115A,0.020538,0.045257724
R115N,0.007076,0.075180518
R115D,0.056876,0.133401128
R115C,0.010984,0.069810413
R115Q,0.00524,0.089888179
R115E,0.06851,0.127319645
R115G,0.01101,0.079266122
R115H,0.013188,0.051888121
R115I,0.00075,0.079032731
R115L,-0.000688,0.089337635
R115K,0.002996,0.073676574
R115M,0.007464,0.073090059
R115F,-0.007966,0.083443283
R115P,0.003316,0.077584324
R115S,0.00334,0.059113762
R115T,0.014428,0.079649836
R115W,0.009736,0.07007033
R115Y,0.01291,0.077777424
R115V,0.003302,0.088756184
H116A,0.000846,0.006789086
H116R,0.000118,0.011272811
H116N,-0.001068,0.006496751
H116D,0.00115,0.012578923
H116C,0.000406,0.004138522
H116Q,0.000882,0.005778847
H116E,0.00099,0.009065589
H116G,4.80E-05,0.00234429
H116I,0.001294,0.008091017
H116L,-0.001144,0.006649426
H116K,-0.000916,0.006671113
H116M,0.002248,0.010363189
H116F,-8.80E-05,0.009959129
H116P,-0.001232,0.008678835
H116S,0.00057,0.004061539
H116T,-0.00016,0.00084664
H116W,0.000396,0.006152007
H116Y,-3.00E-05,0.011700773
H116V,-0.00066,0.010497047
D117A,-0.002992,0.013663131
D117R,-0.00322,0.01889981
D117N,-0.004064,0.017801435
D117C,-0.00284,0.015409322
D117Q,-0.00234,0.016835736
D117E,0.000734,0.008834899
D117G,-0.002272,0.015119035
D117H,-0.004736,0.019812529
D117I,-0.002008,0.016414516
D117L,-0.002424,0.015039648
D117K,-0.001436,0.014506643
D117M,-0.002276,0.017044349
D117F,-0.002778,0.016759789
D117P,-0.001076,0.012091031
D117S,-0.003162,0.014652807
D117T,-0.00221,0.014914909
D117W,-0.002482,0.020386365
D117Y,-0.00274,0.017796033
D117V,-0.001652,0.014499452
G118A,0,0
G118R,9.20E-05,0.000644
G118N,0,0
G118D,0.001246,0.008090518
G118C,0,0
G118Q,0,0
G118E,0.001154,0.008078
G118H,0,0
G118I,0.000238,0.001666
G118L,0,0
G118K,0,0
G118M,3.60E-05,0.000252
G118F,0.000564,0.003948
G118P,0.001244,0.008089701
G118S,0,0
G118T,0,0
G118W,0.00024,0.00168
G118Y,0,0
G118V,0,0
G119A,0,0
G119R,0,0
G119N,0,0
G119D,0,0
G119C,0,0
G119Q,0,0
G119E,0,0
G119H,0,0
G119I,0,0
G119L,0,0
G119K,0,0
G119M,0,0
G119F,0,0
G119P,0,0
G119S,0,0
G119T,0,0
G119W,0,0
G119Y,0,0
G119V,0,0
Y120A,0.000748,0.006108625
Y120R,-0.00045,0.002660846
Y120N,0.000878,0.006694633
Y120D,-0.001086,0.00705677
Y120C,0.000942,0.006665676
Y120Q,0.00088,0.00669328
Y120E,4.40E-05,0.000898256
Y120G,-0.001616,0.007560301
Y120H,-0.001,0.007381138
Y120I,0.00123,0.006904093
Y120L,0.00088,0.00669328
Y120K,-0.001054,0.006842666
Y120M,0.00101,0.006665861
Y120F,5.00E-05,0.000364555
Y120P,0.000828,0.006737835
Y120S,0.001038,0.006676523
Y120T,2.00E-05,0.009039026
Y120W,0.00103,0.00686027
Y120V,-0.000846,0.005586384
Y121A,-0.001142,0.006248395
Y121R,-0.00057,0.012365132
Y121N,0.000126,0.002236856
Y121D,0.001336,0.012094871
Y121C,9.60E-05,0.000470302
Y121Q,-0.001002,0.007202013
Y121E,0.001942,0.0081041
Y121G,-0.000764,0.007587404
Y121H,-1.60E-05,0.000565459
Y121I,-0.001236,0.0076407
Y121L,1.00E-05,8.54E-05
Y121K,9.00E-05,0.012246457
Y121M,-0.000152,0.001064
Y121F,0.000564,0.003948
Y121P,0.00011,0.000799812
Y121S,-0.000742,0.006701853
Y121T,-0.000264,0.001393953
Y121W,-0.000152,0.00116726
Y121V,-0.000152,0.001064
T122A,0.001662,0.01259109
T122R,-0.0221,0.075018598
T122N,0.000948,0.017011775
T122D,0.007168,0.019215092
T122C,-0.000508,0.016249133
T122Q,0.00246,0.015343376
T122E,-0.007114,0.069688679
T122G,0.00021,0.015056962
T122H,0.000924,0.017828175
T122I,-0.002596,0.021220292
T122L,0.00202,0.014597
T122K,-0.006982,0.051823476
T122M,-0.000648,0.023903014
T122F,-0.000418,0.01645663
T122P,0.00152,0.013063384
T122S,-0.00061,0.015227781
T122W,0.001438,0.017329869
T122Y,0.001306,0.017913776
T122V,-0.003914,0.033447816
V123A,0.000656,0.005122389
V123R,-0.079382,0.134103269
V123N,-0.000132,0.001106606
V123D,-0.017892,0.144011827
V123C,-7.60E-05,0.000332602
V123Q,-0.000494,0.008136987
V123E,-0.015362,0.092528586
V123G,-0.000168,0.001096438
V123H,-0.006812,0.036169726
V123I,0.000608,0.006531978
V123L,-0.007094,0.049984619
V123K,-0.008202,0.02929687
V123M,0.000264,0.003971738
V123F,-0.01055,0.045967594
V123P,-0.00028,0.001443191
V123S,0.000384,0.002807159
V123T,-9.80E-05,0.000993879
V123W,-0.018718,0.078113701
V123Y,-0.005842,0.045053657
K124A,0.007388,0.096704032
K124R,-0.043156,0.163514023
K124N,0.000958,0.10389092
K124D,0.045102,0.187352875
K124C,-0.01397,0.078773225
K124Q,-0.009576,0.107276073
K124E,0.048834,0.194850772
K124G,0.020704,0.119127997
K124H,-0.021476,0.096693815
K124I,0.001,0.174118641
K124L,-0.015234,0.14071006
K124M,-0.010942,0.09860029
K124F,-0.019476,0.120896998
K124P,0.012056,0.18030207
K124S,-0.00787,0.086130297
K124T,0.000134,0.122987207
K124W,0.015442,0.105494792
K124Y,-0.034482,0.143751072
K124V,0.019728,0.144535918
D125A,-0.233492,0.20368696
D125R,-0.685592,0.3082971
D125N,-0.26373,0.267346073
D125C,-0.283048,0.231112378
D125Q,-0.378142,0.285835283
D125E,-0.00373,0.25119535
D125G,-0.341572,0.227027355
D125H,-0.404846,0.273812809
D125I,-0.296808,0.290699231
D125L,-0.385862,0.284657318
D125K,-0.553532,0.323943401
D125M,-0.373982,0.268302056
D125F,-0.43889,0.280398544
D125P,-0.255252,0.241912507
D125S,-0.238948,0.235767111
D125T,-0.286898,0.243249949
D125W,-0.555394,0.324597536
D125Y,-0.422086,0.272850423
D125V,-0.202878,0.235451572
C126A,-0.090002,0.122066706
C126R,-0.272558,0.578981518
C126N,-0.015332,0.217282967
C126D,0.412532,0.278227297
C126Q,0.057988,0.342409592
C126E,0.584186,0.302732027
C126G,-0.109902,0.199840747
C126H,0.261688,0.377365031
C126I,0.101398,0.275785286
C126L,0.277366,0.292052181
C126K,-0.068184,0.352215149
C126M,0.34183,0.29782885
C126F,0.448752,0.460610129
C126P,-0.119428,0.231548849
C126S,-0.10159,0.166030129
C126T,-0.028492,0.218756758
C126W,0.448684,0.449450108
C126Y,0.522614,0.447590925
C126V,-0.02299,0.202598718
V127A,-0.00056,0.003849675
V127R,-0.01508,0.120867104
V127N,-0.000302,0.003368293
V127D,-0.014174,0.078659527
V127C,-0.00059,0.00361631
V127Q,9.60E-05,0.003488608
V127E,-0.010388,0.084381168
V127G,-0.001224,0.005349862
V127H,-7.20E-05,0.007209301
V127I,-0.000198,0.004525859
V127L,-0.001042,0.004140729
V127K,0.00682,0.034682434
V127M,-7.80E-05,0.004873902
V127F,0.00783,0.073705791
V127P,0.000236,0.001842038
V127S,-3.60E-05,0.001630063
V127T,-0.000654,0.003687666
V127W,0.019974,0.107967209
V127Y,0.023198,0.110060622
T128A,0.058564,0.337788409
T128R,0.246776,0.478883239
T128N,-0.04843,0.363401716
T128D,-0.309766,0.309161842
T128C,-0.010224,0.267020212
T128Q,0.174456,0.440699078
T128E,-0.198438,0.41519509
T128G,0.068692,0.343331782
T128H,0.194826,0.441986593
T128I,0.190198,0.388541965
T128L,0.309496,0.463621753
T128K,0.20908,0.576198428
T128M,0.207582,0.528569942
T128F,0.204972,0.5658705
T128P,0.056716,0.396053375
T128S,0.01735,0.307890079
T128W,0.404018,0.679370422
T128Y,0.11241,0.52852308
T128V,0.063368,0.240691178
I129A,-0.009428,0.05682547
I129R,0.008302,0.02224138
I129N,-0.00096,0.002916025
I129D,-0.005536,0.060980291
I129C,-0.009372,0.056403273
I129Q,-0.000844,0.001644039
I129E,0.003616,0.01474299
I129G,-0.007896,0.057313583
I129H,0.004496,0.037919868
I129L,-0.000692,0.00279434
I129K,-0.002162,0.012649473
I129M,-0.001216,0.002643661
I129F,0.006236,0.041784269
I129P,-0.0013,0.071368876
I129S,-0.021242,0.075507637
I129T,-0.003644,0.016377267
I129W,0.003758,0.083653813
I129Y,0.000108,0.027590838
I129V,0.000108,0.004318835
D130A,-0.060986,0.09982095
D130R,-0.575406,0.267651161
D130N,-0.090772,0.188322545
D130C,-0.071078,0.074366402
D130Q,-0.068932,0.125899044
D130E,0.10593,0.144263434
D130G,-0.06499,0.071391305
D130H,-0.027368,0.270691558
D130I,-0.049726,0.117233826
D130L,-0.04233,0.171585434
D130K,-0.328484,0.186711136
D130M,-0.071788,0.144286164
D130F,0.021262,0.379343565
D130P,-0.077634,0.076927172
D130S,-0.07946,0.110097095
D130T,-0.047692,0.161335012
D130W,-0.097046,0.214978071
D130Y,0.05805,0.274003853
D130V,-0.073026,0.097972982
V131A,-0.039648,0.249045558
V131R,-0.427994,0.794485888
V131N,-0.040582,0.221174899
V131D,-0.00853,0.273336545
V131C,-0.005444,0.16884466
V131Q,-0.045024,0.261114196
V131E,0.054162,0.225792792
V131G,-0.030898,0.274942697
V131H,0.05275,0.331528838
V131I,0.049104,0.223571094
V131L,-0.029238,0.225093597
V131K,-0.245148,0.50078746
V131M,-0.043202,0.269573061
V131F,0.021698,0.421242578
V131P,-0.165138,0.460399391
V131S,-0.02729,0.21533637
V131T,0.001618,0.221668168
V131W,0.04994,0.612219202
V131Y,-0.149084,0.508742271
L132A,0.510278,0.569415828
L132R,-0.413414,0.873031143
L132N,0.169974,0.464694195
L132D,0.191862,0.722638221
L132C,0.25881,0.51575683
L132Q,0.057196,0.409606169
L132E,-0.02802,0.676654036
L132G,0.478756,0.577716705
L132H,0.084876,0.497553921
L132I,0.147576,0.312223527
L132K,-0.25646,0.732594686
L132M,-0.05705,0.354120151
L132F,0.176868,0.497683063
L132P,0.478026,0.531778985
L132S,0.45503,0.551128273
L132T,0.327736,0.552141832
L132W,0.091826,0.707497562
L132Y,0.082546,0.713610136
L132V,0.34954,0.5175968
P133A,-0.000108,0.063857366
P133R,0.116838,0.301809462
P133N,0.00316,0.04048375
P133D,-0.104152,0.087036859
P133C,0.00391,0.039549312
P133Q,0.005272,0.018757996
P133E,-0.102492,0.089081008
P133G,0.000308,0.104001577
P133H,0.064046,0.089667676
P133I,0.002494,0.03311627
P133L,-0.004594,0.055047748
P133K,0.182484,0.156076452
P133M,0.005992,0.071407873
P133F,0.005436,0.088731169
P133S,0.009946,0.03494363
P133T,0.012482,0.039165013
P133W,0.00187,0.110347276
P133Y,0.02636,0.145389017
P133V,-0.004144,0.083564191
R134A,0.05168,0.096847158
R134N,0.012476,0.039344573
R134D,0.086224,0.085889225
R134C,0.065098,0.065110025
R134Q,0.023798,0.049013421
R134E,0.070518,0.121118749
R134G,0.051942,0.095737508
R134H,0.01289,0.08427889
R134I,0.060244,0.064475807
R134L,0.05662,0.09878276
R134K,0.015016,0.058143981
R134M,0.059484,0.064214775
R134F,0.058514,0.096163789
R134P,0.076466,0.064701912
R134S,0.057646,0.067856113
R134T,0.054896,0.100516401
R134W,0.045552,0.054499792
R134Y,0.070686,0.097747634
R134V,0.059722,0.065229816
T135A,-0.00017,0.007864509
T135R,-0.00741,0.018852939
T135N,-0.00073,0.006930721
T135D,0.00333,0.024812104
T135C,0.000796,0.007004654
T135Q,-0.000412,0.008827494
T135E,0.004518,0.021466799
T135G,0.003544,0.00988142
T135H,-0.005696,0.014510809
T135I,-0.000306,0.007247383
T135L,-0.002284,0.016790561
T135K,-0.003984,0.011640487
T135M,-0.000258,0.00981607
T135F,-0.00219,0.018041788
T135P,0.006684,0.023367707
T135S,-0.000558,0.00411981
T135W,-0.00184,0.008414369
T135Y,-0.001312,0.017392592
T135V,-0.000944,0.011929814
P136A,0.002888,0.01003254
P136R,-0.261806,0.368245909
P136N,0.015346,0.032213141
P136D,-0.075694,0.177031734
P136C,0.005868,0.022783761
P136Q,0.024762,0.056254329
P136E,-0.061014,0.259222445
P136G,-0.001966,0.009872439
P136H,0.019848,0.041452716
P136I,-0.005354,0.089461874
P136L,0.002308,0.038847357
P136K,-0.046272,0.067478921
P136M,-0.009308,0.093891539
P136F,-0.009946,0.064206508
P136S,0.002548,0.010706675
P136T,0.007054,0.023423955
P136W,0.003184,0.092452142
P136Y,-0.011424,0.129866592
P136V,0.013646,0.035254385
G137A,-0.00088,0.005298302
G137R,-0.023506,0.053219581
G137N,-0.00107,0.007869593
G137D,-0.062582,0.040566551
G137C,-0.002248,0.010996458
G137Q,-0.004392,0.023400409
G137E,-0.05266,0.042343595
G137H,0.002928,0.01948344
G137I,-0.004198,0.015949539
G137L,-0.004668,0.018073488
G137K,-0.007276,0.017354729
G137M,-0.003724,0.014806493
G137F,-0.00566,0.019262824
G137P,-0.004746,0.022557972
G137S,-0.00124,0.007019943
G137T,-0.000672,0.004426287
G137W,-0.002232,0.023449763
G137Y,-0.00421,0.019545068
G137V,-0.002072,0.010234491
N138A,0.00083,0.006369309
N138R,-0.000494,0.007049919
N138D,-0.00081,0.011592381
N138C,-0.000446,0.006257514
N138Q,0.000164,0.007765044
N138E,0.003586,0.01574559
N138G,-6.80E-05,0.012934503
N138H,-0.000766,0.011211077
N138I,0.002582,0.02047527
N138L,-0.000742,0.016076829
N138K,-0.000698,0.007372259
N138M,-0.000836,0.008376676
N138F,-0.000654,0.011048533
N138P,-0.000212,0.008024379
N138S,-0.00054,0.010883272
N138T,0.000596,0.004525482
N138W,0.000976,0.013234297
N138Y,-0.000518,0.011006865
N138V,0.001702,0.009466879
N139A,-0.00148,0.022464959
N139R,0.08736,0.136520251
N139D,-0.139864,0.046487602
N139C,-0.00029,0.010038571
N139Q,-0.003284,0.016108077
N139E,-0.125264,0.060833405
N139G,0.002292,0.028441989
N139H,0.044964,0.043900719
N139I,0.002222,0.015501629
N139L,-0.00172,0.019552289
N139K,0.05528,0.050266796
N139M,0.001224,0.05997571
N139F,-0.018648,0.056071659
N139P,0.001778,0.012387208
N139S,-0.00056,0.02187691
N139T,-0.000204,0.010311663
N139W,-0.068088,0.210847233
N139Y,-0.013576,0.032781254
N139V,-0.000122,0.010144462
V140A,0.002262,0.007216229
V140R,0.037092,0.117424461
V140N,0.001308,0.004331736
V140D,-0.019636,0.026866438
V140C,0.000334,0.003163581
V140Q,-0.000874,0.014790413
V140E,-0.037746,0.043540869
V140G,0.00173,0.004332955
V140H,-0.002278,0.016593496
V140I,0.00272,0.011791641
V140L,0.00274,0.009555731
V140K,0.02676,0.127554207
V140M,0.00205,0.019884097
V140F,-0.011328,0.07319941
V140P,-0.000304,0.00614192
V140S,0.000364,0.005624403
V140T,0.000274,0.003980895
V140W,0.015922,0.165011943
V140Y,0.002858,0.063682613
Y141A,5.60E-05,0.006968476
Y141R,-0.00176,0.007057903
Y141N,-0.000998,0.004815454
Y141D,0.000242,0.008037838
Y141C,-0.001112,0.006049848
Y141Q,-0.00038,0.004517167
Y141E,0.000962,0.005097995
Y141G,-0.001238,0.005907009
Y141H,-0.000134,0.003274117
Y141I,-0.000812,0.004066381
Y141L,-0.001808,0.005686786
Y141K,-0.000644,0.003018156
Y141M,0.000108,0.006163825
Y141F,-0.00082,0.00356466
Y141P,0.000642,0.007786298
Y141S,-0.001162,0.004971072
Y141T,-0.000754,0.005332549
Y141W,-0.001508,0.004398447
Y141V,-0.000494,0.005238832
V142A,0.0005,0.002568579
V142R,-0.001672,0.029566258
V142N,0.000256,0.001837516
V142D,0.002532,0.007503904
V142C,-2.00E-05,0.000156205
V142Q,0.000316,0.001978925
V142E,0.001958,0.010673258
V142G,-0.000308,0.001848442
V142H,0.00283,0.022178632
V142I,0.000214,0.003239383
V142L,0.00031,0.003272446
V142K,0.003878,0.012859211
V142M,-0.000654,0.006757491
V142F,0.002606,0.011224053
V142P,-0.001686,0.005405072
V142S,0.000218,0.001743753
V142T,2.00E-05,0.002554995
V142W,-0.014524,0.076371952
V142Y,0.002252,0.021854201
G143A,0,0
G143R,4.40E-05,0.001019247
G143N,0,0
G143D,0,0
G143C,0,0
G143Q,2.00E-05,0.00014
G143E,-6.00E-06,4.20E-05
G143H,0,0
G143I,0,0
G143L,0,0
G143K,0,0
G143M,2.00E-05,0.00014
G143F,0,0
G143P,0,0
G143S,0,0
G143T,0,0
G143W,6.00E-06,4.20E-05
G143Y,0.000418,0.002125624
G143V,0,0
F144A,-4.00E-05,0.00028
F144R,-0.000264,0.001338471
F144N,0.000952,0.006664
F144D,-0.00019,0.010295577
F144C,0,0
F144Q,0.000952,0.006664
F144E,0.001316,0.006764447
F144G,0,0
F144H,0,0
F144I,-2.60E-05,0.000182
F144L,0,0
F144K,-0.000338,0.001057524
F144M,0,0
F144P,0,0
F144S,-0.00011,0.00077
F144T,0,0
F144W,-0.000148,0.001064939
F144Y,2.00E-05,0.00014
F144V,0,0
M145A,0,0
M145R,2.00E-06,1.40E-05
M145N,0,0
M145D,0,0
M145C,0,0
M145Q,0,0
M145E,0,0
M145G,0,0
M145H,0,0
M145I,0,0
M145L,0,0
M145K,0,0
M145F,-1.20E-05,8.40E-05
M145P,-6.00E-06,4.20E-05
M145S,0,0
M145T,0,0
M145W,-2.00E-06,1.40E-05
M145Y,-2.00E-06,1.40E-05
M145V,2.00E-06,1.40E-05
V146A,0,0
V146R,0,0
V146N,0,0
V146D,-0.0002,0.001109234
V146C,0,0
V146Q,0,0
V146E,-0.000152,0.001064
V146G,0,0
V146H,0,0
V146I,0,0
V146L,0,0
V146K,0,0
V146M,0,0
V146F,-4.40E-05,0.000337734
V146P,0,0
V146S,0,0
V146T,0,0
V146W,-4.80E-05,0.000336
V146Y,-4.80E-05,0.000336
W147A,0,0
W147R,0,0
W147N,0,0
W147D,0,0
W147C,0,0
W147Q,0,0
W147E,0,0
W147G,0,0
W147H,0,0
W147I,0,0
W147L,0,0
W147K,0,0
W147M,0,0
W147F,0,0
W147P,0,0
W147S,0,0
W147T,0,0
W147Y,0,0
W147V,0,0
S148A,0,0
S148R,0,0
S148N,0,0
S148D,0,0
S148C,0,0
S148Q,0,0
S148E,0,0
S148G,0,0
S148H,0,0
S148I,0,0
S148L,0,0
S148K,0,0
S148M,0,0
S148F,0,0
S148P,0,0
S148T,0,0
S148W,0,0
S148Y,0,0
S148V,0,0
N149A,0,0
N149R,0,0
N149D,0,0
N149C,0,0
N149Q,0,0
N149E,0,0
N149G,0,0
N149H,0,0
N149I,0,0
N149L,0,0
N149K,0,0
N149M,0,0
N149F,0,0
N149P,0,0
N149S,0,0
N149T,0,0
N149W,0,0
N149Y,0,0
N149V,0,0
F150A,0,0
F150R,0,0
F150N,0,0
F150D,0,0
F150C,0,0
F150Q,0,0
F150E,0,0
F150G,0,0
F150H,0,0
F150I,0,0
F150L,0,0
F150K,0,0
F150M,0,0
F150P,0,0
F150S,0,0
F150T,0,0
F150W,0,0
F150Y,0,0
F150V,0,0
T151A,0,0
T151R,0,0
T151N,0,0
T151D,0,0
T151C,0,0
T151Q,0,0
T151E,0,0
T151G,0,0
T151H,0,0
T151I,0,0
T151L,0,0
T151K,0,0
T151M,0,0
T151F,0,0
T151P,0,0
T151S,0,0
T151W,0,0
T151Y,0,0
T151V,0,0
A152R,0,0
A152N,0,0
A152D,0,0
A152C,0,0
A152Q,0,0
A152E,0,0
A152G,0,0
A152H,0,0
A152I,0,0
A152L,0,0
A152K,0,0
A152M,0,0
A152F,0,0
A152P,0,0
A152S,0,0
A152T,0,0
A152W,0,0
A152Y,0,0
A152V,0,0
T153A,0,0
T153R,0,0
T153N,0,0
T153D,0,0
T153C,0,0
T153Q,0,0
T153E,0,0
T153G,0,0
T153H,0,0
T153I,0,0
T153L,0,0
T153K,0,0
T153M,0,0
T153F,0,0
T153P,0,0
T153S,0,0
T153W,0,0
T153Y,0,0
T153V,0,0
K154A,0,0
K154R,0,0
K154N,0,0
K154D,0,0
K154C,0,0
K154Q,0,0
K154E,0,0
K154G,0,0
K154H,0,0
K154I,0,0
K154L,0,0
K154M,0,0
K154F,0,0
K154P,0,0
K154S,0,0
K154T,0,0
K154W,0,0
K154Y,0,0
K154V,0,0
C155A,0,0
C155R,0,0
C155N,0,0
C155D,0,0
C155Q,0,0
C155E,0,0
C155G,0,0
C155H,0,0
C155I,0,0
C155L,0,0
C155K,0,0
C155M,0,0
C155F,0,0
C155P,0,0
C155S,0,0
C155T,0,0
C155W,0,0
C155Y,0,0
C155V,0,0
R156A,0,0
R156N,0,0
R156D,0,0
R156C,0,0
R156Q,0,0
R156E,0,0
R156G,0,0
R156H,0,0
R156I,0,0
R156L,0,0
R156K,0,0
R156M,0,0
R156F,0,0
R156P,0,0
R156S,0,0
R156T,0,0
R156W,0,0
R156Y,0,0
R156V,0,0
G157A,0,0
G157R,0.00021,0.003366556
G157N,6.00E-06,4.20E-05
G157D,-4.40E-05,0.001016102
G157C,-0.0002,0.001109234
G157Q,-9.60E-05,0.000480816
G157E,-0.000184,0.001206045
G157H,0,0
G157I,-4.80E-05,0.000336
G157L,8.00E-06,5.60E-05
G157K,-4.80E-05,0.000336
G157M,0,0
G157F,-8.60E-05,0.000424269
G157P,0,0
G157S,0,0
G157T,0,0
G157W,-8.00E-06,4.40E-05
G157Y,-8.60E-05,0.000424269
G157V,2.00E-06,1.40E-05
L158A,-0.000106,0.000771339
L158R,0.001376,0.005603019
L158N,8.00E-06,4.40E-05
L158D,0.001218,0.007620464
L158C,-0.000102,0.000758285
L158Q,-0.000152,0.001064
L158E,0.001094,0.00750393
L158G,-0.00014,0.001067708
L158H,8.00E-06,7.70E-05
L158I,-9.60E-05,0.000778193
L158K,-0.000186,0.001025282
L158M,-0.00013,0.001076336
L158F,-0.000102,0.000656198
L158P,4.20E-05,0.000381098
L158S,-0.00014,0.001068082
L158T,-9.40E-05,0.00076116
L158W,-0.00025,0.001357387
L158Y,-0.00022,0.00115343
L158V,6.00E-06,4.65E-05
V159A,-7.00E-05,0.00049
V159R,8.00E-06,0.000741037
V159N,0,0
V159D,0.000264,0.003336751
V159C,0,0
V159Q,-7.00E-05,0.00049
V159E,-2.80E-05,0.000576555
V159G,-7.00E-05,0.00049
V159H,-7.00E-05,0.00049
V159I,0,0
V159L,0,0
V159K,8.00E-06,0.000741037
V159M,0,0
V159F,-7.00E-05,0.00049
V159P,-7.00E-05,0.00049
V159S,-7.00E-05,0.00049
V159T,0,0
V159W,-7.00E-05,0.00049
V159Y,-7.20E-05,0.000489914
S160A,0.000954,0.00445678
S160R,-0.026464,0.04033274
S160N,0.00097,0.004187708
S160D,-0.000524,0.019900769
S160C,0.003852,0.020114972
S160Q,-0.004044,0.030120214
S160E,-0.003222,0.034342815
S160G,0.001008,0.004412792
S160H,-0.005708,0.031196044
S160I,-0.003218,0.030329007
S160L,-0.004036,0.030294467
S160K,-0.0132,0.031045
S160M,-0.003378,0.030383669
S160F,-0.004992,0.048181946
S160P,0.00097,0.004352758
S160T,-0.000108,0.00615288
S160W,-0.017756,0.050226966
S160Y,0.007468,0.07247744
S160V,0.001226,0.004270541
L161A,0,0
L161R,-0.000952,0.012430885
L161N,0,0
L161D,0.00143,0.007946955
L161C,0,0
L161Q,0,0
L161E,0.001438,0.006637948
L161G,-7.00E-05,0.00049
L161H,1.80E-05,0.000126
L161I,0.000122,0.000621382
L161K,0.00027,0.004367024
L161M,0,0
L161F,0.00068,0.003405819
L161P,0,0
L161S,0,0
L161T,0,0
L161W,-0.000408,0.003073424
L161Y,3.40E-05,0.000228569
L161V,0,0
N162A,0.098508,0.192906158
N162R,0.188756,0.759041095
N162D,0.082544,0.155162026
N162C,0.085352,0.185348214
N162Q,0.015826,0.118911489
N162E,0.012784,0.169895345
N162G,0.09233,0.175819405
N162H,0.024846,0.2005822
N162I,0.015062,0.086007118
N162L,0.034522,0.117905719
N162K,0.130692,0.433340252
N162M,0.0102,0.197884665
N162F,-0.081318,0.304780911
N162P,0.092108,0.191533996
N162S,0.102646,0.194753948
N162T,0.070858,0.179027723
N162W,-0.043468,0.427521941
N162Y,0.268376,0.738363492
N162V,0.070056,0.171509658
Q163A,0.102252,0.532809899
Q163R,-0.203836,0.526288629
Q163N,0.171454,0.401009797
Q163D,0.270114,0.455380004
Q163C,0.096176,0.481509834
Q163E,0.022286,0.378735324
Q163G,0.075078,0.563317307
Q163H,0.099856,0.463431497
Q163I,0.158214,0.373201809
Q163L,0.200518,0.3243784
Q163K,-0.037182,0.318740143
Q163M,0.08815,0.480913386
Q163F,0.223826,0.648628664
Q163P,0.136812,0.597641922
Q163S,0.095782,0.552665163
Q163T,0.149954,0.504068754
Q163W,0.450568,0.751081628
Q163Y,0.361088,0.686006172
Q163V,0.118874,0.448256264
V164A,0.36228,0.286923337
V164R,0.676146,0.531593875
V164N,0.193432,0.258845448
V164D,-0.050464,0.279143167
V164C,0.0753,0.186341391
V164Q,0.11023,0.256903464
V164E,-0.1281,0.245795583
V164G,0.555918,0.458813917
V164H,0.300778,0.482099714
V164I,0.04826,0.177097682
V164L,0.069356,0.230023711
V164K,0.534778,0.532930834
V164M,0.06681,0.301731308
V164F,0.341672,0.47331099
V164P,0.561972,0.503254024
V164S,0.357796,0.330183214
V164T,0.176872,0.244424208
V164W,0.384902,0.525718053
V164Y,0.364532,0.545811168
I165A,1.144,0.913620349
I165R,0.559248,1.156971705
I165N,0.980992,0.812634526
I165D,1.26871,1.026285913
I165C,0.801928,0.774906555
I165Q,0.858728,1.132429826
I165E,1.07935,1.16671432
I165G,1.59457,0.890984272
I165H,1.555978,1.283031868
I165L,-0.37891,0.683878391
I165K,0.922178,0.934497854
I165M,-0.992794,1.066573054
I165F,0.184102,2.259306186
I165P,1.722406,0.822176651
I165S,1.166108,0.868716518
I165T,0.992974,0.765828736
I165W,-0.14207,1.813918237
I165Y,0.970676,1.833849672
I165V,0.218748,0.723045032
K166A,1.71344,0.92973752
K166R,-1.313344,1.654793048
K166N,-0.28274,1.326946226
K166D,2.908628,1.277700887
K166C,1.026382,0.921378063
K166Q,0.38269,1.070240714
K166E,1.606704,1.050227607
K166G,1.75876,0.960835313
K166H,-0.20451,1.240028002
K166I,0.51413,1.062283448
K166L,-0.581324,0.940931692
K166M,-1.601894,1.184997837
K166F,-0.074208,1.300736821
K166P,1.28334,0.913165759
K166S,0.868622,1.18626724
K166T,0.998678,1.16352062
K166W,-0.088658,1.272859965
K166Y,-0.336864,1.303034029
K166V,1.14972,0.967607776
E167A,2.142784,1.038368651
E167R,1.16184,1.234508651
E167N,1.061286,0.827420532
E167D,0.71548,0.863351254
E167C,1.545734,0.932019033
E167Q,0.328326,0.745540606
E167G,2.975416,0.98795908
E167H,1.444852,1.035880227
E167I,0.72638,0.842553257
E167L,0.726716,0.758969171
E167K,1.281514,1.035644253
E167M,-0.002066,0.849674284
E167F,1.59312,1.050809845
E167P,3.299182,1.536059479
E167S,1.377868,1.138080548
E167T,1.232178,1.192647682
E167W,1.45175,1.98939876
E167Y,3.070348,2.056123191
E167V,1.016794,0.890019368
I168A,0.14344,0.477099528
I168R,-0.233678,0.623879089
I168N,-0.043328,0.549556782
I168D,-0.3424,0.703203548
I168C,-0.070524,0.515956067
I168Q,0.001378,0.519502932
I168E,-0.269026,0.620588362
I168G,0.145528,0.561571462
I168H,-0.022296,0.621685593
I168L,0.036168,0.580630646
I168K,-0.114746,0.611771998
I168M,0.012998,0.570034926
I168F,-0.114732,0.623364976
I168P,-0.444352,0.554307867
I168S,-0.041738,0.535647017
I168T,0.08789,0.451561807
I168W,-0.047222,0.652729312
I168Y,-0.061722,0.680053467
I168V,0.062066,0.478124087
I169A,5.378864,1.216753111
I169R,9.55536,2.377467513
I169N,4.3039,1.748379749
I169D,1.670856,2.239550606
I169C,4.344174,0.987846569
I169Q,3.904956,1.624631406
I169E,1.350202,2.074790194
I169G,7.05534,1.480556039
I169H,4.250874,2.393968686
I169L,-0.160384,1.1165256
I169K,5.197662,2.27672491
I169M,-2.35883,1.169248875
I169F,4.045424,2.675454085
I169P,4.916288,1.17341897
I169S,6.475358,1.326831259
I169T,4.994376,1.133375215
I169W,7.601694,5.59295236
I169Y,6.653146,2.672010063
I169V,2.281038,1.036052992
C170A,0.009246,0.344673309
C170R,2.96382,1.725511209
C170N,0.044286,0.359826403
C170D,-0.045998,0.293068789
C170Q,0.35989,0.633113731
C170E,0.076218,0.791883692
C170G,-0.14636,0.568293179
C170H,1.121634,0.520651682
C170I,0.726748,0.5255258
C170L,0.946804,0.759033656
C170K,1.906356,1.1927305
C170M,1.517772,0.805968293
C170F,1.87436,1.369032822
C170P,-0.82781,0.511937077
C170S,-0.267738,0.351330566
C170T,0.170242,0.418937266
C170W,3.475376,1.598161196
C170Y,2.502512,1.2639387
C170V,0.471498,0.555550693
L171A,5.834858,0.894189895
L171R,8.70809,3.775912322
L171N,3.96187,1.413248713
L171D,7.044158,1.097735004
L171C,4.73594,0.838504091
L171Q,4.831004,0.969981678
L171E,5.963056,1.492788106
L171G,6.856144,1.01072678
L171H,4.333996,3.507349346
L171I,1.959056,0.760455037
L171K,3.45338,1.555031687
L171M,0.225322,0.983838049
L171F,5.616374,4.780398323
L171P,7.915362,1.163257893
L171S,6.633418,1.132601152
L171T,4.845176,1.05389751
L171W,21.31977,8.263301069
L171Y,12.329384,7.56994058
L171V,3.452236,0.702393581
Q172A,4.081222,1.605206581
Q172R,2.864892,2.189625329
Q172N,3.93569,1.481593755
Q172D,3.20737,1.483517999
Q172C,4.01822,1.57396459
Q172E,3.850698,1.534462255
Q172G,4.28444,1.628116675
Q172H,3.114234,1.636999367
Q172I,2.404232,1.339339717
Q172L,1.174964,1.735582604
Q172K,2.001096,2.21362525
Q172M,0.34336,1.765069574
Q172F,0.501758,2.320688131
Q172P,3.464642,2.143067019
Q172S,4.2328,1.675787399
Q172T,3.6547,1.717099913
Q172W,7.296508,4.290003591
Q172Y,2.415864,2.521017077
Q172V,2.729478,1.45518533
P173A,2.43434,0.74515972
P173R,11.80096,4.894528877
P173N,3.033074,1.380206655
P173D,2.079116,2.218768781
P173C,2.145448,0.914971757
P173Q,3.93683,2.055362487
P173E,1.28913,2.644688109
P173G,3.44445,0.891891815
P173H,9.78894,5.68192479
P173I,1.483644,1.60837274
P173L,3.38524,1.765608612
P173K,4.533828,2.709145691
P173M,0.191506,2.308899781
P173F,10.370776,6.8346133
P173S,2.883582,0.876841396
P173T,2.095418,1.094881958
P173W,26.2488932,12.4020949
P173Y,15.24691,8.778676566
P173V,0.694234,0.901622668
L174A,4.708002,0.892768655
L174R,3.822908,1.997085387
L174N,3.210186,1.529446627
L174D,5.229302,2.274461832
L174C,3.834742,1.096904466
L174Q,3.122574,1.302204772
L174E,3.860678,2.114670371
L174G,6.364042,1.188876247
L174H,0.768672,1.671909577
L174I,3.034446,1.28080833
L174K,4.762618,1.231433824
L174M,-0.664616,1.23721821
L174F,-0.712254,2.332292866
L174P,3.334,1.427541817
L174S,4.313174,1.331168227
L174T,3.671202,1.292301599
L174W,2.17077,3.934154153
L174Y,1.30099,3.73634462
L174V,2.462704,1.443749921
K175A,8.406324,1.609161611
K175R,7.682732,3.022177889
K175N,11.194244,1.901012054
K175D,13.108824,2.253920153
K175C,9.511852,1.781398689
K175Q,9.12445,1.475891443
K175E,14.298508,2.571053814
K175G,10.70228,1.565930184
K175H,14.793684,4.331641011
K175I,3.640568,2.173875306
K175L,3.05028,1.711086395
K175M,0.023902,1.503874519
K175F,20.2479,5.586417372
K175P,10.536432,1.885523415
K175S,10.602656,1.564087571
K175T,8.64049,1.694140503
K175W,27.7196522,5.752205126
K175Y,38.2248768,8.31759854
K175V,5.196348,1.985446818
