"","RESIDUE","CHAIN","AA","STR","ACC","RSA"
"1",1,FALSE,"M","",243,1.19704433497537
"2",2,FALSE,"F","",189,0.828947368421053
"3",3,FALSE,"Q","",131,0.61214953271028
"4",4,FALSE,"T","",105,0.644171779141104
"5",5,FALSE,"F","",86,0.37719298245614
"6",6,FALSE,"I","",152,0.779487179487179
"7",7,FALSE,"S","",60,0.41958041958042
"8",8,FALSE,"R","S",153,0.577358490566038
"9",9,FALSE,"H","",5,0.0231481481481481
"10",10,FALSE,"N","",55,0.294117647058824
"11",11,FALSE,"S","",56,0.391608391608392
"12",12,FALSE,"N","",52,0.27807486631016
"13",13,FALSE,"F","S",175,0.767543859649123
"14",14,FALSE,"F","",155,0.679824561403509
"15",15,FALSE,"S","",62,0.433566433566434
"16",16,FALSE,"D","E",46,0.245989304812834
"17",17,FALSE,"K","E",145,0.630434782608696
"18",18,FALSE,"L","",17,0.0890052356020942
"19",19,FALSE,"V","",125,0.753012048192771
"20",20,FALSE,"L","",67,0.350785340314136
"21",21,FALSE,"T","",91,0.558282208588957
"22",22,FALSE,"S","E",46,0.321678321678322
"23",23,FALSE,"V","E",5,0.0301204819277108
"24",24,FALSE,"T","",80,0.49079754601227
"25",25,FALSE,"P","",5,0.0324675324675325
"26",26,FALSE,"A","B",31,0.256198347107438
"27",27,FALSE,"S","S",87,0.608391608391608
"28",28,FALSE,"S","S",65,0.454545454545455
"29",29,FALSE,"A","",0,0
"30",30,FALSE,"P","B",26,0.168831168831169
"31",31,FALSE,"V","B",16,0.0963855421686747
"32",32,FALSE,"L","S",12,0.06282722513089
"33",33,FALSE,"Q","S",38,0.177570093457944
"34",34,FALSE,"T","",112,0.687116564417178
"35",35,FALSE,"P","",20,0.12987012987013
"36",36,FALSE,"K","B",108,0.469565217391304
"37",37,FALSE,"A","S",52,0.429752066115702
"38",38,FALSE,"T","S",31,0.190184049079755
"39",39,FALSE,"S","E",23,0.160839160839161
"40",40,FALSE,"S","E",3,0.020979020979021
"41",41,FALSE,"T","E",9,0.0552147239263804
"42",42,FALSE,"L","E",1,0.00523560209424084
"43",43,FALSE,"Y","E",82,0.32156862745098
"44",44,FALSE,"F","E",13,0.0570175438596491
"45",45,FALSE,"D","E",130,0.695187165775401
"46",46,FALSE,"S","E",44,0.307692307692308
"47",47,FALSE,"L","E",0,0
"48",48,FALSE,"T","E",41,0.251533742331288
"49",49,FALSE,"V","E",1,0.00602409638554217
"50",50,FALSE,"N","",56,0.299465240641711
"51",51,FALSE,"A","S",64,0.528925619834711
"52",52,FALSE,"G","E",14,0.144329896907216
"53",53,FALSE,"N","E",102,0.545454545454545
"54",54,FALSE,"G","E",0,0
"55",55,FALSE,"G","E",0,0
"56",56,FALSE,"F","E",11,0.0482456140350877
"57",57,FALSE,"L","E",2,0.0104712041884817
"58",58,FALSE,"H","E",10,0.0462962962962963
"59",59,FALSE,"C","E",0,0
"60",60,FALSE,"I","E",0,0
"61",61,FALSE,"Q","E",58,0.271028037383178
"62",62,FALSE,"M","",5,0.0246305418719212
"63",63,FALSE,"D","",54,0.288770053475936
"64",64,FALSE,"T","",69,0.423312883435583
"65",65,FALSE,"S","",87,0.608391608391608
"66",66,FALSE,"V","S",69,0.41566265060241
"67",67,FALSE,"N","",145,0.775401069518717
"68",68,FALSE,"A","",39,0.322314049586777
"69",69,FALSE,"A","S",54,0.446280991735537
"70",70,FALSE,"N","E",104,0.556149732620321
"71",71,FALSE,"Q","E",14,0.0654205607476635
"72",72,FALSE,"V","E",48,0.289156626506024
"73",73,FALSE,"V","E",0,0
"74",74,FALSE,"S","E",2,0.013986013986014
"75",75,FALSE,"V","E",0,0
"76",76,FALSE,"G","E",9,0.0927835051546392
"77",77,FALSE,"A","E",9,0.0743801652892562
"78",78,FALSE,"D","E",79,0.422459893048128
"79",79,FALSE,"I","E",8,0.041025641025641
"80",80,FALSE,"A","E",14,0.115702479338843
"81",81,FALSE,"F","E",13,0.0570175438596491
"82",82,FALSE,"D","S",98,0.524064171122995
"83",83,FALSE,"A","S",49,0.40495867768595
"84",84,FALSE,"D","",62,0.331550802139037
"85",85,FALSE,"P","",18,0.116883116883117
"86",86,FALSE,"K","",157,0.682608695652174
"87",87,FALSE,"F","",11,0.0482456140350877
"88",88,FALSE,"F","E",106,0.464912280701754
"89",89,FALSE,"A","E",16,0.132231404958678
"90",90,FALSE,"C","E",5,0.0337837837837838
"91",91,FALSE,"L","E",0,0
"92",92,FALSE,"V","E",0,0
"93",93,FALSE,"R","E",4,0.0150943396226415
"94",94,FALSE,"F","E",2,0.0087719298245614
"95",95,FALSE,"E","E",30,0.14018691588785
"96",96,FALSE,"S","E",22,0.153846153846154
"97",97,FALSE,"S","S",84,0.587412587412587
"98",98,FALSE,"S","S",70,0.48951048951049
"99",99,FALSE,"V","",97,0.58433734939759
"100",100,FALSE,"P","",8,0.051948051948052
"101",101,FALSE,"T","S",106,0.650306748466258
"102",102,FALSE,"T","B",58,0.355828220858896
"103",103,FALSE,"L","",2,0.0104712041884817
"104",104,FALSE,"P","",39,0.253246753246753
"105",105,FALSE,"T","S",148,0.907975460122699
"106",106,FALSE,"A","",71,0.586776859504132
"107",107,FALSE,"Y","",84,0.329411764705882
"108",108,FALSE,"D","E",68,0.363636363636364
"109",109,FALSE,"V","E",75,0.451807228915663
"110",110,FALSE,"Y","E",44,0.172549019607843
"111",111,FALSE,"P","",114,0.74025974025974
"112",112,FALSE,"L","",26,0.136125654450262
"113",113,FALSE,"N","",122,0.6524064171123
"114",114,FALSE,"G","",24,0.247422680412371
"115",115,FALSE,"R","E",165,0.622641509433962
"116",116,FALSE,"H","E",98,0.453703703703704
"117",117,FALSE,"D","E",121,0.647058823529412
"118",118,FALSE,"G","T",39,0.402061855670103
"119",119,FALSE,"G","T",10,0.103092783505155
"120",120,FALSE,"Y","E",140,0.549019607843137
"121",121,FALSE,"Y","E",6,0.0235294117647059
"122",122,FALSE,"T","E",42,0.257668711656442
"123",123,FALSE,"V","E",6,0.036144578313253
"124",124,FALSE,"K","E",121,0.526086956521739
"125",125,FALSE,"D","E",22,0.117647058823529
"126",126,FALSE,"C","E",36,0.243243243243243
"127",127,FALSE,"V","E",26,0.156626506024096
"128",128,FALSE,"T","E",93,0.570552147239264
"129",129,FALSE,"I","E",4,0.0205128205128205
"130",130,FALSE,"D","E",51,0.272727272727273
"131",131,FALSE,"V","",0,0
"132",132,FALSE,"L","S",45,0.235602094240838
"133",133,FALSE,"P","",41,0.266233766233766
"134",134,FALSE,"R","S",124,0.467924528301887
"135",135,FALSE,"T","S",75,0.460122699386503
"136",136,FALSE,"P","T",125,0.811688311688312
"137",137,FALSE,"G","T",63,0.649484536082474
"138",138,FALSE,"N","",37,0.197860962566845
"139",139,FALSE,"N","E",53,0.283422459893048
"140",140,FALSE,"V","E",1,0.00602409638554217
"141",141,FALSE,"Y","E",5,0.0196078431372549
"142",142,FALSE,"V","E",0,0
"143",143,FALSE,"G","E",0,0
"144",144,FALSE,"F","E",9,0.0394736842105263
"145",145,FALSE,"M","E",1,0.00492610837438424
"146",146,FALSE,"V","E",4,0.0240963855421687
"147",147,FALSE,"W","E",46,0.174242424242424
"148",148,FALSE,"S","E",19,0.132867132867133
"149",149,FALSE,"N","E",97,0.518716577540107
"150",150,FALSE,"F","E",4,0.0175438596491228
"151",151,FALSE,"T","",99,0.607361963190184
"152",152,FALSE,"A","S",70,0.578512396694215
"153",153,FALSE,"T","E",23,0.141104294478528
"154",154,FALSE,"K","E",83,0.360869565217391
"155",155,FALSE,"C","E",2,0.0135135135135135
"156",156,FALSE,"R","E",90,0.339622641509434
"157",157,FALSE,"G","E",20,0.206185567010309
"158",158,FALSE,"L","E",79,0.413612565445026
"159",159,FALSE,"V","E",5,0.0301204819277108
"160",160,FALSE,"S","E",5,0.034965034965035
"161",161,FALSE,"L","E",0,0
"162",162,FALSE,"N","E",18,0.0962566844919786
"163",163,FALSE,"Q","E",2,0.00934579439252336
"164",164,FALSE,"V","",53,0.319277108433735
"165",165,FALSE,"I","S",44,0.225641025641026
"166",166,FALSE,"K","S",150,0.652173913043478
"167",167,FALSE,"E","",168,0.785046728971963
"168",168,FALSE,"I","",61,0.312820512820513
"169",169,FALSE,"I","",155,0.794871794871795
"170",170,FALSE,"C","",79,0.533783783783784
"171",171,FALSE,"L","",143,0.74869109947644
"172",172,FALSE,"Q","",69,0.322429906542056
"173",173,FALSE,"P","T",96,0.623376623376623
"174",174,FALSE,"L","T",155,0.81151832460733
"175",175,FALSE,"K","",198,0.860869565217391
