plq,radius.mean,radius.median,radius.getmode,radius.getquant,radius.max,radius.min,radius.st.err,radius.length
NA,NA,NA,NA,NA,NA,NA,NA,NA
106-107,0.883179170948955,1.00719424460432,1.07913669064748,1.09352517985611,1.15107913669065,0.287769784172662,0.0421766117245508,35
106-108,0.796781929295273,0.839328537170264,1.03117505995204,1.03117505995204,1.15107913669065,0.215827338129496,0.0463047618874516,31
106-12,0.722905546530518,0.767386091127098,0.935251798561151,0.980815347721822,1.03117505995204,0.215827338129496,0.0280426837371113,62
106-42,0.806191410507957,0.911270983213429,0.935251798561151,1.09352517985611,1.19904076738609,0.239808153477218,0.0377839451255237,55
106-48,0.875554875248737,0.935251798561151,1.00719424460432,1.07913669064748,1.15107913669065,0.26378896882494,0.0324868766360153,47
106-50,0.943245403677058,1.00719424460432,1.00719424460432,1.10071942446043,1.15107913669065,0.26378896882494,0.0289254503812725,42
106-51,0.735713316139541,0.743405275779376,0.623501199040767,1.00239808153477,1.12709832134293,0.26378896882494,0.0284814551552911,53
106-53,0.849683889252234,0.887290167865707,1.00719424460432,1.00719424460432,1.03117505995204,0.239808153477218,0.0288103122095959,44
106-59,0.77472715704987,0.839328537170264,0.79136690647482,1.00719424460432,1.12709832134293,0.239808153477218,0.0332455951238075,49
106-77,0.819184652278177,0.839328537170264,0.815347721822542,0.911270983213429,0.935251798561151,0.52757793764988,0.0194663570035849,25
106-79,0.886028019689512,0.959232613908873,0.959232613908873,1.07913669064748,1.15107913669065,0.287769784172662,0.033610490147356,38
106-81,0.801154994371849,0.839328537170264,0.959232613908873,0.988009592326139,1.07913669064748,0.239808153477218,0.0279010585815017,49
106-89,0.786570743405276,0.815347721822542,0.887290167865707,0.916067146282974,1.03117505995204,0.239808153477218,0.0342514552927715,25
106-90,0.913795279565821,0.995203836930456,0.983213429256595,1.07913669064748,1.12709832134293,0.215827338129496,0.0380063133185587,38
106-91,0.699297704693388,0.755395683453237,0.815347721822542,0.863309352517986,1.1031175059952,0.239808153477218,0.026132679051773,56
106-1,0.904529816513761,0.997706422018349,1.03211009174312,1.07798165137615,1.12385321100917,0.160550458715596,0.0394168777739624,32
106-14,0.622301672962763,0.619266055045872,0.573394495412844,0.825688073394495,1.05504587155963,0.137614678899083,0.0220471694518524,68
106-15,0.603514977340555,0.665137614678899,0.825688073394495,0.825688073394495,0.91743119266055,0.137614678899083,0.0245502052713613,83
106-19,0.804837364470392,0.848623853211009,0.986238532110092,0.986238532110092,1.07798165137615,0.298165137614679,0.0271267049387665,55
106-21,0.970575072723204,1.05504587155963,1.10091743119266,1.1697247706422,1.44495412844037,0.137614678899083,0.0421885089704753,41
106-27,0.834097859327217,0.848623853211009,0.940366972477064,0.965596330275229,1.12385321100917,0.55045871559633,0.0263347550214171,30
106-30,0.847219621793672,0.871559633027523,0.940366972477064,1.03211009174312,1.21559633027523,0.36697247706422,0.0260617824277739,49
106-37,0.899323998068566,0.974770642201835,1.03211009174312,1.13073394495413,1.21559633027523,0.252293577981651,0.0369965686546321,38
106-38,0.947739187418086,0.951834862385321,1.10091743119266,1.13761467889908,1.23853211009174,0.435779816513761,0.0346566426143113,28
106-4,0.918780356179169,1.00917431192661,1.1697247706422,1.18807339449541,1.23853211009174,0.298165137614679,0.0740197880428775,17
106-5,0.622542595019659,0.688073394495413,0.894495412844037,0.91743119266055,0.963302752293578,0.137614678899083,0.0472589405417043,35
106-73,0.79024186822352,0.756880733944954,0.940366972477064,1.00229357798165,1.1697247706422,0.389908256880734,0.0406531537816982,22
106-74,0.867389491242702,0.88302752293578,0.871559633027523,1.03211009174312,1.12385321100917,0.298165137614679,0.0238890751403251,44
106-9,0.789199332777314,0.791284403669725,0.779816513761468,1.05504587155963,1.21559633027523,0.206422018348624,0.0369957488442207,44
106-94,1.03757099169943,1.12385321100917,1.19266055045872,1.19266055045872,1.19266055045872,0.412844036697248,0.0419616064335628,21
G106-47,0.661764705882353,0.735294117647059,0.558823529411765,0.911764705882353,1,0.147058823529412,0.0432593615647173,32
106-10,0.737046004842615,0.847457627118644,0.944309927360775,0.995157384987894,1.08958837772397,0.217917675544794,0.0379493676898906,50
106-152,0.737022382330361,0.799031476997579,0.871670702179177,0.871670702179177,0.920096852300242,0.314769975786925,0.0277627337708455,41
106-162,0.801049233252623,0.895883777239709,0.871670702179177,0.98547215496368,1.01694915254237,0.217917675544794,0.0480279065215883,24
106-167,0.778744846541457,0.895883777239709,0.99273607748184,0.99273607748184,1.04116222760291,0.193704600484262,0.0419016693364874,37
106-182,0.810273261847112,0.895883777239709,0.99273607748184,1.02421307506053,1.06537530266344,0.193704600484262,0.0479511231282824,28
106-28,0.766311105294156,0.847457627118644,0.847457627118644,0.929782082324455,0.968523002421308,0.242130750605327,0.0337272108078584,37
106-31,0.740410347903657,0.774818401937046,0.774818401937046,0.920096852300242,0.968523002421308,0.217917675544794,0.0309636128197567,38
106-33,0.767114241690513,0.883777239709443,1.01694915254237,1.06295399515738,1.23486682808717,0.217917675544794,0.0647197411616521,22
106-40,0.774011299435028,0.883777239709443,0.944309927360775,1.01694915254237,1.04116222760291,0.217917675544794,0.0489036508563741,30
106-57,0.75181598062954,0.847457627118644,0.895883777239709,0.922518159806295,0.944309927360775,0.242130750605327,0.0340989326730283,40
106-61,0.712772397094431,0.799031476997579,0.799031476997579,0.871670702179177,0.895883777239709,0.290556900726392,0.0297530778378274,32
106-62,0.761847111726046,0.847457627118644,0.847457627118644,0.927360774818402,1.01694915254237,0.242130750605327,0.0404603367882793,28
106-63,0.778277412659979,0.859564164648911,0.895883777239709,0.927360774818402,1.04116222760291,0.193704600484262,0.0418033367699373,28
106-65,0.816464891041162,0.920096852300242,0.920096852300242,1.00726392251816,1.06537530266344,0.460048426150121,0.0371316275656548,25
106-7,0.728897052684312,0.823244552058111,0.847457627118644,0.944309927360775,0.968523002421308,0.242130750605327,0.0424234554380055,29
106-72,0.811138014527845,0.920096852300242,1.01694915254237,1.01694915254237,1.1138014527845,0.193704600484262,0.0499974678429943,30
106-88,0.736636245110821,0.847457627118644,0.920096852300242,0.920096852300242,0.968523002421308,0.193704600484262,0.0487264497260077,26
106-82,0.798449612403101,0.861111111111111,0.861111111111111,1.07777777777778,1.08333333333333,0.222222222222222,0.0403152632859608,43
106-26,0.741176470588235,0.794117647058823,0.852941176470588,0.944117647058824,0.970588235294118,0.235294117647059,0.0318589741358273,40
106-34,0.840336134453782,0.911764705882353,0.970588235294118,1,1.05882352941176,0.352941176470588,0.0390234718440598,28
11-121,0.403363914373089,0.357798165137615,0.128440366972477,0.724770642201835,1.11926605504587,0.073394495412844,0.0335608093547921,60
11-14,0.816964957136411,0.862385321100917,0.954128440366973,0.954128440366973,1.24770642201835,0.275229357798165,0.0231244321750598,61
11-18,0.767478645998102,0.844036697247706,0.899082568807339,1.01651376146789,1.11926605504587,0.238532110091743,0.0438622522639851,29
11-3,0.3815434430653,0.394495412844037,0.311926605504587,0.532110091743119,0.587155963302752,0.146788990825688,0.0231340030204459,34
11-34,0.911104080987029,1.02752293577982,1.08256880733945,1.15963302752294,1.19266055045872,0.256880733944954,0.0534738535101877,29
11-44,0.835299257317606,0.862385321100917,0.862385321100917,0.990825688073395,1.04587155963303,0.477064220183486,0.0331781200241448,21
11-56,0.801741564297932,0.862385321100917,0.752293577981651,1.06788990825688,1.28440366972477,0.165137614678899,0.0326247498138036,59
11-23,0.930808080808081,1.04545454545455,1.04545454545455,1.15909090909091,1.20454545454545,0.227272727272727,0.037864705064991,45
11-26,0.896232057416268,0.931818181818182,1.02272727272727,1.09090909090909,1.29545454545455,0.181818181818182,0.0241250229649028,76
11-31,0.816498316498317,0.886363636363636,0.931818181818182,1.04545454545455,1.22727272727273,0.159090909090909,0.0267121642359684,81
11-4,0.812705366922234,0.840909090909091,0.818181818181818,1.02272727272727,1.18181818181818,0.181818181818182,0.0229716986196535,83
11-5,0.897393048128342,0.931818181818182,0.977272727272727,1.05227272727273,1.25,0.181818181818182,0.0243107700638631,68
11-6,0.939171122994652,0.977272727272727,1,1.13636363636364,1.47727272727273,0.204545454545455,0.0238728806292729,68
11-15,0.798474945533769,0.892156862745098,0.980392156862745,1.05882352941176,1.07843137254902,0.137254901960784,0.0446212985326847,36
11-22,0.546840958605665,0.588235294117647,0.588235294117647,0.666666666666667,0.725490196078431,0.156862745098039,0.0135848692494916,90
11-41,0.722785665990534,0.823529411764706,0.92156862745098,0.968627450980392,1.07843137254902,0.176470588235294,0.0481446509514138,29
11-1,0.796594709638188,0.869565217391304,0.869565217391304,0.992094861660079,1.16600790513834,0.296442687747036,0.0335313831686876,39
11-17,0.783926218708827,0.839920948616601,0.810276679841897,1,1.34387351778656,0.237154150197628,0.0339220340018679,48
11-2,0.530418198402388,0.573122529644269,0.671936758893281,0.75098814229249,0.8300395256917,0.118577075098814,0.0160226377724548,143
11-35,0.833046915277539,0.869565217391304,1.02766798418972,1.02766798418972,1.30434782608696,0.296442687747036,0.0312747664368226,46
11-8,0.567143853588866,0.632411067193676,0.75098814229249,0.75098814229249,0.8300395256917,0.118577075098814,0.0174320271229276,119
117-1,0.78968253968254,0.805555555555556,0.833333333333333,0.944444444444444,1,0.5,0.0295450654552019,21
117-15,0.594907407407407,0.625,0.833333333333333,0.847222222222222,0.916666666666667,0.138888888888889,0.0408634365754477,36
117-17,0.625,0.722222222222222,0.555555555555556,0.825,0.861111111111111,0.138888888888889,0.0448963040542455,24
117-18,0.654970760233918,0.722222222222222,0.777777777777778,0.777777777777778,0.777777777777778,0.138888888888889,0.0408776159366682,19
117-2,0.664251207729469,0.722222222222222,0.805555555555556,0.861111111111111,0.916666666666667,0.333333333333333,0.0405787951880456,23
117-26,0.730676328502415,0.75,0.805555555555556,0.861111111111111,0.944444444444444,0.222222222222222,0.0216696869018427,46
117-30,0.784188034188034,0.819444444444444,0.833333333333333,0.944444444444444,1.08333333333333,0.333333333333333,0.030982169163063,26
117-33,0.646701388888889,0.694444444444444,0.777777777777778,0.805555555555556,0.833333333333333,0.222222222222222,0.0291505111587073,32
117-4,0.694444444444444,0.75,0.805555555555556,0.844444444444445,0.916666666666667,0.166666666666667,0.0357996036447025,27
117-42,0.686692506459948,0.722222222222222,0.694444444444444,0.833333333333333,0.916666666666667,0.305555555555556,0.0240220587430025,43
117-5,0.654761904761905,0.666666666666667,0.75,0.777777777777778,0.861111111111111,0.25,0.0310015211605643,21
117-58,0.679292929292929,0.722222222222222,0.722222222222222,0.833333333333333,0.861111111111111,0.194444444444444,0.027141570305012,33
117-59,0.737037037037037,0.777777777777778,0.833333333333333,0.861111111111111,1.05555555555556,0.222222222222222,0.0237645210955452,45
117-6,0.776936026936027,0.833333333333333,0.805555555555556,0.972222222222222,1.02777777777778,0.194444444444444,0.0369148773581615,33
117-61,0.720486111111111,0.777777777777778,0.833333333333333,0.861111111111111,0.944444444444444,0.305555555555556,0.0314531306275606,32
117-64,0.64426523297491,0.722222222222222,0.611111111111111,0.805555555555556,0.888888888888889,0.194444444444444,0.0350280878278503,31
117-68,0.727564102564103,0.777777777777778,0.805555555555556,0.833333333333333,0.916666666666667,0.25,0.0283286920435697,26
117-69,0.650997150997151,0.666666666666667,0.722222222222222,0.722222222222222,0.777777777777778,0.416666666666667,0.0131393518316048,39
117-73,0.676666666666667,0.694444444444444,0.75,0.75,0.777777777777778,0.416666666666667,0.0211476292340825,25
117-75,0.616430260047281,0.638888888888889,0.694444444444444,0.694444444444444,0.833333333333333,0.277777777777778,0.0153392273269463,47
117-76,0.594827586206897,0.638888888888889,0.666666666666667,0.722222222222222,0.777777777777778,0.194444444444444,0.0277954665005344,29
117-78,0.626157407407407,0.611111111111111,0.611111111111111,0.777777777777778,0.805555555555556,0.361111111111111,0.0226791765515129,24
117-82,0.611757105943152,0.666666666666667,0.666666666666667,0.75,0.805555555555556,0.194444444444444,0.0242550363038564,43
117-84,0.613562091503268,0.652777777777778,0.694444444444444,0.75,0.805555555555556,0.222222222222222,0.023815426360169,34
117-86,0.621082621082621,0.666666666666667,0.666666666666667,0.755555555555556,0.833333333333333,0.194444444444444,0.0222280127100988,39
117-89,0.498737373737374,0.472222222222222,0.472222222222222,0.611111111111111,0.666666666666667,0.305555555555556,0.0204726491895025,22
117-9,0.686728395061728,0.763888888888889,0.805555555555556,0.902777777777778,0.972222222222222,0.194444444444444,0.0353901560895015,36
117-90,0.650462962962963,0.722222222222222,0.75,0.777777777777778,0.805555555555556,0.194444444444444,0.0323750413485455,24
117-95,0.654970760233918,0.666666666666667,0.666666666666667,0.75,0.777777777777778,0.361111111111111,0.0223109612909544,19
117-14,0.803221288515406,0.857142857142857,0.904761904761905,0.952380952380952,1,0.238095238095238,0.0297236206279884,34
117-16,0.863095238095238,0.880952380952381,1,1,1.07142857142857,0.452380952380952,0.0302071593651815,24
117-20,0.77906976744186,0.880952380952381,0.952380952380952,0.952380952380952,1.02380952380952,0.166666666666667,0.0350898636660354,43
117-29,0.776190476190476,0.857142857142857,0.833333333333333,0.966666666666667,1,0.166666666666667,0.0342400556435974,45
117-41,0.83695652173913,0.880952380952381,1,1,1.07142857142857,0.261904761904762,0.0265086947249883,46
117-50,0.849025974025974,0.916666666666667,0.976190476190476,0.976190476190476,1.02380952380952,0.238095238095238,0.0280390086638592,44
117-52,0.833959899749373,0.904761904761905,0.952380952380952,0.95952380952381,1.07142857142857,0.214285714285714,0.0315767767559366,38
117-57,0.82962962962963,0.904761904761905,0.904761904761905,1.03809523809524,1.14285714285714,0.238095238095238,0.0360927165267741,45
117-67,0.854112554112554,0.904761904761905,0.904761904761905,0.976190476190476,1.04761904761905,0.285714285714286,0.0223460316696223,55
117-227,0.857905982905983,0.884615384615385,0.884615384615385,0.986538461538461,1.01923076923077,0.673076923076923,0.0260682215294317,18
117-212,0.656875,0.75,0.85,0.8525,0.975,0.175,0.0243506450867167,80
117-222,0.674074074074074,0.8,0.8,0.9,0.95,0.125,0.0366471441438574,54
117-44,0.630147058823529,0.75,0.75,0.875,0.9,0.125,0.0432340587573762,34
117-85,0.694852941176471,0.8125,0.825,0.9175,0.975,0.125,0.045445156705735,34
119-1,0.902872777017784,0.976744186046512,1.04651162790698,1.09302325581395,1.13953488372093,0.255813953488372,0.0408089522593942,34
119-10,0.839594514013119,0.953488372093023,0.953488372093023,1.0093023255814,1.06976744186047,0.255813953488372,0.0382141076973168,39
119-11,0.938953488372093,0.976744186046512,1.02325581395349,1.06976744186047,1.25581395348837,0.325581395348837,0.0253719799420979,48
119-12,0.811960132890365,0.883720930232558,0.906976744186046,0.976744186046512,1.04651162790698,0.209302325581395,0.0352159468438538,35
119-15,0.82149591451917,0.883720930232558,0.930232558139535,1,1.04651162790698,0.232558139534884,0.0339224833737568,37
119-18,0.790697674418605,0.837209302325581,0.883720930232558,0.953488372093023,1.02325581395349,0.255813953488372,0.0352407795787748,28
119-22,0.893455922120065,1,1,1.06976744186047,1.27906976744186,0.209302325581395,0.0373823572229787,43
119-26,0.943084455324357,1.04651162790698,1.04651162790698,1.09302325581395,1.11627906976744,0.209302325581395,0.0397679745201516,38
119-28,0.81677237491191,0.883720930232558,0.930232558139535,0.953488372093023,0.976744186046512,0.348837209302326,0.0289772590029254,33
119-3,0.87748156551333,0.976744186046512,1.02325581395349,1.06976744186047,1.13953488372093,0.255813953488372,0.0381529553730254,41
119-34,0.916389811738649,0.988372093023256,1.04651162790698,1.04651162790698,1.06976744186047,0.232558139534884,0.0292394048175245,42
119-35,0.964305029745809,1.02325581395349,1.04651162790698,1.06976744186047,1.2093023255814,0.232558139534884,0.0258459814736204,43
119-37,0.917958656330749,1.01162790697674,1.02325581395349,1.1046511627907,1.2093023255814,0.232558139534884,0.040189423648556,36
119-38,0.884802595997837,0.976744186046512,1.02325581395349,1.08837209302326,1.30232558139535,0.209302325581395,0.0394536259586674,43
119-42,0.912896405919662,0.976744186046512,1.04651162790698,1.09302325581395,1.2093023255814,0.209302325581395,0.0316714165357441,55
119-7,0.82149591451917,0.906976744186046,0.906976744186046,0.976744186046512,1,0.325581395348837,0.0346917694603516,37
119-70,0.901162790697674,0.953488372093023,1,1.02325581395349,1.06976744186047,0.325581395348837,0.0246882348447657,44
119-81,0.895348837209302,0.930232558139535,0.976744186046512,1.02325581395349,1.13953488372093,0.232558139534884,0.0261041443546059,38
119-9,0.921820880752103,1,1,1.09302325581395,1.13953488372093,0.302325581395349,0.0323629018236319,47
119-16,0.878107457898957,0.896551724137931,1.03448275862069,1.03448275862069,1.13793103448276,0.310344827586207,0.0255395770530507,43
119-2,0.96264367816092,1.06896551724138,1.06896551724138,1.17241379310345,1.31034482758621,0.379310344827586,0.0552253566988705,24
119-36,0.916041979010495,0.96551724137931,0.96551724137931,1.02758620689655,1.10344827586207,0.517241379310345,0.0269751463980927,23
119-48,0.887556221889055,0.931034482758621,0.931034482758621,1,1.06896551724138,0.655172413793103,0.0238684495090285,23
119-5,0.718390804597701,0.775862068965517,0.827586206896552,0.910344827586207,0.931034482758621,0.344827586206897,0.0340848270367039,24
119-53,0.77330779054917,0.793103448275862,0.758620689655172,0.920689655172414,1.06896551724138,0.413793103448276,0.0191122554669596,54
119-59,0.873563218390805,0.931034482758621,0.96551724137931,1,1.10344827586207,0.448275862068966,0.031249371715869,24
119-64,0.899616858237548,0.96551724137931,1.13793103448276,1.13793103448276,1.17241379310345,0.344827586206897,0.0319295483392679,45
119-68,0.910962429233145,0.96551724137931,0.96551724137931,1.03448275862069,1.17241379310345,0.310344827586207,0.0197887259998931,67
119-73,0.821316614420063,0.862068965517241,0.862068965517241,0.931034482758621,1,0.517241379310345,0.0151881036501608,55
119-82,0.806426332288401,0.862068965517241,0.896551724137931,1,1.06896551724138,0.310344827586207,0.0290027755936868,44
119-85,0.822660098522167,0.827586206896552,0.793103448275862,1,1.03448275862069,0.413793103448276,0.0282506576914372,28
119-124,0.797508896797153,0.845195729537366,0.925266903914591,0.96085409252669,0.99644128113879,0.302491103202847,0.0255648609930524,50
119-146,0.746144721233689,0.818505338078292,0.854092526690391,0.900355871886121,0.99644128113879,0.106761565836299,0.0313462047009744,45
119-182,0.752669039145907,0.791814946619217,0.907473309608541,0.927046263345196,0.96085409252669,0.391459074733096,0.0380339789737094,20
119-99,0.812748586979276,0.889679715302491,0.889679715302491,0.97864768683274,1.03202846975089,0.124555160142349,0.0387509085037401,34
G119-164,0.703413940256046,0.797297297297297,0.891891891891892,0.962162162162162,1.10810810810811,0.216216216216216,0.042293387086175,38
G119-128,0.688382015096817,0.75812274368231,0.812274368231047,0.897111913357401,1.02888086642599,0.216606498194946,0.0467618282187639,22
G119-132,0.744751972188795,0.794223826714801,0.884476534296029,0.938628158844765,1.01083032490975,0.108303249097473,0.0283630949454321,54
G119-171,0.721601880614558,0.812274368231047,0.848375451263538,0.956678700361011,1.04693140794224,0.0902527075812274,0.0387917897669358,43
G119-180,0.851560840942875,0.902527075812274,1.01083032490975,1.03249097472924,1.11913357400722,0.126353790613718,0.0602306379825345,17
G119-176,0.622514619883041,0.657894736842105,0.631578947368421,0.842105263157895,0.921052631578947,0.157894736842105,0.0208129180314954,90
G123-1_CTA_L,0.801728586171311,0.86687306501548,0.959752321981424,0.990712074303406,1.11455108359133,0.402476780185759,0.0289049754526968,48
G123-10_TTG_L,1.01079407580956,1.02167182662539,1.02167182662539,1.17647058823529,1.76470588235294,0.464396284829721,0.0235696074364111,74
G123-12_TCA_S,1.06829357129849,1.08359133126935,1.05263157894737,1.26934984520124,1.48606811145511,0.43343653250774,0.0205286844805317,85
G123-13_ACA_T,0.977103391964073,0.990712074303406,1.02167182662539,1.11455108359133,1.26934984520124,0.557275541795666,0.013444290728879,91
G123-14_CTT_L,0.833872010342599,0.897832817337461,0.928792569659443,0.990712074303406,1.14551083591331,0.340557275541796,0.0190953085699309,91
G123-16_TGT_C,1.02167182662539,1.05263157894737,1.14551083591331,1.18885448916409,1.45510835913313,0.526315789473684,0.0261294334509162,47
G123-17_ATT_I,0.929451287793953,0.959752321981424,0.990712074303406,1.12693498452012,1.23839009287926,0.371517027863777,0.0289696000324269,47
G123-19_GCA_A,1.00103199174407,1.05263157894737,1.08359133126935,1.17647058823529,1.54798761609907,0.588235294117647,0.0257596968816868,51
G123-2_CTG_L,0.918712650298798,0.928792569659443,0.959752321981424,1.05263157894737,1.42414860681115,0.464396284829721,0.0158125129714969,86
G123-20_AGC_S,0.768927666760484,0.773993808049536,0.835913312693499,0.91640866873065,1.05263157894737,0.495356037151703,0.0167902625554539,55
G123-4_CTC_L,0.976639459611596,0.990712074303406,0.928792569659443,1.14551083591331,1.57894736842105,0.495356037151703,0.0225324152885353,66
123-152,0.52803738317757,0.576923076923077,0.673076923076923,0.692307692307692,0.923076923076923,0.134615384615385,0.0165226988970923,107
123-164,0.56315289648623,0.596153846153846,0.653846153846154,0.673076923076923,0.961538461538462,0.0769230769230769,0.0169775498424209,81
G123-24_GTG_V,0.733486943164363,0.76036866359447,0.898617511520737,0.967741935483871,1.036866359447,0.253456221198157,0.0348523945658837,42
G123-25_GCT_A,0.769709801967867,0.806451612903226,0.645161290322581,0.944700460829493,1.19815668202765,0.43778801843318,0.0285493486632712,37
G123-35_GTC_V,0.751027525221074,0.76036866359447,0.76036866359447,0.91705069124424,1.01382488479263,0.32258064516129,0.0235793940531935,37
G123-36_TGC_C,0.735710243350311,0.783410138248848,0.806451612903226,0.944700460829493,1.036866359447,0.276497695852535,0.02565673115444,57
G123-55_TCT_S,0.722883279455258,0.783410138248848,0.783410138248848,0.898617511520737,1.15207373271889,0.32258064516129,0.0217651353190744,67
G123-56_GCC_A,0.742727534562212,0.771889400921659,0.668202764976959,0.960829493087558,1.08294930875576,0.253456221198157,0.0250234616585026,64
G123-59_GGA_G,0.583717357910906,0.599078341013825,0.276497695852535,0.792626728110599,0.875576036866359,0.276497695852535,0.0387018318158029,24
G123-61_ACC_T,0.748847926267281,0.783410138248848,0.852534562211982,0.914746543778802,1.05990783410138,0.299539170506912,0.0185692225401624,74
G123-65_ATC_I,0.674193548387097,0.737327188940092,0.737327188940092,0.854838709677419,0.921658986175115,0.276497695852535,0.024560217154833,50
123-114,0.778225806451613,0.819444444444444,0.861111111111111,0.888888888888889,1.02777777777778,0.25,0.0182079588964157,62
123-122,0.79224537037037,0.833333333333333,0.833333333333333,0.961111111111111,1.02777777777778,0.277777777777778,0.0241554322406468,48
123-135,0.717078189300412,0.708333333333333,0.694444444444444,0.944444444444444,1.25,0.305555555555556,0.0272394659497808,54
G123-11_GTA_V,0.774069319640565,0.815789473684211,0.789473684210526,1,1.15789473684211,0.131578947368421,0.036805130099556,41
G123-21_GTT_V,0.725633528265107,0.815789473684211,0.842105263157895,0.921052631578947,1.02631578947368,0.0789473684210526,0.0329730896033144,54
G123-22_ATA_I,0.534688995215311,0.552631578947368,0.605263157894737,0.657894736842105,0.736842105263158,0.236842105263158,0.0181050469057867,44
G123-23_TTA_L,0.715643274853801,0.763157894736842,0.763157894736842,0.907894736842105,1,0.105263157894737,0.0373902921812054,36
G123-26_GCG_A,0.705847953216374,0.736842105263158,0.789473684210526,0.868421052631579,1.05263157894737,0.105263157894737,0.0262397744349041,45
G123-30_AGT_S,0.755735492577598,0.789473684210526,0.710526315789474,0.926315789473684,1,0.105263157894737,0.0297331619152984,39
G123-50_TCC_S,0.766290726817043,0.842105263157895,0.842105263157895,0.997368421052632,1.10526315789474,0.131578947368421,0.0370450426812549,42
G123-53_TCG_S,0.732943469785575,0.815789473684211,0.815789473684211,0.957894736842105,1.05263157894737,0.0789473684210526,0.047001790514392,27
125-108,0.6875,0.75,0.833333333333333,0.914583333333333,1.0625,0.145833333333333,0.0361262773774243,42
125-97,0.837239583333333,0.90625,0.958333333333333,0.997916666666667,1.0625,0.229166666666667,0.0342101258956129,32
G125new-8,0.471532091097308,0.5,0.523809523809524,0.595238095238095,0.642857142857143,0.214285714285714,0.0152144176597536,46
G125new-1,0.812453942520265,0.879237288135593,0.953389830508474,1.00635593220339,1.1864406779661,0.254237288135593,0.0313223973666423,46
G128-83,0.654024767801858,0.691176470588235,0.558823529411765,0.911764705882353,0.941176470588235,0.147058823529412,0.0342701826655951,38
128-106,0.854940820258739,0.905587668593449,0.982658959537572,0.982658959537572,1.02119460500963,0.289017341040462,0.0294506544018356,35
128-112,0.736306083126892,0.761078998073218,0.732177263969171,0.888246628131021,1.23314065510597,0.308285163776493,0.0200685428466273,70
128-12,0.748233782915864,0.770712909441233,0.809248554913295,0.944123314065511,1.11753371868979,0.423892100192678,0.0171618394718585,78
128-129,0.689122005756559,0.732177263969171,0.69364161849711,0.828516377649326,1.0019267822736,0.173410404624277,0.0171445785628058,81
128-16,0.60715050310426,0.635838150289017,0.674373795761079,0.751445086705202,0.944123314065511,0.192678227360308,0.0260140634599661,45
128-17,0.848798296318832,0.867052023121387,0.809248554913295,1.0019267822736,1.3102119460501,0.366088631984586,0.0271609528473604,38
128-2,0.730425643720441,0.780346820809249,0.828516377649326,0.905587668593449,1.19460500963391,0.173410404624277,0.0299900475406426,44
128-22,0.801658200502131,0.886319845857418,0.905587668593449,0.998073217726397,1.0597302504817,0.308285163776493,0.0367417164081124,33
128-27,0.814826082547409,0.847784200385357,0.92485549132948,0.92485549132948,0.963391136801541,0.539499036608863,0.0189626559050415,38
128-3,0.745939994494908,0.809248554913295,0.809248554913295,0.980732177263969,1.29094412331407,0.173410404624277,0.0370367102601006,42
128-37,0.596700385356455,0.635838150289017,0.712909441233141,0.732177263969171,0.944123314065511,0.173410404624277,0.0159338172204133,96
128-58,0.789521974493073,0.838150289017341,0.770712909441233,0.982658959537572,1.252408477842,0.23121387283237,0.0337357927658558,42
128-59,0.601874530550929,0.635838150289017,0.69364161849711,0.736030828516378,0.905587668593449,0.250481695568401,0.0187677515848998,59
128_13,0.851010101010101,0.886363636363636,0.886363636363636,1,1.06818181818182,0.363636363636364,0.0206784949190713,45
128-1,0.726458484628419,0.784313725490196,0.843137254901961,0.882352941176471,1.2156862745098,0.176470588235294,0.020907943023181,81
128-21,0.746732026143791,0.862745098039216,0.92156862745098,0.980392156862745,1.25490196078431,0.176470588235294,0.0289329676016641,84
128-26,0.557971014492754,0.529411764705882,0.529411764705882,0.754901960784314,0.823529411764706,0.254901960784314,0.0201930895498415,46
128-32,0.748249299719888,0.843137254901961,0.843137254901961,0.950980392156863,1.07843137254902,0.196078431372549,0.0311704753326142,56
128-51,0.789803921568627,0.862745098039216,0.92156862745098,0.941176470588235,1,0.254901960784314,0.0399846183420577,25
128-8,0.701894317048853,0.725490196078431,0.725490196078431,0.901960784313726,1.17647058823529,0.176470588235294,0.0239315575835537,59
128-9,0.708823529411765,0.803921568627451,0.882352941176471,0.903921568627451,0.96078431372549,0.196078431372549,0.0246400115466634,80
129-1,0.314511080505822,0.326530612244898,0.326530612244898,0.387755102040816,0.448979591836735,0.183673469387755,0.00436404287665034,163
129-12,0.501210653753027,0.530612244897959,0.551020408163265,0.575510204081633,0.612244897959184,0.204081632653061,0.0122081772506524,59
129-14,0.801332778009163,0.857142857142857,0.816326530612245,0.922448979591837,0.959183673469388,0.224489795918367,0.0248297097722648,49
129-15,0.767236624379481,0.795918367346939,0.795918367346939,0.897959183673469,1,0.26530612244898,0.0250629975655413,37
129-17,0.805194805194805,0.846938775510204,0.857142857142857,0.916326530612245,0.938775510204082,0.387755102040816,0.0291637537679618,22
129-26,0.552721088435374,0.571428571428571,0.591836734693878,0.63265306122449,0.653061224489796,0.183673469387755,0.00984478940348553,84
129-3,0.45299431247909,0.489795918367347,0.510204081632653,0.551020408163265,0.591836734693878,0.183673469387755,0.0121048802204217,61
129-30,0.705259026687598,0.775510204081633,0.816326530612245,0.836734693877551,0.877551020408163,0.224489795918367,0.024315861883997,52
129-33,0.747635639621702,0.816326530612245,0.897959183673469,0.897959183673469,0.938775510204082,0.26530612244898,0.0298627010368712,41
129-35,0.468253968253968,0.489795918367347,0.530612244897959,0.551020408163265,0.591836734693878,0.183673469387755,0.0092757751295771,90
129-4,0.458503401360544,0.479591836734694,0.510204081632653,0.53265306122449,0.571428571428571,0.26530612244898,0.0141369328713835,30
129-5,0.735157699443414,0.755102040816326,0.857142857142857,0.897959183673469,1.06122448979592,0.204081632653061,0.0268419985611514,44
129-60,0.379382522239665,0.306122448979592,0.26530612244898,0.759183673469388,0.938775510204082,0.183673469387755,0.0338511470350827,39
129-66,0.236961451247166,0.244897959183673,0.244897959183673,0.26530612244898,0.26530612244898,0.183673469387755,0.00620391509206755,18
129-72,0.725490196078431,0.816326530612245,0.816326530612245,0.877551020408163,0.918367346938776,0.183673469387755,0.0289367471270318,51
129-8,0.408637873754153,0.428571428571429,0.428571428571429,0.469387755102041,0.530612244897959,0.244897959183673,0.0100844656338993,43
129-13,0.7983789260385,0.851063829787234,0.914893617021277,0.957446808510638,1.04255319148936,0.212765957446809,0.0300217592123921,42
129-16,0.81196089706728,0.893617021276596,0.957446808510638,0.978723404255319,1.06382978723404,0.297872340425532,0.0331887851717839,37
129-20,0.803191489361702,0.882978723404255,0.936170212765957,0.985106382978723,1.06382978723404,0.191489361702128,0.0453677044057252,28
129-22,0.476670399402762,0.468085106382979,0.531914893617021,0.574468085106383,0.617021276595745,0.191489361702128,0.0103114572533473,57
129-36,0.806830907054871,0.968085106382979,1.08510638297872,1.11276595744681,1.17021276595745,0.191489361702128,0.0528369990794613,38
129-9,0.420492721164614,0.425531914893617,0.425531914893617,0.517021276595745,0.553191489361702,0.191489361702128,0.0130984369398987,38
129-92,0.807497467071935,0.893617021276596,0.872340425531915,0.978723404255319,1.1063829787234,0.212765957446809,0.0285375433860612,63
129-39,0.203321434114543,0.211081794195251,0.211081794195251,0.24802110817942,0.29023746701847,0.158311345646438,0.00926380287623259,17
129-81,0.948812664907652,1.00263852242744,1.00263852242744,1.05540897097625,1.08179419525066,0.395778364116095,0.0277350419921774,25
129-120,0.971074380165289,0.990909090909091,0.981818181818182,1.08909090909091,1.10909090909091,0.636363636363636,0.0246809730123202,22
129-99,1.02200956937799,1.01818181818182,1.10909090909091,1.10909090909091,1.18181818181818,0.781818181818182,0.021295300453556,19
G129-135,0.616506794564349,0.692446043165468,0.701438848920863,0.760791366906475,0.953237410071942,0.107913669064748,0.049497672441587,18
148-1,0.712925170068027,0.766666666666667,0.8,0.9,0.933333333333333,0.166666666666667,0.0245676201084957,49
148-15,0.762820512820513,0.833333333333333,0.833333333333333,0.933333333333333,1,0.166666666666667,0.0359642235845675,26
148-20,0.838050314465409,0.866666666666667,0.966666666666667,1,1.16666666666667,0.1,0.0177412698624786,106
148-21,0.717216117216117,0.766666666666667,0.833333333333333,0.866666666666667,0.966666666666667,0.133333333333333,0.0170895685821619,91
148-27,0.822371364653244,0.9,0.933333333333333,1,1.06666666666667,0.1,0.018081723438779,149
148-3,0.751633986928105,0.8,0.833333333333333,0.9,1.13333333333333,0.166666666666667,0.0166658736042494,102
148-38,0.483687943262411,0.5,0.533333333333333,0.6,0.666666666666667,0.2,0.0105366402969261,94
148-4,0.818965517241379,0.866666666666667,0.933333333333333,0.933333333333333,1.06666666666667,0.466666666666667,0.0179644377882827,58
148-43,0.52434988179669,0.533333333333333,0.566666666666667,0.666666666666667,0.7,0.266666666666667,0.00875498238761593,141
148-44,0.140196078431373,0.133333333333333,0.133333333333333,0.19,0.233333333333333,0.1,0.00609871455318575,34
148-5,0.182352941176471,0.166666666666667,0.133333333333333,0.266666666666667,0.333333333333333,0.1,0.00901960784313726,51
148-6,0.814689265536723,0.9,0.9,1.00666666666667,1.2,0.133333333333333,0.0311507459973866,59
148-60,0.776315789473684,0.8,0.8,0.876666666666667,0.9,0.2,0.0220960979592382,38
148-75,0.781592039800995,0.8,0.833333333333333,0.9,0.966666666666667,0.333333333333333,0.0134183102081233,67
148-8,0.69493670886076,0.733333333333333,0.733333333333333,0.9,0.966666666666667,0.1,0.0248700224441178,79
148-83,0.756338028169014,0.8,0.833333333333333,0.9,0.966666666666667,0.2,0.0182585395778063,71
148-9,0.698888888888889,0.683333333333333,0.666666666666667,0.9,0.933333333333333,0.166666666666667,0.0318234005218612,30
148-11,0.929545454545455,1.01515151515152,1.09090909090909,1.12121212121212,1.18181818181818,0.242424242424242,0.0376861847700354,40
148-111,1.0679970436068,1.09090909090909,1.15151515151515,1.18181818181818,1.24242424242424,0.303030303030303,0.0292266421076401,41
148-2,0.876456876456876,0.939393939393939,0.96969696969697,1.04545454545455,1.12121212121212,0.333333333333333,0.0359307204997626,26
148-25,0.153846153846154,0.151515151515152,0.181818181818182,0.212121212121212,0.272727272727273,0.0606060606060606,0.00664938788995103,52
148-51,1.03212121212121,1.12121212121212,1.15151515151515,1.18181818181818,1.21212121212121,0.212121212121212,0.0306157029087034,50
148-55,0.0833333333333333,0.0909090909090909,0.0909090909090909,0.1,0.121212121212121,0.0606060606060606,0.00757575757575758,8
148-56,0.878169449598021,0.96969696969697,1,1.12121212121212,1.15151515151515,0.242424242424242,0.0368229448137317,49
148-7,0.845117845117845,0.878787878787879,0.939393939393939,1.03030303030303,1.12121212121212,0.272727272727273,0.0329037378547004,36
148-74,0.877810361681329,0.939393939393939,1.06060606060606,1.11818181818182,1.3030303030303,0.303030303030303,0.0320246163718121,62
G15-22i2_TCA_S,0.956593406593407,0.985714285714286,1.02857142857143,1.14285714285714,1.48571428571429,0.257142857142857,0.0276013999516404,52
G15-22i3_TCG_S,0.876036866359447,0.914285714285714,0.914285714285714,1.08571428571429,1.28571428571429,0.342857142857143,0.0259252303785693,62
G15-23i10_ACC_T,0.530714285714286,0.542857142857143,0.571428571428571,0.657142857142857,0.685714285714286,0.257142857142857,0.0157786726210032,40
G15-23i3_TCT_S,0.774891774891775,0.828571428571429,0.828571428571429,0.965714285714286,1.05714285714286,0.257142857142857,0.0312776179940272,33
G15-24i10_TCC_S,0.845714285714286,0.885714285714286,0.885714285714286,1.07428571428571,1.25714285714286,0.257142857142857,0.0351150302199936,45
G15-24i2_ACA_T,0.858385093167702,0.857142857142857,0.885714285714286,1,1.28571428571429,0.342857142857143,0.01722203771132,92
G15-24i9_ACT_T,0.791156462585034,0.828571428571429,0.828571428571429,0.971428571428571,1.02857142857143,0.4,0.0253069163549329,42
G15-25i8_GCC_A,0.854711246200608,0.885714285714286,0.942857142857143,1.02857142857143,1.08571428571429,0.4,0.0230051667116858,47
G15-93_AGC_S,0.957412398921833,1,1.05714285714286,1.11428571428571,1.42857142857143,0.257142857142857,0.0268684100918307,53
G15-96_GCG_A,0.570080862533693,0.571428571428571,0.6,0.685714285714286,0.8,0.257142857142857,0.0100414972311991,106
G15-22i4_AGT_S,0.845612637727333,0.887096774193548,0.913978494623656,1.02150537634409,1.20967741935484,0.349462365591398,0.0199754107898319,81
G15-24i1_GCT_A,0.67601683029453,0.698924731182796,0.725806451612903,0.860215053763441,1.0752688172043,0.32258064516129,0.0143127149078455,115
G15-25i10_ACG_T,0.638346206269877,0.672043010752688,0.698924731182796,0.779569892473118,0.860215053763441,0.295698924731183,0.0157654135480203,71
G15-25i7_TGT_C,0.839093701996928,0.860215053763441,0.913978494623656,0.994623655913978,1.0752688172043,0.349462365591398,0.0166088176747591,70
G15-26i3_TGC_C,0.147849462365591,0.10752688172043,0.0806451612903226,0.158602150537634,1.04838709677419,0.0806451612903226,0.0432425068182797,22
3-1,0.871936758893281,0.956521739130435,0.978260869565217,1.04347826086957,1.10869565217391,0.108695652173913,0.0303461532735253,55
3-2,0.595529699938763,0.652173913043478,0.717391304347826,0.782608695652174,0.847826086956522,0.152173913043478,0.0227332778495294,71
3-6,0.609903381642512,0.641304347826087,0.608695652173913,0.797826086956522,0.934782608695652,0.152173913043478,0.0260031205024293,54
3-63,0.767616191904048,0.91304347826087,0.934782608695652,1.04782608695652,1.1304347826087,0.108695652173913,0.0540859340875804,29
4-1,0.595185185185185,0.611111111111111,0.666666666666667,0.738888888888889,0.777777777777778,0.25,0.0136915239545702,75
4-20,0.775925925925926,0.805555555555556,0.888888888888889,0.944444444444444,1,0.333333333333333,0.0157697830045386,90
4-65,0.871863799283154,0.916666666666667,0.916666666666667,0.972222222222222,1.05555555555556,0.388888888888889,0.0234953914321464,31
4-7,0.808547008547009,0.833333333333333,0.833333333333333,0.972222222222222,1,0.277777777777778,0.0199056553719388,65
4-88,0.653235653235653,0.694444444444444,0.722222222222222,0.75,0.833333333333333,0.25,0.0122343232401584,91
4-59,0.72463768115942,0.826086956521739,0.847826086956522,0.934782608695652,0.978260869565217,0.152173913043478,0.0334542778981198,48
4-68,0.609432571849668,0.717391304347826,0.760869565217391,0.804347826086957,0.847826086956522,0.152173913043478,0.0291526822744889,59
4-9,0.746917585983128,0.826086956521739,0.869565217391304,0.934782608695652,1,0.260869565217391,0.0254770329336929,67
4-91,0.797527706734868,0.847826086956522,0.91304347826087,1,1.04347826086957,0.282608695652174,0.0308910518984595,51
4-146,0.65326278659612,0.666666666666667,0.740740740740741,0.759259259259259,0.851851851851852,0.12962962962963,0.0108938858356568,105
4-161,0.647445746111004,0.669291338582677,0.748031496062992,0.866141732283464,1.10236220472441,0.177165354330709,0.0212855994888777,82
4-165,0.401574803149606,0.374015748031496,0.334645669291339,0.692913385826772,0.748031496062992,0.0984251968503937,0.0444841240332764,25
4-52,0.738782051282051,0.78125,1,1,1.04166666666667,0.145833333333333,0.0303302383857137,52
4-54,0.822368421052632,0.875,0.916666666666667,1.00833333333333,1.08333333333333,0.145833333333333,0.0275406871413641,57
4-120,0.310952380952381,0.321428571428571,0.321428571428571,0.375,0.839285714285714,0.107142857142857,0.0107736095390187,75
4-123,0.809920634920635,0.875,0.892857142857143,0.982142857142857,1.03571428571429,0.267857142857143,0.0274194837321495,45
G4-111,0.406324110671937,0.454545454545455,0.472727272727273,0.509090909090909,0.545454545454545,0.109090909090909,0.0259055748546183,23
G4-116,0.743605546995378,0.781818181818182,0.763636363636364,0.927272727272727,1.05454545454545,0.2,0.0257831151701239,59
G4-119,0.737931034482759,0.872727272727273,0.872727272727273,0.981818181818182,1.12727272727273,0.0909090909090909,0.0539187556623131,29
41-02,0.772786458333333,0.822916666666667,0.833333333333333,0.958333333333333,1,0.208333333333333,0.0335113611458839,32
41-04,0.773726851851852,0.854166666666667,0.791666666666667,0.979166666666667,1.08333333333333,0.25,0.0377011139441116,36
41-07,0.622967479674797,0.625,0.708333333333333,0.791666666666667,0.833333333333333,0.25,0.0239512060586454,41
41-20,0.542824074074074,0.604166666666667,0.729166666666667,0.75625,0.791666666666667,0.104166666666667,0.0494349030087013,18
41-36,0.710227272727273,0.708333333333333,0.666666666666667,0.916666666666667,1,0.270833333333333,0.0546492593900637,11
41-69,0.834558823529412,0.916666666666667,0.9375,0.958333333333333,0.958333333333333,0.25,0.0455270020188239,17
41-1,0.82025974025974,0.857142857142857,0.914285714285714,0.942857142857143,1.02857142857143,0.342857142857143,0.0176651668503393,55
41-10,0.660048426150121,0.657142857142857,0.657142857142857,0.771428571428571,0.828571428571429,0.257142857142857,0.0134416222983568,59
41-109,0.824675324675325,0.871428571428571,0.885714285714286,0.971428571428571,1.05714285714286,0.371428571428571,0.0237123117278897,44
41-136,0.314285714285714,0.314285714285714,0.285714285714286,0.362857142857143,0.428571428571429,0.257142857142857,0.00623150064538184,44
41-3,0.791836734693877,0.8,0.714285714285714,0.971428571428571,1.02857142857143,0.257142857142857,0.0233879094390083,49
41-33,0.59956043956044,0.628571428571429,0.657142857142857,0.714285714285714,0.742857142857143,0.257142857142857,0.0146985981092911,65
41-57,0.725210084033613,0.757142857142857,0.8,0.828571428571429,0.885714285714286,0.257142857142857,0.016196432340167,68
41-23,0.708096590909091,0.738636363636364,0.727272727272727,0.954545454545455,1.04545454545455,0.272727272727273,0.0409989717933044,32
41-62,0.824300699300699,0.818181818181818,0.795454545454545,0.943181818181818,1.02272727272727,0.545454545454545,0.0214892783741296,26
43-104,0.796740994854202,0.849056603773585,0.849056603773585,0.918867924528302,0.962264150943396,0.188679245283019,0.0225634535856499,44
43-125,0.775804661487236,0.811320754716981,0.754716981132076,0.886792452830189,0.962264150943396,0.169811320754717,0.0267991347822271,34
43-13,0.806258628624022,0.849056603773585,0.867924528301887,0.943396226415094,0.981132075471698,0.320754716981132,0.0218831462107475,41
43-164,0.856603773584906,0.886792452830189,0.867924528301887,0.954716981132075,1,0.528301886792453,0.0238910942304687,25
43-165,0.713352685050798,0.792452830188679,0.981132075471698,0.981132075471698,1.0377358490566,0.169811320754717,0.0523094722702874,26
43-19,0.841981132075472,0.905660377358491,0.905660377358491,0.956603773584906,0.981132075471698,0.283018867924528,0.0300441856652195,24
43-21,0.76968119713728,0.811320754716981,0.905660377358491,0.962264150943396,1,0.283018867924528,0.0345375178777883,29
43-23,0.774123989218329,0.830188679245283,0.886792452830189,0.905660377358491,0.981132075471698,0.226415094339623,0.0322515959788002,35
43-29,0.777358490566038,0.867924528301887,0.867924528301887,0.935849056603774,0.962264150943396,0.207547169811321,0.0344259521841446,35
43-31,0.806469002695418,0.849056603773585,0.886792452830189,0.943396226415094,0.962264150943396,0.188679245283019,0.0270655697338486,35
43-38,0.744132535664979,0.811320754716981,0.849056603773585,0.924528301886792,0.981132075471698,0.207547169811321,0.0312892515378887,41
43-42,0.769811320754717,0.830188679245283,0.830188679245283,0.935849056603774,0.981132075471698,0.207547169811321,0.0303724389793708,35
43-47,0.834290401968827,0.905660377358491,0.867924528301887,0.943396226415094,0.962264150943396,0.169811320754717,0.0444942825407761,23
43-5,0.766792452830189,0.792452830188679,0.849056603773585,0.879245283018868,0.924528301886792,0.264150943396226,0.0274262877156504,25
43-52,0.837683729867018,0.886792452830189,0.924528301886792,1.0196380438968,1.15646258503401,0.226415094339623,0.023885731883813,66
43-54,0.701543739279588,0.754716981132076,0.773584905660377,0.864150943396226,0.924528301886792,0.226415094339623,0.0315085282291104,33
43-62,0.814339622641509,0.830188679245283,0.867924528301887,0.867924528301887,0.867924528301887,0.660377358490566,0.0120163647759175,25
43-68,0.763425253991292,0.830188679245283,0.867924528301887,0.905660377358491,0.924528301886792,0.207547169811321,0.0335114535608983,26
43-7,0.803513337670787,0.849056603773585,0.867924528301887,0.909433962264151,0.924528301886792,0.283018867924528,0.0251003461384968,29
43-74,0.728692257644763,0.811320754716981,0.830188679245283,0.890566037735849,0.924528301886792,0.188679245283019,0.0367995874062724,29
43-75,0.810062893081761,0.839622641509434,0.849056603773585,0.909433962264151,0.962264150943396,0.584905660377358,0.0175868111824528,30
43-78,0.719583604424203,0.754716981132076,0.792452830188679,0.816981132075472,1,0.283018867924528,0.0165476776502058,58
43-8,0.76078167115903,0.820754716981132,0.867924528301887,0.935849056603774,1.0377358490566,0.30188679245283,0.0360909016209066,28
43-81,0.640441438234247,0.641509433962264,0.641509433962264,0.754716981132076,0.849056603773585,0.264150943396226,0.0155620029303438,53
43-84,0.709493860437257,0.735849056603774,0.811320754716981,0.864150943396227,0.924528301886792,0.169811320754717,0.0201956754043679,63
43-86,0.913207547169811,0.981132075471698,0.981132075471698,1.05660377358491,1.09433962264151,0.39622641509434,0.0353993642250825,25
43-9,0.774957118353345,0.811320754716981,0.886792452830189,0.89811320754717,1,0.207547169811321,0.0226597905225836,55
43-91,0.514325646401118,0.547169811320755,0.547169811320755,0.611320754716981,0.811320754716981,0.283018867924528,0.0211392301866012,27
43-1,0.938917233560091,0.997732426303855,1.06575963718821,1.06575963718821,1.17913832199546,0.476190476190476,0.0303213094657511,32
43-103,0.843670801653995,0.90702947845805,0.929705215419501,1.02040816326531,1.11111111111111,0.226757369614513,0.0381002062301027,34
43-110,0.86899275839368,0.929705215419501,0.952380952380953,0.997732426303855,1.02040816326531,0.408163265306123,0.0266936739727113,31
43-116,0.878474846728815,0.929705215419501,0.952380952380953,1.04308390022676,1.06575963718821,0.408163265306123,0.0314127894671455,27
43-118,0.812837955695099,0.884353741496599,0.884353741496599,0.997732426303855,1.02040816326531,0.272108843537415,0.0314735851102135,39
43-12,0.942403628117914,0.975056689342404,1.02040816326531,1.12471655328798,1.15646258503401,0.249433106575964,0.0382156252053361,25
43-135,0.892356942777111,0.918367346938776,0.90702947845805,1.02040816326531,1.11111111111111,0.36281179138322,0.0247046515463566,34
43-144,0.820861678004535,0.884353741496599,0.884353741496599,0.988662131519275,1.06575963718821,0.204081632653061,0.0367850263972639,35
43-15,0.793650793650794,0.839002267573696,0.839002267573696,0.997732426303855,1.24716553287982,0.204081632653061,0.0424074897644585,29
43-152,0.835978835978836,0.873015873015873,0.929705215419501,1.02040816326531,1.04308390022676,0.249433106575964,0.0320449814796025,30
43-16,0.789871504157219,0.884353741496599,0.975056689342404,0.975056689342404,1.08843537414966,0.18140589569161,0.0505327339288848,24
43-17,0.833333333333333,0.963718820861678,1.06575963718821,1.06575963718821,1.11111111111111,0.249433106575964,0.0602615975778608,24
43-18,0.790627362055934,0.816326530612245,0.952380952380953,0.977324263038549,1.06575963718821,0.158730158730159,0.0384348737522251,30
43-2,0.829284094590217,0.918367346938776,1.06575963718821,1.06575963718821,1.15646258503401,0.204081632653061,0.0450570016544519,28
43-27,0.869565217391304,0.975056689342404,0.975056689342404,1.04308390022676,1.08843537414966,0.272108843537415,0.0459438226807832,23
43-55,0.739390994493035,0.793650793650794,0.90702947845805,0.90702947845805,0.952380952380953,0.317460317460317,0.0338299296634361,28
43-56,0.874494725426403,0.952380952380953,0.997732426303855,1.14739229024943,1.24716553287982,0.226757369614513,0.0591899365313548,23
43-59,0.830401125967628,0.861678004535148,0.861678004535148,0.997732426303855,1.08843537414966,0.204081632653061,0.0367847777805844,29
43-63,0.696842839699983,0.72562358276644,0.72562358276644,0.884353741496599,0.975056689342404,0.204081632653061,0.0393471198043812,26
43-100,0.772408963585434,0.852941176470588,0.882352941176471,0.966666666666667,0.980392156862745,0.254901960784314,0.0411314809342775,28
43-32,0.706942236354001,0.843137254901961,0.843137254901961,0.96078431372549,1,0.117647058823529,0.0467251138212128,37
43-33,0.791133844842285,0.862745098039216,0.901960784313726,0.92156862745098,0.980392156862745,0.215686274509804,0.0415050697108298,23
43-4,0.566844919786096,0.666666666666667,0.882352941176471,0.882352941176471,0.882352941176471,0.137254901960784,0.0595254095589534,22
43-44,0.674019607843137,0.754901960784314,0.764705882352941,0.862745098039216,0.901960784313726,0.176470588235294,0.0416583078388246,24
43-6,0.745915032679739,0.823529411764706,0.823529411764706,0.901960784313726,0.941176470588235,0.196078431372549,0.0429209872118866,24
43-65,0.620915032679739,0.803921568627451,0.862745098039216,0.882352941176471,0.92156862745098,0.156862745098039,0.0651490543658799,21
45-1,0.747474747474748,0.790909090909091,0.781818181818182,0.914545454545455,0.927272727272727,0.2,0.0445577338596873,18
45-102,0.943030303030303,0.981818181818182,0.963636363636364,1.06545454545455,1.38181818181818,0.454545454545455,0.0232625666525151,45
45-104,0.869818181818182,0.945454545454545,1.03636363636364,1.04727272727273,1.09090909090909,0.254545454545455,0.0442342873380881,25
45-106,0.882154882154882,0.909090909090909,0.909090909090909,1.00727272727273,1.09090909090909,0.581818181818182,0.0234599912638907,27
45-126,0.631060606060606,0.636363636363636,0.654545454545455,0.750909090909091,0.981818181818182,0.236363636363636,0.0172722041161851,48
45-4,0.936363636363636,0.972727272727273,0.981818181818182,1.05272727272727,1.07272727272727,0.618181818181818,0.0229407525941045,22
45-43,0.935227272727273,0.981818181818182,1.03636363636364,1.07272727272727,1.25454545454545,0.254545454545455,0.0325424225311548,32
45-5,0.824589439525751,0.882917466410749,0.940499040307102,1.01818181818182,1.17082533589251,0.249520153550864,0.0234559145322886,77
45-64,0.761128526645768,0.781818181818182,0.781818181818182,0.821818181818182,0.890909090909091,0.272727272727273,0.0211181190572169,29
45-82,0.834648370497427,0.890909090909091,0.945454545454545,1.01090909090909,1.18181818181818,0.236363636363636,0.027729664483172,53
45-93,0.943939393939394,0.963636363636364,0.963636363636364,1.07272727272727,1.4,0.290909090909091,0.0244080816476763,48
45-12,0.871665894499967,0.940499040307102,0.959692898272553,1.04030710172745,1.26679462571977,0.249520153550864,0.0404201482571966,29
45-13,0.874691527282698,0.921305182341651,0.959692898272553,1.04222648752399,1.13243761996161,0.115163147792706,0.0363458386911781,28
45-135,0.781760647403642,0.806142034548944,0.9021113243762,0.934740882917466,1.03646833013436,0.230326295585413,0.0182963124909203,74
45-138,0.787440326787736,0.806142034548944,0.806142034548944,0.971209213051824,1.07485604606526,0.191938579654511,0.0286890444657186,39
45-140,0.749124985886869,0.796545105566219,0.863723608445297,0.921305182341651,0.959692898272553,0.211132437619962,0.0222310513533396,68
45-144,0.849237677905334,0.921305182341651,1.03646833013436,1.03646833013436,1.09404990403071,0.287907869481766,0.0308631201450114,53
45-148,0.768354126679463,0.825335892514395,0.863723608445297,0.919385796545106,0.959692898272553,0.249520153550864,0.0290154431139438,32
45-16,0.835999146939646,0.892514395393474,0.959692898272553,0.990403071017274,1.05566218809981,0.287907869481766,0.0493202216962933,18
45-160,0.800728382302279,0.844529750479846,0.959692898272553,0.959692898272553,1.11324376199616,0.230326295585413,0.0297896941485295,39
45-174,0.720797916095421,0.72936660268714,0.806142034548944,0.882917466410749,1.01727447216891,0.230326295585413,0.0197402090012058,56
45-18,0.927063339731286,1.01727447216891,0.978886756238004,1.15163147792706,1.28598848368522,0.287907869481766,0.0467545918451472,30
45-19,0.770012419555154,0.844529750479846,0.998080614203455,1.03071017274472,1.13243761996161,0.115163147792706,0.0489903516950356,34
45-22,0.374580134357006,0.374280230326296,0.287907869481766,0.518234165067178,1.05566218809981,0.0959692898272553,0.0186824061050542,64
45-25,0.738447567746063,0.786948176583493,0.806142034548944,0.978886756238004,1.49712092130518,0.172744721689059,0.0237854332295403,93
45-27,0.81573896353167,0.9021113243762,0.940499040307102,1.03646833013436,1.09404990403071,0.191938579654511,0.0430921398389205,36
45-34,0.874192985517362,0.921305182341651,0.863723608445297,1.03646833013436,1.05566218809981,0.345489443378119,0.038651189962976,22
45-37,0.933461292386436,0.998080614203455,1.09404990403071,1.09596928982726,1.13243761996161,0.230326295585413,0.0366667346308238,30
45-41,0.823507906041495,0.911708253358925,0.882917466410749,1.05374280230326,1.19001919385797,0.191938579654511,0.0410788868553957,42
45-46,0.869137260691963,0.940499040307102,1.07485604606526,1.09404990403071,1.17082533589251,0.211132437619962,0.0406335023484204,39
45-50,0.861076179760408,0.940499040307102,0.959692898272553,1.021113243762,1.11324376199616,0.172744721689059,0.0368527703841865,29
45-6,0.881616187904616,0.959692898272553,0.978886756238004,1.07485604606526,1.17082533589251,0.230326295585413,0.0267280077566059,59
45-61,0.598499389286337,0.633397312859885,0.690978886756238,0.767754318618042,0.940499040307102,0.249520153550864,0.0226781813279198,55
45-66,0.631139211922773,0.652591170825336,0.614203454894434,0.72936660268714,0.844529750479846,0.441458733205374,0.0108619254981603,68
45-69,0.691425255546132,0.710172744721689,0.710172744721689,0.840690978886756,1.07485604606526,0.172744721689059,0.0259885152711468,43
45-8,0.940499040307102,0.921305182341651,1.09404990403071,1.09404990403071,1.11324376199616,0.72936660268714,0.0249395486966239,22
45-9,0.383295527249462,0.211132437619962,0.211132437619962,1.00959692898273,1.17082533589251,0.115163147792706,0.0601041879291481,33
45-101,0.804090909090909,0.840909090909091,0.840909090909091,0.979545454545455,1.11363636363636,0.272727272727273,0.0280117105598194,50
45-105,0.941558441558442,0.988636363636364,1.04545454545455,1.075,1.13636363636364,0.590909090909091,0.0258610457691526,28
45-125,0.95602766798419,0.954545454545455,0.954545454545455,1.06818181818182,1.18181818181818,0.409090909090909,0.0199111966025713,46
45-130,0.803977272727273,0.863636363636364,0.886363636363636,0.954545454545455,1.04545454545455,0.25,0.0236143476898838,56
45-150,0.882575757575758,0.897727272727273,0.886363636363636,1.00227272727273,1.04545454545455,0.613636363636364,0.0213279603105974,30
45-30,0.623701298701299,0.659090909090909,0.681818181818182,0.772727272727273,0.886363636363636,0.204545454545455,0.0179868838842388,70
45-33,0.812152133580705,0.818181818181818,0.818181818181818,0.981818181818182,1.25,0.25,0.0263415515087791,49
45-35,0.898936170212766,0.931818181818182,1.02272727272727,1.09090909090909,1.38636363636364,0.340909090909091,0.0286414766797532,47
45-38,0.428321678321678,0.431818181818182,0.431818181818182,0.522727272727273,1.04545454545455,0.227272727272727,0.0243635379060908,39
45-70,0.877435064935065,0.931818181818182,1.02272727272727,1.03636363636364,1.27272727272727,0.454545454545455,0.0364698141293387,28
G4new-20,0.647567567567568,0.675675675675676,0.756756756756757,0.772972972972973,0.864864864864865,0.297297297297297,0.0276715931673579,25
G4new-22,0.505630630630631,0.540540540540541,0.594594594594595,0.648648648648649,0.702702702702703,0.162162162162162,0.0188715955225333,48
G4new-25,0.691745799853908,0.72972972972973,0.72972972972973,0.837837837837838,0.918918918918919,0.162162162162162,0.0264208347134667,37
G4new-8,0.816743572841134,0.864864864864865,0.864864864864865,0.972972972972973,1.02702702702703,0.405405405405405,0.0202760307157038,41
G4new-16,0.693984962406015,0.742857142857143,0.8,0.865714285714286,0.914285714285714,0.142857142857143,0.0309309760921343,38
G4new-17,0.764648910411622,0.8,0.714285714285714,0.914285714285714,1.08571428571429,0.171428571428571,0.0216820221352956,59
G4new-31,0.536507936507936,0.571428571428571,0.628571428571429,0.657142857142857,0.714285714285714,0.171428571428571,0.0184514693563711,45
G4new-38,0.764285714285714,0.814285714285714,0.914285714285714,0.931428571428571,1,0.257142857142857,0.0346087390728671,28
G4new-5,0.779802955665025,0.828571428571429,0.828571428571429,1.06571428571429,1.54285714285714,0.142857142857143,0.0388610813880477,58
G4new-61,0.716862846772103,0.763157894736842,0.857142857142857,0.885714285714286,1,0.142857142857143,0.013938773259405,145
G4new-64,0.595383620341176,0.628571428571429,0.714285714285714,0.771428571428571,0.885714285714286,0.131578947368421,0.0163414003232015,93
G4new-67,0.767064983888292,0.789473684210526,0.763157894736842,0.969022556390978,1.05714285714286,0.157894736842105,0.0167566793181449,112
G4new-35,0.632228719948018,0.684210526315789,0.736842105263158,0.763157894736842,0.947368421052632,0.131578947368421,0.0170682066533949,81
G4new-39,0.612105263157895,0.631578947368421,0.578947368421053,0.763157894736842,0.842105263157895,0.131578947368421,0.019989397381822,50
G4new-42,0.476884779516358,0.526315789473684,0.552631578947368,0.631578947368421,0.710526315789474,0.131578947368421,0.0171784054876645,74
G4new-58,0.739035087719298,0.763157894736842,0.684210526315789,0.902631578947368,1.02631578947368,0.263157894736842,0.0227204439793483,48
G4new-74,0.815252416756176,0.842105263157895,0.921052631578947,0.973684210526316,1.07894736842105,0.210526315789474,0.0248600416939632,49
G4new-94,0.747368421052632,0.789473684210526,0.736842105263158,0.936842105263158,1.05263157894737,0.236842105263158,0.0231036207720795,55
G4new-23,0.745073891625616,0.857142857142857,0.928571428571429,0.952380952380952,1.07142857142857,0.119047619047619,0.0346951184379568,58
G4new-55,0.777628032345013,0.833333333333333,0.904761904761905,0.952380952380952,1.04761904761905,0.214285714285714,0.0260136671992969,53
72-1,0.643518518518518,0.666666666666667,0.722222222222222,0.75,0.888888888888889,0.25,0.0152883554472212,60
72-11,0.36437908496732,0.361111111111111,0.361111111111111,0.416666666666667,0.472222222222222,0.25,0.00899030347675223,34
72-12,0.835249042145594,0.888888888888889,0.972222222222222,1,1.05555555555556,0.305555555555556,0.0226893300454334,58
72-16,0.848611111111111,0.888888888888889,0.888888888888889,0.972222222222222,1.02777777777778,0.527777777777778,0.0200641480752786,40
72-20,0.593869731800766,0.611111111111111,0.611111111111111,0.675,0.777777777777778,0.361111111111111,0.0112850948282992,58
72-3,0.344444444444444,0.361111111111111,0.361111111111111,0.391666666666667,0.416666666666667,0.25,0.0112923810042851,20
72-9,0.860119047619048,0.888888888888889,0.944444444444444,0.972222222222222,1.22222222222222,0.333333333333333,0.018687121140773,56
72-15,0.822916666666667,0.891304347826087,1.04347826086957,1.04347826086957,1.06521739130435,0.239130434782609,0.033219618838534,48
72-19,0.73731884057971,0.815217391304348,1,1,1.02173913043478,0.152173913043478,0.0354575362980342,48
72-35,0.740835464620631,0.804347826086957,0.804347826086957,0.934782608695652,1.02173913043478,0.173913043478261,0.0303606644521874,51
72-58,0.395256916996047,0.41304347826087,0.434782608695652,0.497826086956522,0.543478260869565,0.217391304347826,0.0199548363023653,22
72-62,0.720885093167702,0.804347826086957,0.91304347826087,0.967391304347826,1.06521739130435,0.152173913043478,0.0346782418618836,56
72-22,0.525094696969697,0.520833333333333,0.520833333333333,0.68125,1.02083333333333,0.208333333333333,0.0248558832906667,44
72-5,0.742283950617284,0.854166666666667,0.979166666666667,1.05625,1.14583333333333,0.166666666666667,0.038168811264985,54
72-76,0.76161858974359,0.8125,0.8125,0.979166666666667,1.10416666666667,0.145833333333333,0.0317792530792085,52
G72-157,0.839323467230444,0.890909090909091,0.872727272727273,1.05454545454545,1.10909090909091,0.290909090909091,0.0343333883758154,43
G74-17_TCA_S,0.866666666666667,0.877551020408163,0.877551020408163,1.08163265306122,1.26530612244898,0.510204081632653,0.0233671073578381,60
G74-25_AGT_S,0.844201095072175,0.918367346938776,1,1.08163265306122,1.10204081632653,0.244897959183673,0.0354036558653289,41
G74-41_ACG_T,0.659119897959184,0.693877551020408,0.693877551020408,0.86530612244898,1.16326530612245,0.26530612244898,0.0228517611084085,64
G74-45_AGC_S,0.89265306122449,0.897959183673469,0.877551020408163,1.10204081632653,1.3469387755102,0.428571428571429,0.025734111077832,50
G74-19_ACA_T,0.68986568986569,0.692307692307692,0.576923076923077,0.876923076923077,0.923076923076923,0.384615384615385,0.0183772754670906,63
G74-23_ACC_T,0.630769230769231,0.673076923076923,0.769230769230769,0.846153846153846,0.923076923076923,0.230769230769231,0.0248890158440376,60
G74-24_ACT_T,0.553613053613054,0.576923076923077,0.5,0.769230769230769,0.846153846153846,0.230769230769231,0.0279553296117798,33
G74-32_TCC_S,0.749607535321821,0.730769230769231,0.615384615384615,1,1.07692307692308,0.384615384615385,0.024524070663076,49
G74-33_TCT_S,0.768772893772894,0.769230769230769,0.730769230769231,0.923076923076923,1.03846153846154,0.384615384615385,0.0145734514679949,84
G74-8_TCG_S,0.811355311355311,0.846153846153846,0.884615384615385,0.992307692307692,1.23076923076923,0.346153846153846,0.022336960256852,63
G8-205,0.439912280701754,0.375,0.35,0.76,0.925,0.125,0.0259066460819736,57
G8-224,0.458455882352941,0.4875,0.625,0.65,0.925,0.125,0.0228174266248476,68
G8-82,0.675,0.725,0.825,0.925,1.425,0.15,0.0306542870523083,66
G8-116_CAA_Q,0.755408653846154,0.75,0.75,1.025,1.25,0.3125,0.0252649217710783,52
G8-12_TCC_S,0.822115384615385,0.84375,0.875,1,1.25,0.3125,0.021482168559373,65
G8-13_ACA_T,0.890368852459016,0.9375,0.96875,1.0625,1.21875,0.1875,0.022546804390026,61
G8-15_ACT_T,0.790064102564103,0.78125,0.96875,1.0375,1.09375,0.1875,0.0333897322106802,39
G8-16_TCA_S,0.733653846153846,0.75,0.75,0.90625,1.03125,0.34375,0.0182719981456656,65
G8-18_TCT_S,0.85646186440678,0.875,0.875,1.0375,1.375,0.28125,0.0245051505618812,59
G8-23_CCC_P,0.828663793103448,0.875,0.96875,1.00625,1.15625,0.125,0.0399828670894554,29
G8-3_TGC_C,0.835181451612903,0.8125,0.8125,1.09375,1.15625,0.21875,0.0269860855951869,62
G8-42_TTT_F,0.481907894736842,0.46875,0.46875,0.71875,0.75,0.15625,0.0275310077045632,38
G8-44_TGT_C,0.891581632653061,0.9375,0.9375,1.0625,1.15625,0.25,0.0252225894231019,49
G8-48_TTC_F,0.631696428571429,0.625,0.625,0.840625,1.0625,0.1875,0.0370507823900935,28
G8-67_GCT_A,0.559413580246914,0.5625,0.46875,0.71875,1.03125,0.1875,0.0155341197546799,81
G8-73_AGC_S,0.855587121212121,0.875,0.875,1.0625,1.125,0.1875,0.0240245785738978,66
G8-84_TCG_S,0.501875,0.53125,0.625,0.625,0.75,0.1875,0.012600761811586,100
G8-86_CTA_L,0.701822916666667,0.71875,0.6875,0.853125,1.0625,0.34375,0.0196270552159565,48
G8-91_CTT_L,0.783143939393939,0.78125,0.71875,0.9375,1,0.46875,0.0234351085403744,33
G8-95_CTC_L,0.7234375,0.734375,0.8125,0.875,1,0.25,0.0221974291614638,40
G8-1_GCC_A,0.729422784217305,0.799086757990867,0.799086757990867,0.93607305936073,1.00456621004566,0.136986301369863,0.0326233750797164,39
G8-129_GT_V,0.542485606511813,0.582191780821918,0.616438356164383,0.662100456621004,0.684931506849315,0.182648401826484,0.0177159372986353,46
G8-32_ATC_I,0.615952589138249,0.662100456621004,0.684931506849315,0.799086757990867,0.958904109589041,0.205479452054795,0.0251954268000628,47
G8-33_AAC_N,0.824771689497717,0.958904109589041,0.958904109589041,1.07762557077626,1.32420091324201,0.159817351598174,0.0459334192819147,40
G8-38_CCT_P,0.550859807636258,0.593607305936073,0.136986301369863,0.762557077625571,0.890410958904109,0.136986301369863,0.0293267438982104,47
G8-43_TTA_L,0.649869536855838,0.707762557077625,0.730593607305936,0.821917808219178,0.844748858447488,0.136986301369863,0.0314985091893175,28
G8-45_CAC_H,0.683729872626772,0.776255707762557,0.821917808219178,0.93607305936073,1.00456621004566,0.182648401826484,0.0379949023531829,38
G8-51_CCG_P,0.67351598173516,0.776255707762557,0.776255707762557,0.883561643835616,0.958904109589041,0.136986301369863,0.0337032662203595,44
G8-87_CAT_H,0.772539025167251,0.821917808219178,0.821917808219178,0.981735159817351,1.05022831050228,0.273972602739726,0.0308987284236176,43
G8-9_TAC_Y,0.900558092338914,0.970319634703196,1.02739726027397,1.05707762557078,1.0958904109589,0.365296803652968,0.0463001289086452,18
G8-90_TAT_Y,0.854261796042618,0.890410958904109,0.91324200913242,1.01598173515982,1.25570776255708,0.136986301369863,0.0344498208973868,36
G8-104_CTG_L,0.561771561771562,0.586538461538461,0.673076923076923,0.75,0.826923076923077,0.115384615384615,0.0206091759462511,66
G8-11_AGT_S,0.916208791208791,0.980769230769231,0.980769230769231,1.08846153846154,1.19230769230769,0.269230769230769,0.0350994715192258,28
G8-19_GCG_A,0.46824686940966,0.519230769230769,0.634615384615385,0.634615384615385,0.711538461538462,0.0961538461538462,0.0256134615312681,43
G8-22_ACG_T,0.661896243291592,0.711538461538462,0.865384615384615,0.9,0.942307692307692,0.134615384615385,0.034177890002889,43
G8-35_ACC_T,0.926195426195426,0.980769230769231,0.980769230769231,1.16153846153846,1.19230769230769,0.326923076923077,0.0360739146037802,37
G8-37_CGG_R,0.603988603988604,0.711538461538462,0.788461538461538,0.873076923076923,0.961538461538462,0.153846153846154,0.0488218559903449,27
G8-41_CCA_P,0.834319526627219,0.846153846153846,1.07692307692308,1.07692307692308,1.11538461538462,0.326923076923077,0.0326703581689702,39
G8-49_CGT_R,0.805769230769231,0.884615384615385,0.942307692307692,0.982692307692308,1.11538461538462,0.346153846153846,0.0372413659280899,30
G8-78_CGA_R,0.698557692307692,0.769230769230769,0.769230769230769,0.85,0.884615384615385,0.326923076923077,0.0266806098926196,40
G8-54_TTG_L,0.665879574970484,0.696969696969697,0.818181818181818,0.848484848484849,0.939393939393939,0.181818181818182,0.0189228600833418,77
G8-66_CGC_R,0.595959595959596,0.606060606060606,0.636363636363636,0.709090909090909,0.818181818181818,0.363636363636364,0.0132976362777426,57
G8-2_CAG_Q,0.477075217261013,0.450704225352113,0.394366197183099,0.630985915492958,0.676056338028169,0.197183098591549,0.0175667876542297,47
G8-146,0.535227272727273,0.55,0.55,0.875,0.95,0.125,0.0312837363544085,44
G8-190,0.681770833333333,0.75,0.95,0.975,1.15,0.125,0.042026853535214,48
G80-10_TCC,1.06098827719246,1.0580204778157,1.02389078498294,1.19453924914676,1.26279863481229,0.819112627986348,0.0224955562175945,23
G80-15_GCT_WT,0.965743900897484,1.02389078498294,1.09215017064846,1.19453924914676,1.29692832764505,0.409556313993174,0.0305242537103773,54
G80-19_GGA,0.630810874426268,0.648464163822525,0.784982935153584,0.825938566552901,0.921501706484641,0.204778156996587,0.0337331615001045,29
G80-29_TGC,0.654314968308142,0.716723549488055,0.819112627986348,0.887372013651877,1.16040955631399,0.204778156996587,0.0265457300405775,70
G80-3_GGG,0.803493954995083,0.853242320819113,0.887372013651877,0.962457337883959,1.16040955631399,0.170648464163823,0.021615801612879,59
G80-30_GGT,0.777287024024627,0.819112627986348,0.921501706484641,1.02047781569966,1.16040955631399,0.204778156996587,0.0209070168238865,102
G80-32_AAC,0.533327850651754,0.546075085324232,0.511945392491468,0.709897610921501,0.750853242320819,0.204778156996587,0.0157501170185718,83
G80-4_GTA,0.955947414991783,0.98976109215017,0.98976109215017,1.16040955631399,1.26279863481229,0.375426621160409,0.0190889573527397,108
G80-40_GCG,0.90709139173303,0.955631399317406,1.02389078498294,1.09215017064846,1.26279863481229,0.204778156996587,0.029276978139073,45
G80-41_TCA,1.00170648464164,1.02389078498294,1.16040955631399,1.17064846416382,1.29692832764505,0.546075085324232,0.0278815108493635,40
G80-56_ATC,0.612747043416144,0.648464163822525,0.68259385665529,0.750853242320819,0.853242320819113,0.204778156996587,0.0213074334912304,43
G80-63_AGT,0.97541672849582,1.0580204778157,1.12627986348123,1.22866894197952,1.33105802047782,0.307167235494881,0.0310634810835646,69
G80-64_GTC,0.841233725192769,0.921501706484641,0.955631399317406,1.04778156996587,1.12627986348123,0.238907849829352,0.0297480688122536,54
G80-72_TCG,0.924029831879661,0.972696245733788,1.02389078498294,1.16040955631399,1.33105802047782,0.204778156996587,0.032163257359188,54
G80-83_ACC,0.684344097313381,0.68259385665529,0.750853242320819,0.825938566552901,0.887372013651877,0.204778156996587,0.021201537311587,39
G80-84_TCT,0.817267779725117,0.887372013651877,1.02389078498294,1.09215017064846,1.12627986348123,0.204778156996587,0.0463242055548748,37
G80-85_GCC,0.914520632950667,0.955631399317406,1.12627986348123,1.18430034129693,1.33105802047782,0.170648464163823,0.0399255752186848,44
G80-87_GTT,0.765165694153914,0.784982935153584,0.819112627986348,0.887372013651877,0.955631399317406,0.443686006825939,0.0211028086893902,31
G80-89_ACT,0.698805460750853,0.750853242320819,0.750853242320819,0.921501706484641,0.955631399317406,0.204778156996587,0.0303791014126153,40
G80-147,0.630769230769231,0.65,0.8,0.805,0.95,0.15,0.0313799462669588,39
G80-2,0.644631765749778,0.744897959183674,0.857142857142857,0.948979591836735,1,0.163265306122449,0.0411725365857787,46
G80-39,0.552295918367347,0.663265306122449,0.693877551020408,0.836734693877551,1.10204081632653,0.163265306122449,0.0457620914320961,32
G80-47,0.699291961682632,0.816326530612245,0.897959183673469,0.918367346938776,1.14285714285714,0.183673469387755,0.0352967175509162,49
G80-54,0.565798733286418,0.63265306122449,0.653061224489796,0.738775510204082,0.816326530612245,0.183673469387755,0.0317860243420211,29
G80-67,0.690545605997501,0.816326530612245,0.897959183673469,0.96734693877551,1.06122448979592,0.163265306122449,0.0406046980440464,49
G80-8,0.787644787644788,0.857142857142857,0.979591836734694,0.979591836734694,1,0.183673469387755,0.0353431938062239,37
G80-91,0.646727656579873,0.755102040816326,0.755102040816326,1.02857142857143,1.10204081632653,0.163265306122449,0.0580694334859289,29
81-10,0.510204081632653,0.529411764705882,0.529411764705882,0.626470588235294,0.705882352941177,0.264705882352941,0.0107088446622632,98
81-13,0.509803921568627,0.529411764705882,0.529411764705882,0.647058823529412,0.676470588235294,0.264705882352941,0.0258592121320402,21
81-17,0.451764705882353,0.470588235294118,0.529411764705882,0.529411764705882,0.647058823529412,0.294117647058824,0.0182795162712139,25
81-2,0.940660474716202,0.970588235294118,1.05882352941176,1.11764705882353,1.20588235294118,0.264705882352941,0.0281065547770899,57
81-20,0.540013679890561,0.529411764705882,0.529411764705882,0.647058823529412,0.941176470588235,0.294117647058824,0.0108228522917366,86
81-33,0.864253393665158,0.970588235294118,1.05882352941176,1.08823529411765,1.11764705882353,0.264705882352941,0.0268852277026492,78
81-38,0.57631160572337,0.588235294117647,0.588235294117647,0.676470588235294,0.735294117647059,0.294117647058824,0.0111174920005168,74
81-50,0.903440621531632,0.941176470588235,0.970588235294118,1.05882352941176,1.17647058823529,0.294117647058824,0.0252967055565127,53
81-53,0.355536332179931,0.352941176470588,0.352941176470588,0.411764705882353,0.5,0.264705882352941,0.00602948558236219,68
81-9,0.947779111644658,1,1,1.12352941176471,1.23529411764706,0.294117647058824,0.0313166797510048,49
88-103,0.829338842975207,0.886363636363636,0.909090909090909,0.954545454545455,1.02272727272727,0.295454545454545,0.0233379296695962,55
88-129,0.717032967032967,0.75,0.795454545454545,0.840909090909091,0.931818181818182,0.25,0.0149007881928023,91
88-157,0.841354723707665,0.931818181818182,1,1,1.06818181818182,0.204545454545455,0.0321569072095372,51
88-178,0.820158102766798,0.886363636363636,0.886363636363636,0.954545454545455,1.02272727272727,0.25,0.0263743304275941,46
88-187,0.714174403726912,0.736196319018405,0.736196319018405,0.909090909090909,0.954545454545455,0.245398773006135,0.0251292212454073,51
88-24,0.765151515151515,0.863636363636364,0.909090909090909,0.977272727272727,1.18181818181818,0.204545454545455,0.0306506863842918,66
88-31,0.760249554367201,0.840909090909091,0.840909090909091,0.954545454545455,1.13636363636364,0.227272727272727,0.0332520910303063,51
88-4,0.82020202020202,0.886363636363636,0.886363636363636,1,1.20454545454545,0.204545454545455,0.0304817579022683,45
88-41,0.743506493506493,0.784090909090909,0.795454545454545,0.840909090909091,0.909090909090909,0.25,0.0206570257515968,42
88-5,0.877959742432693,0.914668153931958,0.909090909090909,0.980298382598996,1.11363636363636,0.272727272727273,0.0233416052879656,44
88-71,0.742424242424242,0.818181818181818,0.818181818181818,0.886363636363636,0.977272727272727,0.204545454545455,0.0220777875806919,72
G88-6,0.744935655421589,0.792838874680307,0.792838874680307,0.89002557544757,1.0997442455243,0.153452685421995,0.0198502793025822,63
88-1,0.709903593339176,0.766871165644172,0.81799591002045,0.899795501022495,0.899795501022495,0.265848670756646,0.0348512337447248,28
88-10,0.656476378635056,0.715746421267894,0.797546012269939,0.81799591002045,0.858895705521472,0.184049079754601,0.0227239868686174,59
88-11,0.606680299931834,0.633946830265849,0.613496932515337,0.697341513292433,0.736196319018405,0.184049079754601,0.0167302562175937,60
88-180,0.613496932515337,0.644171779141104,0.65439672801636,0.695296523517382,0.736196319018405,0.184049079754601,0.0267145002001843,24
88-2,0.760647283720103,0.828220858895705,0.838445807770961,0.899795501022495,1.00204498977505,0.184049079754601,0.027418882957399,46
88-21,0.609114811568799,0.65439672801636,0.695296523517382,0.777096114519427,0.920245398773006,0.184049079754601,0.0176374050788963,84
88-23,0.668127373648846,0.736196319018405,0.736196319018405,0.797546012269939,0.838445807770961,0.204498977505112,0.0197421044912402,70
88-25,0.756646216768916,0.787321063394683,0.879345603271984,0.879345603271984,0.899795501022495,0.306748466257669,0.027579631454327,24
88-26,0.383367416496251,0.388548057259714,0.347648261758691,0.462167689161554,0.531697341513292,0.184049079754601,0.00853247784506988,75
88-27,0.681138901997798,0.736196319018405,0.756646216768916,0.81799591002045,0.940695296523517,0.184049079754601,0.0216014303203794,52
88-34,0.743906936203024,0.777096114519427,0.777096114519427,0.858895705521472,1.0838445807771,0.224948875255624,0.0179642112659536,61
88-37,0.649028629856851,0.695296523517382,0.736196319018405,0.81799591002045,0.920245398773006,0.184049079754601,0.0188213598526731,80
88-38,0.544573203059911,0.572597137014315,0.633946830265849,0.642126789366053,0.674846625766871,0.245398773006135,0.0204542129853663,27
88-62,0.657266889104151,0.715746421267894,0.715746421267894,0.777096114519427,0.838445807770961,0.204498977505112,0.01832413985168,57
88-77,0.711580701355752,0.787321063394683,0.858895705521472,0.879345603271984,0.920245398773006,0.224948875255624,0.0270533720584849,54
88-78,0.536549859623583,0.572597137014315,0.633946830265849,0.65439672801636,0.695296523517382,0.184049079754601,0.0170426179437988,59
88-130,0.716732542819499,0.757575757575758,0.757575757575758,0.818181818181818,1.03030303030303,0.303030303030303,0.0344302099644529,23
88-39,0.0770254849752758,0.0836820083682008,0.0836820083682008,0.0836820083682008,0.104602510460251,0.0627615062761506,0.00288282599619573,22
88-64,0.0978892150128021,0.0836820083682008,0.0836820083682008,0.125523012552301,0.146443514644351,0.0836820083682008,0.00151288291126441,134
88-194,0.725439167208848,0.783018867924528,0.792452830188679,0.886792452830189,0.943396226415094,0.0566037735849057,0.023375596066513,58
88-203,0.704304245283019,0.754716981132076,0.773584905660377,0.9,1.09433962264151,0.0566037735849057,0.0254782648778336,64
88-211,0.796373779637378,0.794979079497908,0.794979079497908,0.924686192468619,1.04602510460251,0.481171548117155,0.0353895958783345,15
88-222,0.680660888407367,0.75,0.846153846153846,0.884615384615385,1.01923076923077,0.0576923076923077,0.0277636456487597,71
