"","sample.names","codon","aa","radius.getquant","aaexp","aacount","aafreq","codonfreq","fold","bind","aanorm","site","fill","via"
"1","3-1","CAA","Q",1.04347826086957,5.6875,55,0.604395604395604,0.549450549450549,0,0,48.5922330097087,"3","3","FALSE"
"2","3-2","AAT","N",0.782608695652174,4.265625,36,0.395604395604396,0.186813186813187,0.536331,1.766171,42.4077669902913,"3","3","FALSE"
"3","3-6","AAC","N",0.797826086956522,4.265625,36,0.395604395604396,0.208791208791209,0.536331,1.766171,42.4077669902913,"3","3","FALSE"
"4","3-63","CAG","Q",1.04782608695652,5.6875,55,0.604395604395604,0.0549450549450549,0,0,48.5922330097087,"3","3","FALSE"
"39","3","XXX","A",0.1,NA,NA,NA,0,0.517476,2.230328,NA,"3",NA,"TRUE"
"40","3","XXX","R",0.1,NA,NA,NA,0,0.042391,1.337344,NA,"3",NA,"TRUE"
"42","3","XXX","D",0.1,NA,NA,NA,0,0.608305,3.569907,NA,"3",NA,"TRUE"
"43","3","XXX","C",0.1,NA,NA,NA,0,0.387366,1.119768,NA,"3",NA,"TRUE"
"44","3","XXX","E",0.1,NA,NA,NA,0,0.317162,2.922972,NA,"3",NA,"TRUE"
"45","3","XXX","G",0.1,NA,NA,NA,0,0.737398,3.268675,NA,"3",NA,"TRUE"
"46","3","XXX","H",0.1,NA,NA,NA,0,0.648381,1.2646,NA,"3",NA,"TRUE"
"47","3","XXX","I",0.1,NA,NA,NA,0,0.174335,-1.156109,NA,"3",NA,"TRUE"
"48","3","XXX","L",0.1,NA,NA,NA,0,-0.002556,-2.140565,NA,"3",NA,"TRUE"
"49","3","XXX","K",0.1,NA,NA,NA,0,0.044188,0.700241,NA,"3",NA,"TRUE"
"50","3","XXX","M",0.1,NA,NA,NA,0,-0.097816,-2.796345,NA,"3",NA,"TRUE"
"51","3","XXX","F",0.1,NA,NA,NA,0,0.00572,-1.605277,NA,"3",NA,"TRUE"
"52","3","XXX","P",0.1,NA,NA,NA,0,0.819761,1.728296,NA,"3",NA,"TRUE"
"53","3","XXX","S",0.1,NA,NA,NA,0,0.443528,2.802577,NA,"3",NA,"TRUE"
"54","3","XXX","T",0.1,NA,NA,NA,0,0.371038,1.784095,NA,"3",NA,"TRUE"
"55","3","XXX","W",0.1,NA,NA,NA,0,0.240353,0.307113,NA,"3",NA,"TRUE"
"56","3","XXX","Y",0.1,NA,NA,NA,0,0.168399,-0.178953,NA,"3",NA,"TRUE"
"57","3","XXX","V",0.1,NA,NA,NA,0,0.423489,-0.154744,NA,"3",NA,"TRUE"
"110","4-1","GGG","G",0.738888888888889,5.03125,118,0.732919254658385,0.670807453416149,0.385236,1.35043,123.753449862006,"4","4","FALSE"
"210","4-111","GTG","V",0.509090909090909,5.03125,3,0.0186335403726708,0.0186335403726708,-0.619968,-2.259048,3.14627414903404,"4","4","FALSE"
"310","4-116","ACT","T",0.927272727272727,10.0625,5,0.031055900621118,0.0062111801242236,0,0,2.62189512419503,"4","4","FALSE"
"410","4-119","ACC","T",0.981818181818182,10.0625,5,0.031055900621118,0.0062111801242236,0,0,2.62189512419503,"4","4","FALSE"
"5","4-120","GAG","E",0.375,10.0625,2,0.0124223602484472,0.0124223602484472,1.152941,-1.858924,1.04875804967801,"4","4","FALSE"
"6","4-123","GCC","A",0.982142857142857,7.546875,18,0.111801242236025,0.0124223602484472,-0.200708,-0.455352,12.5850965961362,"4","4","FALSE"
"7","4-20","AGG","R",0.944444444444444,5.03125,10,0.062111801242236,0.0186335403726708,-0.07301,0.656669,10.4875804967801,"4","4","FALSE"
"8","4-52","GCA","A",1,7.546875,18,0.111801242236025,0.0062111801242236,-0.200708,-0.455352,12.5850965961362,"4","4","FALSE"
"9","4-54","CAC","H",1.00833333333333,5.03125,3,0.0186335403726708,0.0186335403726708,0.645042,-0.362658,3.14627414903404,"4","4","FALSE"
"10","4-59","CGG","R",0.934782608695652,5.03125,10,0.062111801242236,0.031055900621118,-0.07301,0.656669,10.4875804967801,"4","4","FALSE"
"11","4-65","GGC","G",0.972222222222222,5.03125,118,0.732919254658385,0.0062111801242236,0.385236,1.35043,123.753449862006,"4","4","FALSE"
"12","4-68","GGA","G",0.804347826086957,5.03125,118,0.732919254658385,0.031055900621118,0.385236,1.35043,123.753449862006,"4","4","FALSE"
"13","4-7","GGT","G",0.972222222222222,5.03125,118,0.732919254658385,0.0248447204968944,0.385236,1.35043,123.753449862006,"4","4","FALSE"
"14","4-88","CTG","L",0.75,5.03125,1,0.0062111801242236,0.0062111801242236,-1.282788,-3.016346,1.04875804967801,"4","4","FALSE"
"15","4-9","GCG","A",0.934782608695652,7.546875,18,0.111801242236025,0.093167701863354,-0.200708,-0.455352,12.5850965961362,"4","4","FALSE"
"16","4-91","ACG","T",1,10.0625,5,0.031055900621118,0.0186335403726708,0,0,2.62189512419503,"4","4","FALSE"
"60","4","XXX","N",0.1,NA,NA,NA,0,0.378956,-0.624475,NA,"4",NA,"TRUE"
"61","4","XXX","D",0.1,NA,NA,NA,0,1.620408,-1.338219,NA,"4",NA,"TRUE"
"62","4","XXX","C",0.1,NA,NA,NA,0,-0.262461,-0.698615,NA,"4",NA,"TRUE"
"63","4","XXX","Q",0.1,NA,NA,NA,0,-0.00304,-1.526406,NA,"4",NA,"TRUE"
"67","4","XXX","I",0.1,NA,NA,NA,0,-0.58182,-2.972359,NA,"4",NA,"TRUE"
"69","4","XXX","K",0.1,NA,NA,NA,0,-0.501605,-0.592735,NA,"4",NA,"TRUE"
"70","4","XXX","M",0.1,NA,NA,NA,0,-1.333174,-3.338469,NA,"4",NA,"TRUE"
"71","4","XXX","F",0.1,NA,NA,NA,0,-0.900192,-2.719702,NA,"4",NA,"TRUE"
"72","4","XXX","P",0.1,NA,NA,NA,0,0.057077,6.548399,NA,"4",NA,"TRUE"
"73","4","XXX","S",0.1,NA,NA,NA,0,0.308755,0.821389,NA,"4",NA,"TRUE"
"74","4","XXX","W",0.1,NA,NA,NA,0,0.368684,-2.525132,NA,"4",NA,"TRUE"
"75","4","XXX","Y",0.1,NA,NA,NA,0,-0.409255,-2.30166,NA,"4",NA,"TRUE"
"111","8-1","GCC","A",0.93607305936073,8.296875,13,0.0734463276836158,0.0508474576271186,1.238327,1.718583,8.25336268036195,"8","8","FALSE"
"211","8-104","CTG","L",0.75,5.53125,16,0.0903954802259887,0.00564971751412429,-0.3035,0.385367,15.2369772560528,"8","8","FALSE"
"311","8-11","AGT","S",1.08846153846154,2.765625,26,0.146892655367232,0.0282485875706215,1.542872,1.879885,49.5201760821717,"8","8","FALSE"
"411","8-116","CAA","Q",1.025,5.53125,4,0.0225988700564972,0.0112994350282486,0.930239,0.59699,3.80924431401321,"8","8","FALSE"
"58","8-12","TCC","S",1,2.765625,26,0.146892655367232,0.0225988700564972,1.542872,1.879885,49.5201760821717,"8","8","FALSE"
"64","8-129","GTC","V",0.662100456621004,11.0625,1,0.00564971751412429,0.00564971751412429,2.505802,0.923303,0.476155539251651,"8","8","FALSE"
"76","8-13","ACA","T",1.0625,5.53125,18,0.101694915254237,0.0338983050847458,2.372724,1.425496,17.1415994130594,"8","8","FALSE"
"81","8-15","ACT","T",1.0375,5.53125,18,0.101694915254237,0.0112994350282486,2.372724,1.425496,17.1415994130594,"8","8","FALSE"
"91","8-16","TCA","S",0.90625,2.765625,26,0.146892655367232,0.0282485875706215,1.542872,1.879885,49.5201760821717,"8","8","FALSE"
"101","8-18","TCT","S",1.0375,2.765625,26,0.146892655367232,0.0395480225988701,1.542872,1.879885,49.5201760821717,"8","8","FALSE"
"112","8-19","GCG","A",0.634615384615385,8.296875,13,0.0734463276836158,0.00564971751412429,1.238327,1.718583,8.25336268036195,"8","8","FALSE"
"121","8-2","CAG","Q",0.630985915492958,5.53125,4,0.0225988700564972,0.0112994350282486,0.930239,0.59699,3.80924431401321,"8","8","FALSE"
"131","8-22","ACG","T",0.9,5.53125,18,0.101694915254237,0.0169491525423729,2.372724,1.425496,17.1415994130594,"8","8","FALSE"
"141","8-23","CCC","P",1.00625,8.296875,26,0.146892655367232,0.0508474576271186,5.555499,0.234256,16.5067253607239,"8","8","FALSE"
"151","8-3","TGC","C",1.09375,11.0625,14,0.0790960451977401,0.0395480225988701,0.749028,1.565015,6.66617754952311,"8","8","FALSE"
"161","8-32","ATC","I",0.799086757990867,5.53125,3,0.0169491525423729,0.0112994350282486,2.344545,0.893323,2.8569332355099,"8","8","FALSE"
"17","8-33","AAC","N",1.07762557077626,5.53125,12,0.0677966101694915,0.0564971751412429,0.985693,1.367125,11.4277329420396,"8","8","FALSE"
"18","8-35","ACC","T",1.16153846153846,5.53125,18,0.101694915254237,0.0395480225988701,2.372724,1.425496,17.1415994130594,"8","8","FALSE"
"19","8-37","CGG","R",0.873076923076923,16.59375,23,0.129943502824859,0.0282485875706215,0,0,7.30105160185864,"8","8","FALSE"
"20","8-38","CCT","P",0.762557077625571,8.296875,26,0.146892655367232,0.0225988700564972,5.555499,0.234256,16.5067253607239,"8","8","FALSE"
"21","8-41","CCA","P",1.07692307692308,8.296875,26,0.146892655367232,0.0451977401129944,5.555499,0.234256,16.5067253607239,"8","8","FALSE"
"22","8-42","TTT","F",0.71875,5.53125,4,0.0225988700564972,NA,3.535749,0.201628,3.80924431401321,"8","8","FALSE"
"23","8-43","TTA","L",0.821917808219178,5.53125,16,0.0903954802259887,0.00564971751412429,-0.3035,0.385367,15.2369772560528,"8","8","FALSE"
"24","8-44","TGT","C",1.0625,11.0625,14,0.0790960451977401,0.0169491525423729,0.749028,1.565015,6.66617754952311,"8","8","FALSE"
"25","8-45","CAC","H",0.93607305936073,5.53125,10,0.0564971751412429,0.0338983050847458,3.205923,1.40766,9.52311078503302,"8","8","FALSE"
"26","8-48","TTC","F",0.840625,5.53125,4,0.0225988700564972,0.0169491525423729,3.535749,0.201628,3.80924431401321,"8","8","FALSE"
"27","8-49","CGT","R",0.982692307692308,16.59375,23,0.129943502824859,0.0338983050847458,0,0,7.30105160185864,"8","8","FALSE"
"28","8-51","CCG","P",0.883561643835616,8.296875,26,0.146892655367232,0.0282485875706215,5.555499,0.234256,16.5067253607239,"8","8","FALSE"
"29","8-54","TTG","L",0.848484848484849,5.53125,16,0.0903954802259887,0.0169491525423729,-0.3035,0.385367,15.2369772560528,"8","8","FALSE"
"30","8-66","CGC","R",0.709090909090909,16.59375,23,0.129943502824859,0.0338983050847458,0,0,7.30105160185864,"8","8","FALSE"
"31","8-67","GCT","A",0.71875,8.296875,13,0.0734463276836158,0.0169491525423729,1.238327,1.718583,8.25336268036195,"8","8","FALSE"
"32","8-73","AGC","S",1.0625,2.765625,26,0.146892655367232,0.0282485875706215,1.542872,1.879885,49.5201760821717,"8","8","FALSE"
"33","8-78","CGA","R",0.85,16.59375,23,0.129943502824859,0.0282485875706215,0,0,7.30105160185864,"8","8","FALSE"
"34","8-84","TCG","S",0.625,2.765625,26,0.146892655367232,0.0112994350282486,1.542872,1.879885,49.5201760821717,"8","8","FALSE"
"35","8-86","CTA","L",0.853125,5.53125,16,0.0903954802259887,0.0282485875706215,-0.3035,0.385367,15.2369772560528,"8","8","FALSE"
"36","8-87","CAT","H",0.981735159817351,5.53125,10,0.0564971751412429,0.0225988700564972,3.205923,1.40766,9.52311078503302,"8","8","FALSE"
"37","8-9","TAC","Y",1.05707762557078,5.53125,5,0.0282485875706215,0.0169491525423729,4.836055,0.194126,4.76155539251651,"8","8","FALSE"
"38","8-90","TAT","Y",1.01598173515982,5.53125,5,0.0282485875706215,0.0282485875706215,4.836055,0.194126,4.76155539251651,"8","8","FALSE"
"391","8-91","CTT","L",0.9375,5.53125,16,0.0903954802259887,0.0112994350282486,-0.3035,0.385367,15.2369772560528,"8","8","FALSE"
"401","8-95","CTC","L",0.875,5.53125,16,0.0903954802259887,0.0112994350282486,-0.3035,0.385367,15.2369772560528,"8","8","FALSE"
"136","8","XXX","D",0.1,NA,NA,NA,0,2.428523,2.141661,NA,"8",NA,"TRUE"
"139","8","XXX","E",0.1,NA,NA,NA,0,2.027294,1.121264,NA,"8",NA,"TRUE"
"140","8","XXX","G",0.1,NA,NA,NA,0,1.051098,2.158065,NA,"8",NA,"TRUE"
"144","8","XXX","K",0.1,NA,NA,NA,0,0.100151,0.501605,NA,"8",NA,"TRUE"
"145","8","XXX","M",0.1,NA,NA,NA,0,-0.416324,0.091866,NA,"8",NA,"TRUE"
"150","8","XXX","W",0.1,NA,NA,NA,0,4.98444,-0.212387,NA,"8",NA,"TRUE"
"113","11-1","GCT","A",0.992094861660079,5.90625,23,0.182539682539683,0.0634920634920635,0.111623,-0.259728,16.7808496291301,"11","11","FALSE"
"212","11-121","ACA","T",0.724770642201835,3.9375,1,0.00793650793650794,0.00793650793650794,0.424707,-0.893184,1.0944032366824,"11","11","FALSE"
"312","11-14","TCC","S",0.954128440366973,3.9375,36,0.285714285714286,0.0476190476190476,0,0,39.3985165205664,"11","11","FALSE"
"412","11-15","AGT","S",1.05882352941176,3.9375,36,0.285714285714286,0.0158730158730159,0,0,39.3985165205664,"11","11","FALSE"
"59","11-17","TCA","S",1,3.9375,36,0.285714285714286,0.0238095238095238,0,0,39.3985165205664,"11","11","FALSE"
"65","11-18","GCG","A",1.01651376146789,5.90625,23,0.182539682539683,0.0634920634920635,0.111623,-0.259728,16.7808496291301,"11","11","FALSE"
"77","11-2","GGA","G",0.75098814229249,3.9375,32,0.253968253968254,0.0555555555555556,0.294846,0.896506,35.0209035738368,"11","11","FALSE"
"82","11-22","GGC","G",0.666666666666667,3.9375,32,0.253968253968254,0.0396825396825397,0.294846,0.896506,35.0209035738368,"11","11","FALSE"
"92","11-23","CCG","P",1.15909090909091,3.9375,18,0.142857142857143,0.0317460317460317,0.422618,-2.538898,19.6992582602832,"11","11","FALSE"
"102","11-26","TGC","C",1.09090909090909,7.875,16,0.126984126984127,0.0476190476190476,0.141887,-1.014805,8.7552258934592,"11","11","FALSE"
"114","11-3","GGG","G",0.532110091743119,3.9375,32,0.253968253968254,0.0793650793650794,0.294846,0.896506,35.0209035738368,"11","11","FALSE"
"122","11-31","GCA","A",1.04545454545455,5.90625,23,0.182539682539683,0.0317460317460317,0.111623,-0.259728,16.7808496291301,"11","11","FALSE"
"132","11-34","CCT","P",1.15963302752294,3.9375,18,0.142857142857143,0.0317460317460317,0.422618,-2.538898,19.6992582602832,"11","11","FALSE"
"142","11-35","CCC","P",1.02766798418972,3.9375,18,0.142857142857143,0.0158730158730159,0.422618,-2.538898,19.6992582602832,"11","11","FALSE"
"152","11-4","CCA","P",1.02272727272727,3.9375,18,0.142857142857143,0.0634920634920635,0.422618,-2.538898,19.6992582602832,"11","11","FALSE"
"162","11-41","TGT","C",0.968627450980392,7.875,16,0.126984126984127,NA,0.141887,-1.014805,8.7552258934592,"11","11","FALSE"
"171","11-44","TCG","S",0.990825688073395,3.9375,36,0.285714285714286,0.0396825396825397,0,0,39.3985165205664,"11","11","FALSE"
"181","11-5","TCT","S",1.05227272727273,3.9375,36,0.285714285714286,0.0793650793650794,0,0,39.3985165205664,"11","11","FALSE"
"191","11-56","AGC","S",1.06788990825688,3.9375,36,0.285714285714286,0.0317460317460317,0,0,39.3985165205664,"11","11","FALSE"
"205","11-6","GCC","A",1.13636363636364,5.90625,23,0.182539682539683,0.0238095238095238,0.111623,-0.259728,16.7808496291301,"11","11","FALSE"
"213","11-8","GGT","G",0.75098814229249,3.9375,32,0.253968253968254,0.0793650793650794,0.294846,0.896506,35.0209035738368,"11","11","FALSE"
"192","11","XXX","R",0.1,NA,NA,NA,0,-0.190976,3.531723,NA,"11",NA,"TRUE"
"193","11","XXX","N",0.1,NA,NA,NA,0,0.276976,0.347108,NA,"11",NA,"TRUE"
"194","11","XXX","D",0.1,NA,NA,NA,0,0.432955,1.547954,NA,"11",NA,"TRUE"
"196","11","XXX","Q",0.1,NA,NA,NA,0,0.10872,0.292354,NA,"11",NA,"TRUE"
"197","11","XXX","E",0.1,NA,NA,NA,0,0.296574,0.817485,NA,"11",NA,"TRUE"
"199","11","XXX","H",0.1,NA,NA,NA,0,0.332236,6.711338,NA,"11",NA,"TRUE"
"200","11","XXX","I",0.1,NA,NA,NA,0,0.685835,-2.259319,NA,"11",NA,"TRUE"
"201","11","XXX","L",0.1,NA,NA,NA,0,-0.144534,-1.276057,NA,"11",NA,"TRUE"
"202","11","XXX","K",0.1,NA,NA,NA,0,-0.118725,1.013329,NA,"11",NA,"TRUE"
"203","11","XXX","M",0.1,NA,NA,NA,0,-0.391612,-2.335243,NA,"11",NA,"TRUE"
"204","11","XXX","F",0.1,NA,NA,NA,0,-0.090627,6.013249,NA,"11",NA,"TRUE"
"207","11","XXX","W",0.1,NA,NA,NA,0,0.131783,12.211151,NA,"11",NA,"TRUE"
"208","11","XXX","Y",0.1,NA,NA,NA,0,0.020633,10.189661,NA,"11",NA,"TRUE"
"209","11","XXX","V",0.1,NA,NA,NA,0,0.68883,-2.272259,NA,"11",NA,"TRUE"
"115","15-107","GCT","A",1.55172413793103,7.5,18,0.1125,0.04375,-0.359269,1.002462,12.4935940660823,"15","15","FALSE"
"214","15-142","TCC","S",1.3448275862069,5,57,0.35625,0.0625,0,0,59.3445718138908,"15","15","FALSE"
"313","15-22i2","TCA","S",1.14285714285714,5,57,0.35625,0.1125,0,0,59.3445718138908,"15","15","FALSE"
"413","15-22i3","TCG","S",1.08571428571429,5,57,0.35625,0.05,0,0,59.3445718138908,"15","15","FALSE"
"510","15-22i4","AGT","S",1.02150537634409,5,57,0.35625,0.03125,0,0,59.3445718138908,"15","15","FALSE"
"66","15-23i10","ACC","T",0.657142857142857,5,72,0.45,0.125,-0.208255,0.285337,74.9615643964936,"15","15","FALSE"
"78","15-23i3","TCT","S",0.965714285714286,5,57,0.35625,0.01875,0,0,59.3445718138908,"15","15","FALSE"
"83","15-24i1","GCT","A",0.860215053763441,7.5,18,0.1125,0.04375,-0.359269,1.002462,12.4935940660823,"15","15","FALSE"
"93","15-24i10","TCC","S",1.07428571428571,5,57,0.35625,0.0625,0,0,59.3445718138908,"15","15","FALSE"
"103","15-24i2","ACA","T",1,5,72,0.45,0.16875,-0.208255,0.285337,74.9615643964936,"15","15","FALSE"
"116","15-24i9","ACT","T",0.971428571428571,5,72,0.45,0.125,-0.208255,0.285337,74.9615643964936,"15","15","FALSE"
"123","15-25i10","ACG","T",0.779569892473118,5,72,0.45,0.03125,-0.208255,0.285337,74.9615643964936,"15","15","FALSE"
"133","15-25i7","TGT","C",0.994623655913978,10,13,0.08125,NA,-0.587083,0.880901,6.76736345246123,"15","15","FALSE"
"143","15-25i8","GCC","A",1.02857142857143,7.5,18,0.1125,0.05625,-0.359269,1.002462,12.4935940660823,"15","15","FALSE"
"153","15-93","AGC","S",1.11428571428571,5,57,0.35625,0.0375,0,0,59.3445718138908,"15","15","FALSE"
"163","15-96","GCG","A",0.685714285714286,7.5,18,0.1125,0.0125,-0.359269,1.002462,12.4935940660823,"15","15","FALSE"
"268","15","XXX","R",0.1,NA,NA,NA,0,-1.120572,7.779986,NA,"15",NA,"TRUE"
"269","15","XXX","N",0.1,NA,NA,NA,0,-0.028774,3.206794,NA,"15",NA,"TRUE"
"270","15","XXX","D",0.1,NA,NA,NA,0,0.157756,5.063545,NA,"15",NA,"TRUE"
"272","15","XXX","Q",0.1,NA,NA,NA,0,-0.732511,5.873241,NA,"15",NA,"TRUE"
"273","15","XXX","E",0.1,NA,NA,NA,0,-0.450992,7.474857,NA,"15",NA,"TRUE"
"274","15","XXX","G",0.1,NA,NA,NA,0,0.380013,1.920974,NA,"15",NA,"TRUE"
"275","15","XXX","H",0.1,NA,NA,NA,0,-0.15819,12.309402,NA,"15",NA,"TRUE"
"276","15","XXX","I",0.1,NA,NA,NA,0,-0.962396,3.390057,NA,"15",NA,"TRUE"
"277","15","XXX","L",0.1,NA,NA,NA,0,-1.283776,4.512171,NA,"15",NA,"TRUE"
"278","15","XXX","K",0.1,NA,NA,NA,0,-1.246503,6.022408,NA,"15",NA,"TRUE"
"279","15","XXX","M",0.1,NA,NA,NA,0,-1.895224,3.866274,NA,"15",NA,"TRUE"
"280","15","XXX","F",0.1,NA,NA,NA,0,-0.886443,13.037789,NA,"15",NA,"TRUE"
"281","15","XXX","P",0.1,NA,NA,NA,0,0.62986,4.26202,NA,"15",NA,"TRUE"
"283","15","XXX","W",0.1,NA,NA,NA,0,-0.834131,21.827215,NA,"15",NA,"TRUE"
"284","15","XXX","Y",0.1,NA,NA,NA,0,-0.70835,17.172664,NA,"15",NA,"TRUE"
"285","15","XXX","V",0.1,NA,NA,NA,0,-0.662822,1.292557,NA,"15",NA,"TRUE"
"117","41-1","TCA","S",0.942857142857143,3.34375,32,0.299065420560748,0.0186915887850467,1.112696,1.218264,36.2727272727273,"41","41","FALSE"
"215","41-10","TGT","C",0.771428571428571,6.6875,30,0.280373831775701,0.0747663551401869,0.826071,0.146224,17.0028409090909,"41","41","FALSE"
"314","41-109","ACT","T",0.971428571428571,3.34375,21,0.196261682242991,0.0560747663551402,0,0,23.8039772727273,"41","41","FALSE"
"414","41-136","GCG","A",0.362857142857143,5.015625,2,0.0186915887850467,0.11214953271028,1.141497,1.05854,1.51136363636364,"41","41","FALSE"
"511","41-20","GCA","A",0.75625,5.015625,2,0.0186915887850467,0.0373831775700935,1.141497,1.05854,1.51136363636364,"41","41","FALSE"
"68","41-23","ACA","T",0.954545454545455,3.34375,21,0.196261682242991,0.14018691588785,0,0,23.8039772727273,"41","41","FALSE"
"79","41-3","ACG","T",0.971428571428571,3.34375,21,0.196261682242991,0.0280373831775701,0,0,23.8039772727273,"41","41","FALSE"
"84","41-33","AAC","N",0.714285714285714,3.34375,22,0.205607476635514,0.0654205607476635,1.557308,0.441844,24.9375,"41","41","FALSE"
"94","41-36","TGC","C",0.916666666666667,6.6875,30,0.280373831775701,0.0373831775700935,0.826071,0.146224,17.0028409090909,"41","41","FALSE"
"104","41-57","ACC","T",0.828571428571429,3.34375,21,0.196261682242991,0.0747663551401869,0,0,23.8039772727273,"41","41","FALSE"
"118","41-62","TCC","S",0.943181818181818,3.34375,32,0.299065420560748,0.0654205607476635,1.112696,1.218264,36.2727272727273,"41","41","FALSE"
"124","41-69","TCG","S",0.958333333333333,3.34375,32,0.299065420560748,0.00934579439252336,1.112696,1.218264,36.2727272727273,"41","41","FALSE"
"762","41","XXX","R",0.1,NA,NA,NA,0,0.850065,5.258273,NA,"41",NA,"TRUE"
"764","41","XXX","D",0.1,NA,NA,NA,0,2.378999,1.920273,NA,"41",NA,"TRUE"
"766","41","XXX","Q",0.1,NA,NA,NA,0,1.166166,1.230204,NA,"41",NA,"TRUE"
"767","41","XXX","E",0.1,NA,NA,NA,0,1.647091,2.682667,NA,"41",NA,"TRUE"
"768","41","XXX","G",0.1,NA,NA,NA,0,2.178854,1.375316,NA,"41",NA,"TRUE"
"769","41","XXX","H",0.1,NA,NA,NA,0,3.685052,4.055274,NA,"41",NA,"TRUE"
"770","41","XXX","I",0.1,NA,NA,NA,0,0.417659,-1.096539,NA,"41",NA,"TRUE"
"771","41","XXX","L",0.1,NA,NA,NA,0,0.121471,-0.756986,NA,"41",NA,"TRUE"
"772","41","XXX","K",0.1,NA,NA,NA,0,0.469069,1.240495,NA,"41",NA,"TRUE"
"773","41","XXX","M",0.1,NA,NA,NA,0,-0.164106,-0.652639,NA,"41",NA,"TRUE"
"774","41","XXX","F",0.1,NA,NA,NA,0,2.162531,7.155209,NA,"41",NA,"TRUE"
"775","41","XXX","P",0.1,NA,NA,NA,0,3.059864,1.011157,NA,"41",NA,"TRUE"
"777","41","XXX","W",0.1,NA,NA,NA,0,3.930848,16.102169,NA,"41",NA,"TRUE"
"778","41","XXX","Y",0.1,NA,NA,NA,0,3.475185,12.552039,NA,"41",NA,"TRUE"
"779","41","XXX","V",0.1,NA,NA,NA,0,0.16077,-0.396743,NA,"41",NA,"TRUE"
"119","43-1","GTA","V",1.02173913043478,15.5625,13,0.0783132530120482,0.0180722891566265,1.117991,2.000535,5.44312630844382,"43","43","FALSE"
"216","43-100","TTT","F",1.04255319148936,5.1875,5,0.0301204819277108,NA,0.34715,0.648827,6.28053035589672,"43","43","FALSE"
"315","43-103","TGC","C",0.956521739130435,10.375,10,0.0602409638554217,0.0240963855421687,1.385894,3.095929,6.28053035589672,"43","43","FALSE"
"415","43-104","GTC","V",0.974,15.5625,13,0.0783132530120482,0.0180722891566265,1.117991,2.000535,5.44312630844382,"43","43","FALSE"
"512","43-110","TCT","S",0.954347826086957,5.1875,17,0.102409638554217,0.0120481927710843,1.430806,4.189428,21.3538032100488,"43","43","FALSE"
"610","43-116","TCG","S",0.971739130434783,5.1875,17,0.102409638554217,0.00602409638554217,1.430806,4.189428,21.3538032100488,"43","43","FALSE"
"710","43-118","CGA","R",0.919565217391304,10.375,10,0.0602409638554217,0.00602409638554217,0.808417,3.198352,6.28053035589672,"43","43","FALSE"
"85","43-12","ATA","I",1.02608695652174,5.1875,8,0.0481927710843374,0.0180722891566265,0.860441,1.450014,10.0488485694348,"43","43","FALSE"
"95","43-125","TTG","L",0.94,5.1875,17,0.102409638554217,0.0180722891566265,0.391188,1.098177,21.3538032100488,"43","43","FALSE"
"105","43-13","TCA","S",1,5.1875,17,0.102409638554217,0.00602409638554217,1.430806,4.189428,21.3538032100488,"43","43","FALSE"
"1110","43-135","CGG","R",0.942347826086957,10.375,10,0.0602409638554217,0.0120481927710843,0.808417,3.198352,6.28053035589672,"43","43","FALSE"
"125","43-144","GAA","E",0.913739130434783,5.1875,2,0.0120481927710843,0.00602409638554217,1.390032,3.427792,2.51221214235869,"43","43","FALSE"
"134","43-15","GGG","G",0.941304347826087,5.1875,23,0.13855421686747,0.0481927710843374,2.298872,4.891981,28.8904396371249,"43","43","FALSE"
"146","43-152","AGG","R",0.92,10.375,10,0.0602409638554217,0.00602409638554217,0.808417,3.198352,6.28053035589672,"43","43","FALSE"
"154","43-16","GGA","G",0.934782608695652,5.1875,23,0.13855421686747,0.0421686746987952,2.298872,4.891981,28.8904396371249,"43","43","FALSE"
"164","43-163","CAT","H",1.04,10.375,6,0.036144578313253,0.0180722891566265,1.665948,2.695291,3.76831821353803,"43","43","FALSE"
"172","43-164","GAG","E",1.012,5.1875,2,0.0120481927710843,0.00602409638554217,1.390032,3.427792,2.51221214235869,"43","43","FALSE"
"182","43-17","GTG","V",1.02173913043478,15.5625,13,0.0783132530120482,0.0180722891566265,1.117991,2.000535,5.44312630844382,"43","43","FALSE"
"195","43-18","ACT","T",0.915217391304348,15.5625,11,0.0662650602409639,0.0180722891566265,1.117905,3.311879,4.60572226099093,"43","43","FALSE"
"206","43-19","TTA","L",1.014,5.1875,17,0.102409638554217,0.0120481927710843,0.391188,1.098177,21.3538032100488,"43","43","FALSE"
"217","43-2","AGC","S",0.978260869565217,5.1875,17,0.102409638554217,0.0301204819277108,1.430806,4.189428,21.3538032100488,"43","43","FALSE"
"221","43-21","CGT","R",1.02,10.375,10,0.0602409638554217,0.0180722891566265,0.808417,3.198352,6.28053035589672,"43","43","FALSE"
"231","43-23","TGG","W",0.96,10.375,4,0.0240963855421687,0.0481927710843374,1.128113,0.050465,2.51221214235869,"43","43","FALSE"
"241","43-27","CTT","L",0.958260869565217,5.1875,17,0.102409638554217,0.0120481927710843,0.391188,1.098177,21.3538032100488,"43","43","FALSE"
"251","43-29","TAC","Y",0.992,10.375,7,0.0421686746987952,0.0120481927710843,0,0,4.3963712491277,"43","43","FALSE"
"261","43-32","CAA","Q",1.04255319148936,5.1875,6,0.036144578313253,0.0240963855421687,1.187012,2.968877,7.53663642707606,"43","43","FALSE"
"271","43-33","CTA","L",1,5.1875,17,0.102409638554217,0.0421686746987952,0.391188,1.098177,21.3538032100488,"43","43","FALSE"
"282","43-36","GGA","G",1,5.1875,23,0.13855421686747,0.0421686746987952,2.298872,4.891981,28.8904396371249,"43","43","FALSE"
"291","43-38","AAA","K",0.98,7.78125,11,0.0662650602409639,0.0542168674698795,0.598662,2.587404,9.21144452198186,"43","43","FALSE"
"301","43-4","CAT","H",0.957446808510638,10.375,6,0.036144578313253,0.0180722891566265,1.665948,2.695291,3.76831821353803,"43","43","FALSE"
"316","43-42","GCG","A",0.992,7.78125,9,0.0542168674698795,0.0240963855421687,1.519086,3.792471,7.53663642707606,"43","43","FALSE"
"321","43-44","AGA","R",0.936170212765957,10.375,10,0.0602409638554217,0.0120481927710843,0.808417,3.198352,6.28053035589672,"43","43","FALSE"
"331","43-47","TTC","F",1,5.1875,5,0.0301204819277108,0.0120481927710843,0.34715,0.648827,6.28053035589672,"43","43","FALSE"
"341","43-5","GGT","G",0.932,5.1875,23,0.13855421686747,0.0421686746987952,2.298872,4.891981,28.8904396371249,"43","43","FALSE"
"351","43-52","GTT","V",1,15.5625,13,0.0783132530120482,0.0240963855421687,1.117991,2.000535,5.44312630844382,"43","43","FALSE"
"361","43-54","AAT","N",0.916,2.59375,2,0.0120481927710843,0.00602409638554217,2.059347,3.804981,5.02442428471738,"43","43","FALSE"
"371","43-55","GGC","G",0.847826086956522,5.1875,23,0.13855421686747,0.00602409638554217,2.298872,4.891981,28.8904396371249,"43","43","FALSE"
"381","43-56","TAT","Y",1.05434782608696,10.375,7,0.0421686746987952,0.0240963855421687,0,0,4.3963712491277,"43","43","FALSE"
"392","43-59","CGC","R",0.941304347826087,10.375,10,0.0602409638554217,0.00602409638554217,0.808417,3.198352,6.28053035589672,"43","43","FALSE"
"402","43-6","TGT","C",0.978723404255319,10.375,10,0.0602409638554217,0.0120481927710843,1.385894,3.095929,6.28053035589672,"43","43","FALSE"
"41","43-62","ATT","I",0.92,5.1875,8,0.0481927710843374,0.0180722891566265,0.860441,1.450014,10.0488485694348,"43","43","FALSE"
"421","43-63","CAG","Q",0.826086956521739,5.1875,6,0.036144578313253,0.0120481927710843,1.187012,2.968877,7.53663642707606,"43","43","FALSE"
"431","43-65","AAC","N",0.974098057354302,2.59375,2,0.0120481927710843,0.00602409638554217,2.059347,3.804981,5.02442428471738,"43","43","FALSE"
"441","43-68","ATC","I",0.96,5.1875,8,0.0481927710843374,0.0120481927710843,0.860441,1.450014,10.0488485694348,"43","43","FALSE"
"451","43-7","AGT","S",0.964,5.1875,17,0.102409638554217,0.0240963855421687,1.430806,4.189428,21.3538032100488,"43","43","FALSE"
"461","43-74","ACA","T",0.944,15.5625,11,0.0662650602409639,0.036144578313253,1.117905,3.311879,4.60572226099093,"43","43","FALSE"
"471","43-75","CAC","H",0.964,10.375,6,0.036144578313253,0.0180722891566265,1.665948,2.695291,3.76831821353803,"43","43","FALSE"
"481","43-78","TCC","S",0.866,5.1875,17,0.102409638554217,0.0120481927710843,1.430806,4.189428,21.3538032100488,"43","43","FALSE"
"491","43-8","ATG","M",0.992,15.5625,4,0.0240963855421687,0.0240963855421687,0.341829,-0.674063,1.67480809490579,"43","43","FALSE"
"501","43-81","AAG","K",0.8,7.78125,11,0.0662650602409639,0.0120481927710843,0.598662,2.587404,9.21144452198186,"43","43","FALSE"
"513","43-84","GCC","A",0.916,7.78125,9,0.0542168674698795,0.00602409638554217,1.519086,3.792471,7.53663642707606,"43","43","FALSE"
"521","43-86","CTG","L",1.12,5.1875,17,0.102409638554217,0.0240963855421687,0.391188,1.098177,21.3538032100488,"43","43","FALSE"
"531","43-9","GCT","A",0.952,7.78125,9,0.0542168674698795,0.0120481927710843,1.519086,3.792471,7.53663642707606,"43","43","FALSE"
"541","43-91","GAT","D",0.648,5.1875,1,0.00602409638554217,0.00602409638554217,2.897836,4.262681,1.25610607117934,"43","43","FALSE"
"813","43","XXX","P",0.1,NA,NA,NA,0,3.385225,3.428613,NA,"43",NA,"TRUE"
"120","45-1","TTT","F",0.914545454545455,5.15625,43,0.260606060606061,NA,0.462394,-1.030613,50.9289363678588,"45","45","FALSE"
"218","45-101","GAA","E",0.979545454545455,5.15625,3,0.0181818181818182,0.0181818181818182,0.438849,0.28566,3.55318160705992,"45","45","FALSE"
"317","45-102","AAC","N",1.06545454545455,2.578125,6,0.0363636363636364,0.00606060606060606,0.843175,0.222409,14.2127264282397,"45","45","FALSE"
"416","45-104","TCC","S",1.04727272727273,15.46875,7,0.0424242424242424,0.00606060606060606,0.895121,0.697139,2.76358569437994,"45","45","FALSE"
"514","45-105","AGT","S",1.075,15.46875,7,0.0424242424242424,0.00606060606060606,0.895121,0.697139,2.76358569437994,"45","45","FALSE"
"611","45-106","GAC","D",1.00727272727273,5.15625,8,0.0484848484848485,0.0303030303030303,0,0,9.47515095215978,"45","45","FALSE"
"711","45-12","GGT","G",1.04030710172745,5.15625,3,0.0181818181818182,0.0121212121212121,1.269007,1.112633,3.55318160705992,"45","45","FALSE"
"86","45-125","GGA","G",1.06818181818182,5.15625,3,0.0181818181818182,0.00606060606060606,1.269007,1.112633,3.55318160705992,"45","45","FALSE"
"96","45-126","ACT","T",0.750909090909091,15.46875,8,0.0484848484848485,0.00606060606060606,1.104386,-0.293932,3.15838365071993,"45","45","FALSE"
"106","45-13","CAA","Q",1.04222648752399,10.3125,7,0.0424242424242424,0.0242424242424242,0.649128,0.135264,4.1453785415699,"45","45","FALSE"
"1111","45-130","CTA","L",0.954545454545455,5.15625,17,0.103030303030303,0.00606060606060606,0.391932,-1.139931,20.1346957733395,"45","45","FALSE"
"126","45-135","CGA","R",0.934740882917466,5.15625,4,0.0242424242424242,0.00606060606060606,0.536944,0.390402,4.73757547607989,"45","45","FALSE"
"135","45-138","TTG","L",0.971209213051824,5.15625,17,0.103030303030303,0.236363636363636,0.391932,-1.139931,20.1346957733395,"45","45","FALSE"
"147","45-140","TGG","W",0.921305182341651,10.3125,1,0.00606060606060606,0.0242424242424242,1.139037,-0.508406,0.592196934509986,"45","45","FALSE"
"155","45-144","TCT","S",1.03646833013436,15.46875,7,0.0424242424242424,0.0121212121212121,0.895121,0.697139,2.76358569437994,"45","45","FALSE"
"165","45-148","GTG","V",0.919385796545106,10.3125,8,0.0484848484848485,0.00606060606060606,1.000575,-0.631662,4.73757547607989,"45","45","FALSE"
"173","45-150","ACC","T",1.00227272727273,15.46875,8,0.0484848484848485,0.00606060606060606,1.104386,-0.293932,3.15838365071993,"45","45","FALSE"
"183","45-16","GTA","V",0.990403071017274,10.3125,8,0.0484848484848485,0.0242424242424242,1.000575,-0.631662,4.73757547607989,"45","45","FALSE"
"198","45-160","CAT","H",0.959692898272553,10.3125,5,0.0303030303030303,0.0181818181818182,0.868055,0.076416,2.96098467254993,"45","45","FALSE"
"2010","45-174","TCG","S",0.882917466410749,15.46875,7,0.0424242424242424,0.00606060606060606,0.895121,0.697139,2.76358569437994,"45","45","FALSE"
"219","45-18","GAT","D",1.15163147792706,5.15625,8,0.0484848484848485,0.0181818181818182,0,0,9.47515095215978,"45","45","FALSE"
"222","45-19","GCC","A",1.03071017274472,7.734375,7,0.0424242424242424,0.0121212121212121,1.078734,0.515722,5.52717138875987,"45","45","FALSE"
"232","45-22","AAT","N",0.518234165067178,2.578125,6,0.0363636363636364,0.0303030303030303,0.843175,0.222409,14.2127264282397,"45","45","FALSE"
"242","45-25","AGA","R",0.978886756238004,5.15625,4,0.0242424242424242,0.0181818181818182,0.536944,0.390402,4.73757547607989,"45","45","FALSE"
"252","45-27","AAG","K",1.03646833013436,7.734375,7,0.0424242424242424,0.0121212121212121,0.400029,0.164709,5.52717138875987,"45","45","FALSE"
"262","45-30","TTC","F",0.772727272727273,5.15625,43,0.260606060606061,0.00606060606060606,0.462394,-1.030613,50.9289363678588,"45","45","FALSE"
"2710","45-33","AAA","K",0.981818181818182,7.734375,7,0.0424242424242424,0.0303030303030303,0.400029,0.164709,5.52717138875987,"45","45","FALSE"
"286","45-34","TGT","C",1.03646833013436,10.3125,6,0.0363636363636364,0.0727272727272727,0.912878,-0.195972,3.55318160705992,"45","45","FALSE"
"292","45-35","CAG","Q",1.09090909090909,10.3125,7,0.0424242424242424,0.0181818181818182,0.649128,0.135264,4.1453785415699,"45","45","FALSE"
"302","45-37","ACG","T",1.09596928982726,15.46875,8,0.0484848484848485,0.0181818181818182,1.104386,-0.293932,3.15838365071993,"45","45","FALSE"
"318","45-38","CTT","L",0.522727272727273,5.15625,17,0.103030303030303,0.0121212121212121,0.391932,-1.139931,20.1346957733395,"45","45","FALSE"
"322","45-4","TAT","Y",1.05272727272727,2.578125,10,0.0606060606060606,0.0121212121212121,0.555221,-0.502689,23.6878773803994,"45","45","FALSE"
"332","45-41","CTC","L",1.05374280230326,5.15625,17,0.103030303030303,0.00606060606060606,0.391932,-1.139931,20.1346957733395,"45","45","FALSE"
"342","45-43","GCT","A",1.07272727272727,7.734375,7,0.0424242424242424,0.0181818181818182,1.078734,0.515722,5.52717138875987,"45","45","FALSE"
"352","45-46","TCA","S",1.09404990403071,15.46875,7,0.0424242424242424,0.0121212121212121,0.895121,0.697139,2.76358569437994,"45","45","FALSE"
"362","45-5","TGC","C",1.01818181818182,10.3125,6,0.0363636363636364,0.00606060606060606,0.912878,-0.195972,3.55318160705992,"45","45","FALSE"
"372","45-50","ATG","M",1.021113243762,15.46875,2,0.0121212121212121,0.0121212121212121,0.408103,-2.157175,0.789595912679982,"45","45","FALSE"
"382","45-6","ACA","T",1.07485604606526,15.46875,8,0.0484848484848485,0.0181818181818182,1.104386,-0.293932,3.15838365071993,"45","45","FALSE"
"393","45-61","ATC","I",0.767754318618042,5.15625,8,0.0484848484848485,0.00606060606060606,0.840552,-1.344178,9.47515095215978,"45","45","FALSE"
"403","45-64","ATT","I",0.821818181818182,5.15625,8,0.0484848484848485,0.0363636363636364,0.840552,-1.344178,9.47515095215978,"45","45","FALSE"
"417","45-66","CAC","H",0.72936660268714,10.3125,5,0.0303030303030303,0.0121212121212121,0.868055,0.076416,2.96098467254993,"45","45","FALSE"
"422","45-69","ATA","I",0.840690978886756,5.15625,8,0.0484848484848485,0.00606060606060606,0.840552,-1.344178,9.47515095215978,"45","45","FALSE"
"432","45-70","GCA","A",1.03636363636364,7.734375,7,0.0424242424242424,0.0121212121212121,1.078734,0.515722,5.52717138875987,"45","45","FALSE"
"442","45-8","TTA","L",1.09404990403071,5.15625,17,0.103030303030303,0.0242424242424242,0.391932,-1.139931,20.1346957733395,"45","45","FALSE"
"452","45-82","CCC","P",1.01090909090909,5.15625,5,0.0303030303030303,0.00606060606060606,0.702349,-0.291652,5.92196934509986,"45","45","FALSE"
"462","45-9","GTT","V",1.00959692898273,10.3125,8,0.0484848484848485,0.0181818181818182,1.000575,-0.631662,4.73757547607989,"45","45","FALSE"
"472","45-93","CCA","P",1.07272727272727,5.15625,5,0.0303030303030303,0.0242424242424242,0.702349,-0.291652,5.92196934509986,"45","45","FALSE"
"127","72-1","TGT","C",0.75,5.203125,19,0.171171171171171,0.00900900900900901,1.124233,2.452634,13.1147540983607,"72","72","FALSE"
"319","72-12","CTG","L",1,3.46875,35,0.315315315315315,0.045045045045045,-0.443571,0.585396,36.2381363244176,"72","72","FALSE"
"418","72-15","GTT","V",1.04347826086957,3.46875,55,0.495495495495495,0.027027027027027,0,0,56.9456427955134,"72","72","FALSE"
"515","72-16","CTC","L",0.972222222222222,3.46875,35,0.315315315315315,0.189189189189189,-0.443571,0.585396,36.2381363244176,"72","72","FALSE"
"612","72-19","GTC","V",1,3.46875,55,0.495495495495495,0.189189189189189,0,0,56.9456427955134,"72","72","FALSE"
"712","72-20","TGC","C",0.675,5.203125,19,0.171171171171171,0.027027027027027,1.124233,2.452634,13.1147540983607,"72","72","FALSE"
"107","72-35","CTT","L",0.934782608695652,3.46875,35,0.315315315315315,0.018018018018018,-0.443571,0.585396,36.2381363244176,"72","72","FALSE"
"1112","72-5","CTA","L",1.05625,3.46875,35,0.315315315315315,0.0540540540540541,-0.443571,0.585396,36.2381363244176,"72","72","FALSE"
"137","72-62","GTA","V",0.967391304347826,3.46875,55,0.495495495495495,0.027027027027027,0,0,56.9456427955134,"72","72","FALSE"
"148","72-76","ATC","I",0.979166666666667,6.9375,2,0.018018018018018,0.018018018018018,-0.462328,0.134777,1.03537532355479,"72","72","FALSE"
"156","72-9","GTG","V",0.972222222222222,3.46875,55,0.495495495495495,0.252252252252252,0,0,56.9456427955134,"72","72","FALSE"
"1350","72","XXX","A",0.1,NA,NA,NA,0,1.288193,3.584025,NA,"72",NA,"TRUE"
"1351","72","XXX","R",0.1,NA,NA,NA,0,1.091876,6.258654,NA,"72",NA,"TRUE"
"1352","72","XXX","N",0.1,NA,NA,NA,0,1.498061,2.980885,NA,"72",NA,"TRUE"
"1353","72","XXX","D",0.1,NA,NA,NA,0,1.341473,4.018658,NA,"72",NA,"TRUE"
"1355","72","XXX","Q",0.1,NA,NA,NA,0,0.973565,3.347492,NA,"72",NA,"TRUE"
"1356","72","XXX","E",0.1,NA,NA,NA,0,0.9278,4.038769,NA,"72",NA,"TRUE"
"1357","72","XXX","G",0.1,NA,NA,NA,0,2.620356,5.138271,NA,"72",NA,"TRUE"
"1358","72","XXX","H",0.1,NA,NA,NA,0,1.633608,7.707648,NA,"72",NA,"TRUE"
"1361","72","XXX","K",0.1,NA,NA,NA,0,0.692989,3.516134,NA,"72",NA,"TRUE"
"1362","72","XXX","M",0.1,NA,NA,NA,0,-0.413001,0.4315,NA,"72",NA,"TRUE"
"1363","72","XXX","F",0.1,NA,NA,NA,0,0.020706,5.270871,NA,"72",NA,"TRUE"
"1364","72","XXX","P",0.1,NA,NA,NA,0,-0.070198,1.433116,NA,"72",NA,"TRUE"
"1365","72","XXX","S",0.1,NA,NA,NA,0,2.155545,4.605494,NA,"72",NA,"TRUE"
"1366","72","XXX","T",0.1,NA,NA,NA,0,1.164284,3.166385,NA,"72",NA,"TRUE"
"1367","72","XXX","W",0.1,NA,NA,NA,0,0.509641,10.890505,NA,"72",NA,"TRUE"
"1368","72","XXX","Y",0.1,NA,NA,NA,0,0.320558,7.996019,NA,"72",NA,"TRUE"
"128","74-17","TCA","S",1.08163265306122,7.5,100,0.625,0.1125,0,0,107.692307692308,"74","74","FALSE"
"220","74-19","ACA","T",0.876923076923077,10,60,0.375,0.18125,0.554576,0.282479,48.4615384615385,"74","74","FALSE"
"320","74-23","ACC","T",0.846153846153846,10,60,0.375,0.05625,0.554576,0.282479,48.4615384615385,"74","74","FALSE"
"419","74-24","ACT","T",0.769230769230769,10,60,0.375,0.06875,0.554576,0.282479,48.4615384615385,"74","74","FALSE"
"516","74-25","AGT","S",1.08163265306122,7.5,100,0.625,0.1,0,0,107.692307692308,"74","74","FALSE"
"613","74-32","TCC","S",1,7.5,100,0.625,0.06875,0,0,107.692307692308,"74","74","FALSE"
"713","74-33","TCT","S",0.923076923076923,7.5,100,0.625,NA,0,0,107.692307692308,"74","74","FALSE"
"87","74-41","ACG","T",0.86530612244898,10,60,0.375,0.06875,0.554576,0.282479,48.4615384615385,"74","74","FALSE"
"97","74-45","AGC","S",1.10204081632653,7.5,100,0.625,0.0875,0,0,107.692307692308,"74","74","FALSE"
"108","74-8","TCG","S",0.992307692307692,7.5,100,0.625,0.08125,0,0,107.692307692308,"74","74","FALSE"
"1388","74","XXX","A",0.1,NA,NA,NA,0,-0.277723,0.327454,NA,"74",NA,"TRUE"
"1389","74","XXX","R",0.1,NA,NA,NA,0,5.190013,2.106685,NA,"74",NA,"TRUE"
"1390","74","XXX","N",0.1,NA,NA,NA,0,2.719677,0.361448,NA,"74",NA,"TRUE"
"1391","74","XXX","D",0.1,NA,NA,NA,0,4.367234,0.558065,NA,"74",NA,"TRUE"
"1392","74","XXX","C",0.1,NA,NA,NA,0,-0.334808,0.137348,NA,"74",NA,"TRUE"
"1393","74","XXX","Q",0.1,NA,NA,NA,0,3.347005,1.096359,NA,"74",NA,"TRUE"
"1394","74","XXX","E",0.1,NA,NA,NA,0,4.143247,1.328148,NA,"74",NA,"TRUE"
"1395","74","XXX","G",0.1,NA,NA,NA,0,1.126051,0.684537,NA,"74",NA,"TRUE"
"1396","74","XXX","H",0.1,NA,NA,NA,0,9.04699,5.050036,NA,"74",NA,"TRUE"
"1397","74","XXX","I",0.1,NA,NA,NA,0,1.270407,0.458218,NA,"74",NA,"TRUE"
"1398","74","XXX","L",0.1,NA,NA,NA,0,1.385145,0.976228,NA,"74",NA,"TRUE"
"1399","74","XXX","K",0.1,NA,NA,NA,0,3.403552,0.070668,NA,"74",NA,"TRUE"
"1400","74","XXX","M",0.1,NA,NA,NA,0,0.683745,0.509708,NA,"74",NA,"TRUE"
"1401","74","XXX","F",0.1,NA,NA,NA,0,7.76231,3.849705,NA,"74",NA,"TRUE"
"1402","74","XXX","P",0.1,NA,NA,NA,0,2.498553,0.38797,NA,"74",NA,"TRUE"
"1404","74","XXX","W",0.1,NA,NA,NA,0,13.42537,7.587669,NA,"74",NA,"TRUE"
"1405","74","XXX","Y",0.1,NA,NA,NA,0,10.276616,5.176508,NA,"74",NA,"TRUE"
"1406","74","XXX","V",0.1,NA,NA,NA,0,0.296268,0.340131,NA,"74",NA,"TRUE"
"129","80-10","TCC","S",1.19453924914676,3.8125,19,0.155737704918033,0.0327868852459016,0.300321,0.923689,22.5166274773262,"80","80","FALSE"
"223","80-15","GCT","A",1.19453924914676,5.71875,26,0.213114754098361,0.040983606557377,0,0,20.5414847161572,"80","80","FALSE"
"323","80-19","GGA","G",0.825938566552901,3.8125,30,0.245901639344262,0.0245901639344262,0.837939,1.112251,35.5525697010413,"80","80","FALSE"
"420","80-2","GGC","G",1.05460750853242,3.8125,30,0.245901639344262,0.0573770491803279,0.837939,1.112251,35.5525697010413,"80","80","FALSE"
"517","80-2","GGC","G",0.948979591836735,3.8125,30,0.245901639344262,0.0573770491803279,0.837939,1.112251,35.5525697010413,"80","80","FALSE"
"614","80-29","TGC","C",0.887372013651877,7.625,11,0.0901639344262295,0.0163934426229508,0.017232,2.505075,6.51797111185758,"80","80","FALSE"
"714","80-3","GGG","G",0.962457337883959,3.8125,30,0.245901639344262,0.131147540983607,0.837939,1.112251,35.5525697010413,"80","80","FALSE"
"88","80-30","GGT","G",1.02047781569966,3.8125,30,0.245901639344262,0.0327868852459016,0.837939,1.112251,35.5525697010413,"80","80","FALSE"
"98","80-32","AAC","N",0.709897610921501,3.8125,3,0.0245901639344262,0.0245901639344262,0.908997,8.338343,3.55525697010413,"80","80","FALSE"
"109","80-39","ACG","T",0.791808873720136,7.625,16,0.131147540983607,0.040983606557377,0.480443,3.809478,9.48068525361102,"80","80","FALSE"
"1113","80-39","ACG","T",0.836734693877551,7.625,16,0.131147540983607,0.040983606557377,0.480443,3.809478,9.48068525361102,"80","80","FALSE"
"1210","80-4","GTA","V",1.16040955631399,3.8125,12,0.0983606557377049,0.0245901639344262,0.207208,4.30923,14.2210278804165,"80","80","FALSE"
"138","80-40","GCG","A",1.09215017064846,5.71875,26,0.213114754098361,0.0655737704918033,0,0,20.5414847161572,"80","80","FALSE"
"149","80-41","TCA","S",1.17064846416382,3.8125,19,0.155737704918033,0.040983606557377,0.300321,0.923689,22.5166274773262,"80","80","FALSE"
"157","80-47","GTG","V",1.02389078498294,3.8125,12,0.0983606557377049,0.040983606557377,0.207208,4.30923,14.2210278804165,"80","80","FALSE"
"166","80-47","GTG","V",0.918367346938776,3.8125,12,0.0983606557377049,0.040983606557377,0.207208,4.30923,14.2210278804165,"80","80","FALSE"
"174","80-54","ATA","I",0.614334470989761,3.8125,5,0.040983606557377,0.00819672131147541,0.190817,7.996657,5.92542828350689,"80","80","FALSE"
"184","80-54","ATA","I",0.738775510204082,3.8125,5,0.040983606557377,0.00819672131147541,0.190817,7.996657,5.92542828350689,"80","80","FALSE"
"1910","80-56","ATC","I",0.750853242320819,3.8125,5,0.040983606557377,0.0327868852459016,0.190817,7.996657,5.92542828350689,"80","80","FALSE"
"2011","80-63","AGT","S",1.22866894197952,3.8125,19,0.155737704918033,0.0163934426229508,0.300321,0.923689,22.5166274773262,"80","80","FALSE"
"2110","80-64","GTC","V",1.04778156996587,3.8125,12,0.0983606557377049,0.0163934426229508,0.207208,4.30923,14.2210278804165,"80","80","FALSE"
"224","80-67","AGC","S",0.918088737201365,3.8125,19,0.155737704918033,0.00819672131147541,0.300321,0.923689,22.5166274773262,"80","80","FALSE"
"233","80-67","AGC","S",0.96734693877551,3.8125,19,0.155737704918033,0.00819672131147541,0.300321,0.923689,22.5166274773262,"80","80","FALSE"
"243","80-72","TCG","S",1.16040955631399,3.8125,19,0.155737704918033,0.040983606557377,0.300321,0.923689,22.5166274773262,"80","80","FALSE"
"253","80-8","GCA","A",1.19795221843003,5.71875,26,0.213114754098361,0.0327868852459016,0,0,20.5414847161572,"80","80","FALSE"
"263","80-8","GCA","A",0.979591836734694,5.71875,26,0.213114754098361,0.0327868852459016,0,0,20.5414847161572,"80","80","FALSE"
"2711","80-83","ACC","T",0.825938566552901,7.625,16,0.131147540983607,0.0573770491803279,0.480443,3.809478,9.48068525361102,"80","80","FALSE"
"287","80-84","TCT","S",1.09215017064846,3.8125,19,0.155737704918033,0.0737704918032787,0.300321,0.923689,22.5166274773262,"80","80","FALSE"
"293","80-85","GCC","A",1.18430034129693,5.71875,26,0.213114754098361,0.0737704918032787,0,0,20.5414847161572,"80","80","FALSE"
"303","80-87","GTT","V",0.887372013651877,3.8125,12,0.0983606557377049,0.0163934426229508,0.207208,4.30923,14.2210278804165,"80","80","FALSE"
"3110","80-89","ACT","T",0.921501706484641,7.625,16,0.131147540983607,0.0245901639344262,0.480443,3.809478,9.48068525361102,"80","80","FALSE"
"324","80-91","TGT","C",1.02857142857143,7.625,11,0.0901639344262295,NA,0.017232,2.505075,6.51797111185758,"80","80","FALSE"
"333","80-91","TGT","C",0.658703071672355,7.625,11,0.0901639344262295,NA,0.017232,2.505075,6.51797111185758,"80","80","FALSE"
"1502","80","XXX","R",0.1,NA,NA,NA,0,-0.045509,15.959279,NA,"80",NA,"TRUE"
"1504","80","XXX","D",0.1,NA,NA,NA,0,1.605694,7.98721,NA,"80",NA,"TRUE"
"1506","80","XXX","Q",0.1,NA,NA,NA,0,0.050801,12.375989,NA,"80",NA,"TRUE"
"1507","80","XXX","E",0.1,NA,NA,NA,0,0.322084,11.090329,NA,"80",NA,"TRUE"
"1509","80","XXX","H",0.1,NA,NA,NA,0,1.186033,27.790481,NA,"80",NA,"TRUE"
"1511","80","XXX","L",0.1,NA,NA,NA,0,-0.270131,11.235065,NA,"80",NA,"TRUE"
"1512","80","XXX","K",0.1,NA,NA,NA,0,-0.309303,12.381967,NA,"80",NA,"TRUE"
"1513","80","XXX","M",0.1,NA,NA,NA,0,-0.65568,8.815356,NA,"80",NA,"TRUE"
"1514","80","XXX","F",0.1,NA,NA,NA,0,0.781391,35.984141,NA,"80",NA,"TRUE"
"1515","80","XXX","P",0.1,NA,NA,NA,0,3.004245,3.460235,NA,"80",NA,"TRUE"
"1518","80","XXX","W",0.1,NA,NA,NA,0,1.745156,50.304636,NA,"80",NA,"TRUE"
"1519","80","XXX","Y",0.1,NA,NA,NA,0,0.901001,41.071677,NA,"80",NA,"TRUE"
"130","81-10","TTG","L",0.626470588235294,2.78125,34,0.382022471910112,NA,2.761609,-0.083155,34.3305908750935,"81","81","FALSE"
"225","81-13","CTC","L",0.647058823529412,2.78125,34,0.382022471910112,0.224719101123595,2.761609,-0.083155,34.3305908750935,"81","81","FALSE"
"325","81-17","CTG","L",0.529411764705882,2.78125,34,0.382022471910112,0.0449438202247191,2.761609,-0.083155,34.3305908750935,"81","81","FALSE"
"423","81-2","TGG","W",1.11764705882353,2.78125,46,0.51685393258427,0.0561797752808989,1.282407,0.133445,46.4472700074794,"81","81","FALSE"
"518","81-20","CTT","L",0.647058823529412,2.78125,34,0.382022471910112,0.0337078651685393,2.761609,-0.083155,34.3305908750935,"81","81","FALSE"
"615","81-33","ATG","M",1.08823529411765,2.78125,1,0.0112359550561798,0.0112359550561798,1.73298,-0.057887,1.00972326103216,"81","81","FALSE"
"715","81-38","CTA","L",0.676470588235294,2.78125,34,0.382022471910112,0.0224719101123595,2.761609,-0.083155,34.3305908750935,"81","81","FALSE"
"89","81-50","TAC","Y",1.05882352941176,2.78125,2,0.0224719101123595,0.51685393258427,1.154187,0.000899,2.01944652206432,"81","81","FALSE"
"99","81-53","ATC","I",0.411764705882353,5.5625,1,0.0112359550561798,0.0112359550561798,4.612501,-0.060757,0.504861630516081,"81","81","FALSE"
"1010","81-9","TTC","F",1.12352941176471,4.171875,5,0.0561797752808989,0.0561797752808989,0,0,3.36574420344054,"81","81","FALSE"
"1521","81","XXX","A",0.1,NA,NA,NA,0,5.292229,-0.081577,NA,"81",NA,"TRUE"
"1522","81","XXX","R",0.1,NA,NA,NA,0,5.364359,0.067994,NA,"81",NA,"TRUE"
"1523","81","XXX","N",0.1,NA,NA,NA,0,4.878858,-0.184532,NA,"81",NA,"TRUE"
"1524","81","XXX","D",0.1,NA,NA,NA,0,6.81486,-0.371372,NA,"81",NA,"TRUE"
"1525","81","XXX","C",0.1,NA,NA,NA,0,4.670747,-0.114944,NA,"81",NA,"TRUE"
"1526","81","XXX","Q",0.1,NA,NA,NA,0,5.07143,-0.116861,NA,"81",NA,"TRUE"
"1527","81","XXX","E",0.1,NA,NA,NA,0,5.99822,-0.259576,NA,"81",NA,"TRUE"
"1528","81","XXX","G",0.1,NA,NA,NA,0,6.250293,-0.257372,NA,"81",NA,"TRUE"
"1529","81","XXX","H",0.1,NA,NA,NA,0,3.766686,-0.077048,NA,"81",NA,"TRUE"
"1532","81","XXX","K",0.1,NA,NA,NA,0,4.793959,0.008746,NA,"81",NA,"TRUE"
"1534","81","XXX","P",0.1,NA,NA,NA,0,6.339903,0.761365,NA,"81",NA,"TRUE"
"1535","81","XXX","S",0.1,NA,NA,NA,0,5.347836,-0.273973,NA,"81",NA,"TRUE"
"1536","81","XXX","T",0.1,NA,NA,NA,0,5.133932,-0.109764,NA,"81",NA,"TRUE"
"1539","81","XXX","V",0.1,NA,NA,NA,0,4.534481,-0.071194,NA,"81",NA,"TRUE"
"158","88-1","TGG","W",0.899795501022495,6.34375,13,0.0640394088669951,0.00985221674876847,-0.009106,0.738143,15.7717717717718,"88","88","FALSE"
"226","88-10","TGC","C",0.81799591002045,12.6875,6,0.0295566502463054,0.0640394088669951,1.2493,5.093708,3.63963963963964,"88","88","FALSE"
"326","88-103","TGT","C",0.954545454545455,12.6875,6,0.0295566502463054,0.00492610837438424,1.2493,5.093708,3.63963963963964,"88","88","FALSE"
"424","88-11","CGC","R",0.697341513292433,9.515625,29,0.142857142857143,0.0443349753694581,0.741948,5.913346,23.4554554554555,"88","88","FALSE"
"519","88-129","CGG","R",0.840909090909091,9.515625,29,0.142857142857143,0.0443349753694581,0.741948,5.913346,23.4554554554555,"88","88","FALSE"
"616","88-130","CGT","R",0.818181818181818,9.515625,29,0.142857142857143,0.00985221674876847,0.741948,5.913346,23.4554554554555,"88","88","FALSE"
"716","88-157","TAC","Y",1,12.6875,2,0.00985221674876847,0.00492610837438424,0.635432,1.483238,1.21321321321321,"88","88","FALSE"
"810","88-178","GTT","V",0.954545454545455,3.171875,10,0.0492610837438424,0.00492610837438424,1.308236,3.277541,24.2642642642643,"88","88","FALSE"
"910","88-180","TCA","S",0.695296523517382,6.34375,7,0.0344827586206897,0.0147783251231527,1.316012,6.562621,8.49249249249249,"88","88","FALSE"
"1011","88-187","ACA","T",0.909090909090909,19.03125,6,0.0295566502463054,0.00492610837438424,1.291101,5.404846,2.42642642642643,"88","88","FALSE"
"1114","88-2","GCC","A",0.899795501022495,9.515625,43,0.211822660098522,0.0689655172413793,1.312682,5.690359,34.7787787787788,"88","88","FALSE"
"1211","88-21","ACC","T",0.777096114519427,19.03125,6,0.0295566502463054,0.00492610837438424,1.291101,5.404846,2.42642642642643,"88","88","FALSE"
"1310","88-23","ACG","T",0.797546012269939,19.03125,6,0.0295566502463054,0.0147783251231527,1.291101,5.404846,2.42642642642643,"88","88","FALSE"
"1410","88-24","GCG","A",0.977272727272727,9.515625,43,0.211822660098522,0.0886699507389163,1.312682,5.690359,34.7787787787788,"88","88","FALSE"
"159","88-25","GCA","A",0.879345603271984,9.515625,43,0.211822660098522,0.0147783251231527,1.312682,5.690359,34.7787787787788,"88","88","FALSE"
"167","88-26","CAC","H",0.462167689161554,6.34375,4,0.0197044334975369,0.0197044334975369,1.440297,4.659453,4.85285285285285,"88","88","FALSE"
"175","88-27","GGG","G",0.81799591002045,6.34375,67,0.330049261083744,0.167487684729064,1.55309,7.784197,81.2852852852853,"88","88","FALSE"
"185","88-31","GTG","V",0.954545454545455,3.171875,10,0.0492610837438424,0.0344827586206897,1.308236,3.277541,24.2642642642643,"88","88","FALSE"
"1911","88-34","TTA","L",0.858895705521472,12.6875,5,0.0246305418719212,0.00492610837438424,0.50085,5.008503,3.03303303303303,"88","88","FALSE"
"2012","88-37","GGT","G",0.81799591002045,6.34375,67,0.330049261083744,0.0541871921182266,1.55309,7.784197,81.2852852852853,"88","88","FALSE"
"2111","88-38","CTG","L",0.642126789366053,12.6875,5,0.0246305418719212,0.0147783251231527,0.50085,5.008503,3.03303303303303,"88","88","FALSE"
"227","88-39","CCC","P",0.0836820083682008,6.34375,9,0.0443349753694581,0.0246305418719212,2.639192,4.427913,10.9189189189189,"88","88","FALSE"
"234","88-4","GGC","G",1,6.34375,67,0.330049261083744,0.0689655172413793,1.55309,7.784197,81.2852852852853,"88","88","FALSE"
"244","88-41","AGG","R",0.840909090909091,9.515625,29,0.142857142857143,0.0344827586206897,0.741948,5.913346,23.4554554554555,"88","88","FALSE"
"254","88-5","GCT","A",0.980298382598996,9.515625,43,0.211822660098522,0.0394088669950739,1.312682,5.690359,34.7787787787788,"88","88","FALSE"
"264","88-62","ACT","T",0.777096114519427,19.03125,6,0.0295566502463054,0.00492610837438424,1.291101,5.404846,2.42642642642643,"88","88","FALSE"
"2712","88-64","CCG","P",0.125523012552301,6.34375,9,0.0443349753694581,0.0147783251231527,2.639192,4.427913,10.9189189189189,"88","88","FALSE"
"288","88-71","ATC","I",0.886363636363636,6.34375,1,0.00492610837438424,0.00492610837438424,0.906886,3.438304,1.21321321321321,"88","88","FALSE"
"294","88-77","TTT","F",0.879345603271984,6.34375,1,0.00492610837438424,NA,0,0,1.21321321321321,"88","88","FALSE"
"304","88-78","CTC","L",0.65439672801636,12.6875,5,0.0246305418719212,0.00492610837438424,0.50085,5.008503,3.03303303303303,"88","88","FALSE"
"1656","88","XXX","N",0.1,NA,NA,NA,0,1.389104,6.373764,NA,"88",NA,"TRUE"
"1657","88","XXX","D",0.1,NA,NA,NA,0,1.366067,8.605771,NA,"88",NA,"TRUE"
"1659","88","XXX","Q",0.1,NA,NA,NA,0,0.976606,6.09676,NA,"88",NA,"TRUE"
"1660","88","XXX","E",0.1,NA,NA,NA,0,0.988904,8.088072,NA,"88",NA,"TRUE"
"1665","88","XXX","K",0.1,NA,NA,NA,0,0.57406,5.593473,NA,"88",NA,"TRUE"
"1666","88","XXX","M",0.1,NA,NA,NA,0,-0.05228,1.72554,NA,"88",NA,"TRUE"
"160","106-1","GAA","E",1.07798165137615,4.3125,8,0.0579710144927536,0.036231884057971,-0.184941,-6.6e-05,10.2117872544322,"106","106","FALSE"
"228","106-10","TGC","C",0.995157384987894,8.625,6,0.0434782608695652,0.036231884057971,-0.089565,-0.01422,3.82942022041208,"106","106","FALSE"
"327","106-107","AGT","S",1.09352517985611,4.3125,8,0.0579710144927536,0.0072463768115942,-0.16042,-0.000462,10.2117872544322,"106","106","FALSE"
"425","106-108","GGT","G",1.03117505995204,4.3125,12,0.0869565217391304,0.036231884057971,0.249725,0.014,15.3176808816483,"106","106","FALSE"
"520","106-12","GCA","A",0.980815347721822,6.46875,9,0.0652173913043478,0.0144927536231884,0,0,7.65884044082415,"106","106","FALSE"
"617","106-125","TGT","C",0.944309927360775,8.625,6,0.0434782608695652,0.0072463768115942,-0.089565,-0.01422,3.82942022041208,"106","106","FALSE"
"717","106-14","CGA","R",0.825688073394495,8.625,9,0.0652173913043478,0.0072463768115942,-0.636573,-0.277492,5.74413033061811,"106","106","FALSE"
"811","106-15","GAT","D",0.825688073394495,4.3125,2,0.0144927536231884,0.0144927536231884,-0.135929,0.008998,2.55294681360805,"106","106","FALSE"
"911","106-152","AGG","R",0.871670702179177,8.625,9,0.0652173913043478,0.0072463768115942,-0.636573,-0.277492,5.74413033061811,"106","106","FALSE"
"1012","106-162","ATC","I",0.98547215496368,4.3125,2,0.0144927536231884,0.0072463768115942,-0.127919,-0.123168,2.55294681360805,"106","106","FALSE"
"1115","106-167","TCA","S",0.99273607748184,4.3125,8,0.0579710144927536,0.0144927536231884,-0.16042,-0.000462,10.2117872544322,"106","106","FALSE"
"1212","106-182","TTC","F",1.02421307506053,4.3125,3,0.0217391304347826,0.0144927536231884,-0.445448,-0.251378,3.82942022041208,"106","106","FALSE"
"1311","106-19","CTG","L",0.986238532110092,6.46875,5,0.036231884057971,0.0144927536231884,-0.122881,-0.170865,4.25491135601342,"106","106","FALSE"
"1411","106-21","TGG","W",1.1697247706422,8.625,5,0.036231884057971,0.0072463768115942,-0.517205,-0.288375,3.19118351701006,"106","106","FALSE"
"168","106-27","CTC","L",0.965596330275229,6.46875,5,0.036231884057971,0.0072463768115942,-0.122881,-0.170865,4.25491135601342,"106","106","FALSE"
"176","106-28","GCC","A",0.929782082324455,6.46875,9,0.0652173913043478,0.0144927536231884,0,0,7.65884044082415,"106","106","FALSE"
"186","106-30","GCG","A",1.03211009174312,6.46875,9,0.0652173913043478,0.0217391304347826,0,0,7.65884044082415,"106","106","FALSE"
"1912","106-31","TTG","L",0.920096852300242,6.46875,5,0.036231884057971,0.0144927536231884,-0.122881,-0.170865,4.25491135601342,"106","106","FALSE"
"2013","106-33","GTG","V",1.06295399515738,12.9375,15,0.108695652173913,0.0579710144927536,-0.12751,-0.033554,6.38236703402013,"106","106","FALSE"
"2112","106-34","TTT","F",1,4.3125,3,0.0217391304347826,NA,-0.445448,-0.251378,3.82942022041208,"106","106","FALSE"
"229","106-37","ACT","T",1.13073394495413,12.9375,19,0.13768115942029,0.036231884057971,-0.278438,-0.035056,8.08433157642549,"106","106","FALSE"
"235","106-38","GGG","G",1.13761467889908,4.3125,12,0.0869565217391304,0.0217391304347826,0.249725,0.014,15.3176808816483,"106","106","FALSE"
"245","106-4","GTA","V",1.18807339449541,12.9375,15,0.108695652173913,0.0072463768115942,-0.12751,-0.033554,6.38236703402013,"106","106","FALSE"
"255","106-40","CAT","H",1.01694915254237,8.625,9,0.0652173913043478,0.0072463768115942,-0.082299,-0.066759,5.74413033061811,"106","106","FALSE"
"265","106-42","CCT","P",1.09352517985611,2.15625,11,0.0797101449275362,0.0144927536231884,1.387937,-0.011223,28.0824149496885,"106","106","FALSE"
"2713","106-48","ATG","M",1.07913669064748,4.3125,2,0.0144927536231884,0.0144927536231884,-0.286714,-0.349057,2.55294681360805,"106","106","FALSE"
"289","106-5","AGC","S",0.91743119266055,4.3125,8,0.0579710144927536,0.0144927536231884,-0.16042,-0.000462,10.2117872544322,"106","106","FALSE"
"295","106-50","ACC","T",1.10071942446043,12.9375,19,0.13768115942029,0.0434782608695652,-0.278438,-0.035056,8.08433157642549,"106","106","FALSE"
"305","106-51","TAT","Y",1.00239808153477,8.625,6,0.0434782608695652,0.0072463768115942,-0.441958,-0.214017,3.82942022041208,"106","106","FALSE"
"3111","106-53","CAG","Q",1.00719424460432,4.3125,4,0.0289855072463768,0.0144927536231884,-0.40576,-0.032664,5.1058936272161,"106","106","FALSE"
"328","106-57","TCT","S",0.922518159806295,4.3125,8,0.0579710144927536,0.036231884057971,-0.16042,-0.000462,10.2117872544322,"106","106","FALSE"
"334","106-59","CCG","P",1.00719424460432,2.15625,11,0.0797101449275362,0.0072463768115942,1.387937,-0.011223,28.0824149496885,"106","106","FALSE"
"343","106-61","CCC","P",0.871670702179177,2.15625,11,0.0797101449275362,0.0217391304347826,1.387937,-0.011223,28.0824149496885,"106","106","FALSE"
"353","106-62","CCA","P",0.927360774818402,2.15625,11,0.0797101449275362,0.036231884057971,1.387937,-0.011223,28.0824149496885,"106","106","FALSE"
"363","106-63","CAA","Q",0.927360774818402,4.3125,4,0.0289855072463768,0.0144927536231884,-0.40576,-0.032664,5.1058936272161,"106","106","FALSE"
"373","106-65","ACA","T",1.00726392251816,12.9375,19,0.13768115942029,0.0217391304347826,-0.278438,-0.035056,8.08433157642549,"106","106","FALSE"
"383","106-7","GGA","G",0.944309927360775,4.3125,12,0.0869565217391304,0.0072463768115942,0.249725,0.014,15.3176808816483,"106","106","FALSE"
"394","106-71","CCC","P",1.07913669064748,2.15625,11,0.0797101449275362,0.0217391304347826,1.387937,-0.011223,28.0824149496885,"106","106","FALSE"
"404","106-72","TAC","Y",1.01694915254237,8.625,6,0.0434782608695652,0.0289855072463768,-0.441958,-0.214017,3.82942022041208,"106","106","FALSE"
"4110","106-73","GAG","E",1.00229357798165,4.3125,8,0.0579710144927536,0.0217391304347826,-0.184941,-6.6e-05,10.2117872544322,"106","106","FALSE"
"426","106-74","CAC","H",1.03211009174312,8.625,9,0.0652173913043478,0.0579710144927536,-0.082299,-0.066759,5.74413033061811,"106","106","FALSE"
"433","106-77","AAC","N",0.911270983213429,12.9375,3,0.0217391304347826,0.0217391304347826,-0.089458,-0.068151,1.27647340680403,"106","106","FALSE"
"443","106-81","GGC","G",0.988009592326139,4.3125,12,0.0869565217391304,0.0217391304347826,0.249725,0.014,15.3176808816483,"106","106","FALSE"
"453","106-82","GTT","V",1.07777777777778,12.9375,15,0.108695652173913,0.036231884057971,-0.12751,-0.033554,6.38236703402013,"106","106","FALSE"
"463","106-88","GCT","A",0.920096852300242,6.46875,9,0.0652173913043478,0.0144927536231884,0,0,7.65884044082415,"106","106","FALSE"
"473","106-89","CGC","R",0.916067146282974,8.625,9,0.0652173913043478,0.0289855072463768,-0.636573,-0.277492,5.74413033061811,"106","106","FALSE"
"482","106-9","GTC","V",1.05504587155963,12.9375,15,0.108695652173913,0.0072463768115942,-0.12751,-0.033554,6.38236703402013,"106","106","FALSE"
"492","106-90","ACG","T",1.07913669064748,12.9375,19,0.13768115942029,0.036231884057971,-0.278438,-0.035056,8.08433157642549,"106","106","FALSE"
"502","106-91","CGG","R",0.863309352517986,8.625,9,0.0652173913043478,0.0217391304347826,-0.636573,-0.277492,5.74413033061811,"106","106","FALSE"
"2006","106","XXX","K",0.1,NA,NA,NA,0,-0.525087,-0.116226,NA,"106",NA,"TRUE"
"169","117-1","CAG","Q",0.944444444444444,2.484375,9,0.0566037735849057,0.0251572327044025,-0.088302,-1.358596,21.8799136069114,"117","117","FALSE"
"230","117-14","TTA","L",0.952380952380952,7.453125,17,0.106918238993711,0.0251572327044025,-0.134418,-2.654991,13.7762419006479,"117","117","FALSE"
"329","117-15","TTC","F",0.847222222222222,4.96875,8,0.050314465408805,0.0251572327044025,-0.377866,-2.192974,9.7244060475162,"117","117","FALSE"
"427","117-16","GGG","G",1,4.96875,12,0.0754716981132075,0.0188679245283019,-0.187247,-2.107279,14.5866090712743,"117","117","FALSE"
"522","117-17","AAT","N",0.825,14.90625,13,0.0817610062893082,0.0377358490566038,-0.082609,-2.843959,5.26738660907127,"117","117","FALSE"
"618","117-18","ATC","I",0.777777777777778,4.96875,7,0.0440251572327044,0.0188679245283019,0.064772,-2.961527,8.50885529157667,"117","117","FALSE"
"718","117-2","CTT","L",0.861111111111111,7.453125,17,0.106918238993711,0.0188679245283019,-0.134418,-2.654991,13.7762419006479,"117","117","FALSE"
"812","117-20","GTC","V",0.952380952380952,4.96875,16,0.10062893081761,0.0251572327044025,0.116748,-3.305746,19.4488120950324,"117","117","FALSE"
"912","117-212","GGC","G",0.8525,4.96875,12,0.0754716981132075,0.0188679245283019,-0.187247,-2.107279,14.5866090712743,"117","117","FALSE"
"1013","117-222","TAC","Y",0.9,14.90625,3,0.0188679245283019,0.0125786163522013,-0.326267,-1.332622,1.21555075593952,"117","117","FALSE"
"1116","117-227","CAC","H",0.986538461538461,9.9375,5,0.0314465408805031,0.0125786163522013,0.021643,-0.539962,3.03887688984881,"117","117","FALSE"
"1213","117-26","GAT","D",0.861111111111111,4.96875,2,0.0125786163522013,0.0125786163522013,0,0,2.43110151187905,"117","117","FALSE"
"1312","117-29","TCT","S",0.966666666666667,4.96875,12,0.0754716981132075,0.0125786163522013,-0.189784,-2.632491,14.5866090712743,"117","117","FALSE"
"1412","117-30","CAT","H",0.944444444444444,9.9375,5,0.0314465408805031,0.0188679245283019,0.021643,-0.539962,3.03887688984881,"117","117","FALSE"
"1510","117-33","ATT","I",0.805555555555556,4.96875,7,0.0440251572327044,0.0125786163522013,0.064772,-2.961527,8.50885529157667,"117","117","FALSE"
"1610","117-4","ACG","T",0.844444444444445,9.9375,15,0.0943396226415094,0.0125786163522013,0.008661,-3.344838,9.11663066954644,"117","117","FALSE"
"177","117-41","AAC","N",1,14.90625,13,0.0817610062893082,0.0440251572327044,-0.082609,-2.843959,5.26738660907127,"117","117","FALSE"
"187","117-42","ATA","I",0.833333333333333,4.96875,7,0.0440251572327044,0.0125786163522013,0.064772,-2.961527,8.50885529157667,"117","117","FALSE"
"1913","117-44","GCC","A",0.875,7.453125,10,0.0628930817610063,0.0125786163522013,-0.077583,-2.195073,8.1036717062635,"117","117","FALSE"
"2014","117-5","TCA","S",0.777777777777778,4.96875,12,0.0754716981132075,0.0125786163522013,-0.189784,-2.632491,14.5866090712743,"117","117","FALSE"
"2113","117-50","TGT","C",0.976190476190476,9.9375,15,0.0943396226415094,0.0377358490566038,-0.184271,-3.022984,9.11663066954644,"117","117","FALSE"
"2210","117-52","AGT","S",0.95952380952381,4.96875,12,0.0754716981132075,0.00628930817610063,-0.189784,-2.632491,14.5866090712743,"117","117","FALSE"
"236","117-57","GAA","E",1.03809523809524,4.96875,4,0.0251572327044025,0.0251572327044025,-0.112597,-0.000421,4.8622030237581,"117","117","FALSE"
"246","117-58","ACA","T",0.833333333333333,9.9375,15,0.0943396226415094,0.0628930817610063,0.008661,-3.344838,9.11663066954644,"117","117","FALSE"
"256","117-59","TCG","S",0.861111111111111,4.96875,12,0.0754716981132075,0.0125786163522013,-0.189784,-2.632491,14.5866090712743,"117","117","FALSE"
"266","117-6","GCG","A",0.972222222222222,7.453125,10,0.0628930817610063,0.0125786163522013,-0.077583,-2.195073,8.1036717062635,"117","117","FALSE"
"2714","117-61","GCA","A",0.861111111111111,7.453125,10,0.0628930817610063,0.0251572327044025,-0.077583,-2.195073,8.1036717062635,"117","117","FALSE"
"2813","117-64","TAT","Y",0.805555555555556,14.90625,3,0.0188679245283019,0.0314465408805031,-0.326267,-1.332622,1.21555075593952,"117","117","FALSE"
"296","117-67","ATG","M",0.976190476190476,4.96875,9,0.0566037735849057,0.0566037735849057,-0.383515,-4.264012,10.9399568034557,"117","117","FALSE"
"306","117-68","AGC","S",0.833333333333333,4.96875,12,0.0754716981132075,0.0125786163522013,-0.189784,-2.632491,14.5866090712743,"117","117","FALSE"
"3112","117-69","TTT","F",0.722222222222222,4.96875,8,0.050314465408805,NA,-0.377866,-2.192974,9.7244060475162,"117","117","FALSE"
"3210","117-73","ACC","T",0.75,9.9375,15,0.0943396226415094,0.0188679245283019,0.008661,-3.344838,9.11663066954644,"117","117","FALSE"
"335","117-75","GTA","V",0.694444444444444,4.96875,16,0.10062893081761,0.0125786163522013,0.116748,-3.305746,19.4488120950324,"117","117","FALSE"
"344","117-76","GGT","G",0.722222222222222,4.96875,12,0.0754716981132075,0.0251572327044025,-0.187247,-2.107279,14.5866090712743,"117","117","FALSE"
"354","117-78","GGA","G",0.777777777777778,4.96875,12,0.0754716981132075,0.0125786163522013,-0.187247,-2.107279,14.5866090712743,"117","117","FALSE"
"364","117-82","CAA","Q",0.75,2.484375,9,0.0566037735849057,0.0314465408805031,-0.088302,-1.358596,21.8799136069114,"117","117","FALSE"
"374","117-84","GTT","V",0.75,4.96875,16,0.10062893081761,0.0314465408805031,0.116748,-3.305746,19.4488120950324,"117","117","FALSE"
"384","117-85","GTG","V",0.9175,4.96875,16,0.10062893081761,0.0314465408805031,0.116748,-3.305746,19.4488120950324,"117","117","FALSE"
"395","117-86","GCT","A",0.755555555555556,7.453125,10,0.0628930817610063,0.0125786163522013,-0.077583,-2.195073,8.1036717062635,"117","117","FALSE"
"405","117-89","TGG","W",0.611111111111111,14.90625,2,0.0125786163522013,0.0817610062893082,-0.178482,3.137848,0.81036717062635,"117","117","FALSE"
"4111","117-9","TGC","C",0.902777777777778,9.9375,15,0.0943396226415094,0.0125786163522013,-0.184271,-3.022984,9.11663066954644,"117","117","FALSE"
"428","117-90","TTG","L",0.777777777777778,7.453125,17,0.106918238993711,0.0251572327044025,-0.134418,-2.654991,13.7762419006479,"117","117","FALSE"
"434","117-95","CTG","L",0.75,7.453125,17,0.106918238993711,0.0251572327044025,-0.134418,-2.654991,13.7762419006479,"117","117","FALSE"
"2206","117","XXX","R",0.1,NA,NA,NA,0,-0.278871,2.45805,NA,"117",NA,"TRUE"
"2215","117","XXX","K",0.1,NA,NA,NA,0,-0.182841,-0.478432,NA,"117",NA,"TRUE"
"2218","117","XXX","P",0.1,NA,NA,NA,0,2.965672,-2.719212,NA,"117",NA,"TRUE"
"170","119-1","GGG","G",1.09302325581395,6.375,53,0.259803921568627,0.186274509803922,0,0,48.8108446298227,"119","119","FALSE"
"237","119-10","AAG","K",1.0093023255814,6.375,2,0.00980392156862745,0.00980392156862745,6.892133,0.924374,1.84191866527633,"119","119","FALSE"
"330","119-11","GTT","V",1.06976744186047,19.125,8,0.0392156862745098,0.0147058823529412,9.619024,1.560682,2.45589155370177,"119","119","FALSE"
"429","119-12","CTG","L",0.976744186046512,9.5625,11,0.053921568627451,0.0343137254901961,8.1534,1.753181,6.75370177267988,"119","119","FALSE"
"523","119-124","ACT","T",0.96085409252669,19.125,7,0.0343137254901961,0.00490196078431373,9.417406,1.887143,2.14890510948905,"119","119","FALSE"
"619","119-128","GAA","E",0.897111913357401,6.375,6,0.0294117647058824,0.00490196078431373,8.488228,4.263474,5.52575599582899,"119","119","FALSE"
"719","119-132","GTG","V",0.938628158844765,19.125,8,0.0392156862745098,0.0147058823529412,9.619024,1.560682,2.45589155370177,"119","119","FALSE"
"814","119-146","CAG","Q",0.900355871886121,6.375,7,0.0343137254901961,0.0196078431372549,7.800104,2.201892,6.44671532846715,"119","119","FALSE"
"913","119-146","ACA","T",0.900355871886121,19.125,7,0.0343137254901961,0.00980392156862745,9.417406,1.887143,2.14890510948905,"119","119","FALSE"
"1014","119-15","GCG","A",1,9.5625,19,0.0931372549019608,0.0343137254901961,3.830556,0.759533,11.6654848800834,"119","119","FALSE"
"1117","119-16","CCT","P",1.03448275862069,3.1875,39,0.191176470588235,0.0245098039215686,7.951366,1.693541,71.8348279457769,"119","119","FALSE"
"1214","119-171","AAC","N",0.956678700361011,19.125,5,0.0245098039215686,0.0147058823529412,8.494518,2.056877,1.53493222106361,"119","119","FALSE"
"1313","119-171","ACC","T",0.956678700361011,19.125,7,0.0343137254901961,0.0147058823529412,9.417406,1.887143,2.14890510948905,"119","119","FALSE"
"1413","119-18","ATA","I",0.953488372093023,12.75,1,0.00490196078431373,0.00490196078431373,11.827086,1.892548,0.460479666319082,"119","119","FALSE"
"1516","119-180","ACC","T",1.03249097472924,19.125,7,0.0343137254901961,0.0147058823529412,9.417406,1.887143,2.14890510948905,"119","119","FALSE"
"1611","119-180","ACC","T",1.03249097472924,19.125,7,0.0343137254901961,0.0147058823529412,9.417406,1.887143,2.14890510948905,"119","119","FALSE"
"178","119-182","CCG","P",0.927046263345196,3.1875,39,0.191176470588235,0.0392156862745098,7.951366,1.693541,71.8348279457769,"119","119","FALSE"
"188","119-182","AGG","R",0.927046263345196,12.75,22,0.107843137254902,0.00490196078431373,7.599047,0.45674,10.1305526590198,"119","119","FALSE"
"1914","119-2","CCC","P",1.17241379310345,3.1875,39,0.191176470588235,0.0882352941176471,7.951366,1.693541,71.8348279457769,"119","119","FALSE"
"2015","119-22","CAT","H",1.06976744186047,6.375,5,0.0245098039215686,0.00490196078431373,10.77818,5.704247,4.60479666319082,"119","119","FALSE"
"2114","119-26","GCA","A",1.09302325581395,9.5625,19,0.0931372549019608,0.0196078431372549,3.830556,0.759533,11.6654848800834,"119","119","FALSE"
"2211","119-28","CGC","R",0.953488372093023,12.75,22,0.107843137254902,0.0441176470588235,7.599047,0.45674,10.1305526590198,"119","119","FALSE"
"238","119-3","GGT","G",1.06976744186047,6.375,53,0.259803921568627,0.0245098039215686,0,0,48.8108446298227,"119","119","FALSE"
"247","119-34","CCG","P",1.04651162790698,3.1875,39,0.191176470588235,0.0392156862745098,7.951366,1.693541,71.8348279457769,"119","119","FALSE"
"257","119-35","AAT","N",1.06976744186047,19.125,5,0.0245098039215686,0.00980392156862745,8.494518,2.056877,1.53493222106361,"119","119","FALSE"
"267","119-36","TCC","S",1.02758620689655,6.375,9,0.0441176470588235,0.00980392156862745,5.83606,1.215047,8.28863399374348,"119","119","FALSE"
"2715","119-37","ACG","T",1.1046511627907,19.125,7,0.0343137254901961,0.00490196078431373,9.417406,1.887143,2.14890510948905,"119","119","FALSE"
"2814","119-38","GGA","G",1.08837209302326,6.375,53,0.259803921568627,0.0294117647058824,0,0,48.8108446298227,"119","119","FALSE"
"297","119-42","GCC","A",1.09302325581395,9.5625,19,0.0931372549019608,0.0343137254901961,3.830556,0.759533,11.6654848800834,"119","119","FALSE"
"307","119-48","CCA","P",1,3.1875,39,0.191176470588235,0.0392156862745098,7.951366,1.693541,71.8348279457769,"119","119","FALSE"
"3113","119-5","CGG","R",0.910344827586207,12.75,22,0.107843137254902,0.0441176470588235,7.599047,0.45674,10.1305526590198,"119","119","FALSE"
"3211","119-53","CGT","R",0.920689655172414,12.75,22,0.107843137254902,0.0147058823529412,7.599047,0.45674,10.1305526590198,"119","119","FALSE"
"336","119-59","AGC","S",1,6.375,9,0.0441176470588235,0.00980392156862745,5.83606,1.215047,8.28863399374348,"119","119","FALSE"
"345","119-64","GCT","A",1.13793103448276,9.5625,19,0.0931372549019608,0.00490196078431373,3.830556,0.759533,11.6654848800834,"119","119","FALSE"
"355","119-68","TAC","Y",1.03448275862069,12.75,2,0.00980392156862745,0.0196078431372549,9.966362,2.693262,0.920959332638165,"119","119","FALSE"
"365","119-7","CTC","L",0.976744186046512,9.5625,11,0.053921568627451,0.0147058823529412,8.1534,1.753181,6.75370177267988,"119","119","FALSE"
"375","119-70","GTC","V",1.02325581395349,19.125,8,0.0392156862745098,0.00980392156862745,9.619024,1.560682,2.45589155370177,"119","119","FALSE"
"385","119-73","GAG","E",0.931034482758621,6.375,6,0.0294117647058824,0.0245098039215686,8.488228,4.263474,5.52575599582899,"119","119","FALSE"
"396","119-81","TCG","S",1.02325581395349,6.375,9,0.0441176470588235,0.0147058823529412,5.83606,1.215047,8.28863399374348,"119","119","FALSE"
"406","119-82","TGC","C",1,12.75,3,0.0147058823529412,0.0147058823529412,5.218951,1.233449,1.38143899895725,"119","119","FALSE"
"4112","119-85","GGC","G",1,6.375,53,0.259803921568627,0.0196078431372549,0,0,48.8108446298227,"119","119","FALSE"
"4210","119-9","CAC","H",1.09302325581395,6.375,5,0.0245098039215686,0.0196078431372549,10.77818,5.704247,4.60479666319082,"119","119","FALSE"
"435","119-99","TGG","W",0.97864768683274,12.75,3,0.0147058823529412,0.00490196078431373,11.723528,3.56572,1.38143899895725,"119","119","FALSE"
"2246","119","XXX","D",0.1,NA,NA,NA,0,9.202783,3.842554,NA,"119",NA,"TRUE"
"2254","119","XXX","M",0.1,NA,NA,NA,0,6.61164,1.129935,NA,"119",NA,"TRUE"
"2255","119","XXX","F",0.1,NA,NA,NA,0,9.86253,2.910696,NA,"119",NA,"TRUE"
"179","123-1","CTA","L",0.990712074303406,5.03125,37,0.229813664596273,0.0124223602484472,1.328314,-0.069774,43.5767835550181,"123","123","FALSE"
"239","123-10","TTG","L",1.17647058823529,5.03125,37,0.229813664596273,NA,1.328314,-0.069774,43.5767835550181,"123","123","FALSE"
"337","123-114","GGT","G",0.888888888888889,5.03125,9,0.0559006211180124,0.0124223602484472,3.928454,0.139691,10.5997581620314,"123","123","FALSE"
"430","123-12","TCA","S",1.26934984520124,10.0625,25,0.15527950310559,0.0186335403726708,2.618646,0.060049,14.7218863361548,"123","123","FALSE"
"524","123-122","ACG","T",0.961111111111111,5.03125,13,0.0807453416149068,0.0062111801242236,1.19009,0.078081,15.310761789601,"123","123","FALSE"
"620","123-13","ACA","T",1.11455108359133,5.03125,13,0.0807453416149068,0.062111801242236,1.19009,0.078081,15.310761789601,"123","123","FALSE"
"720","123-135","GGC","G",0.944444444444444,5.03125,9,0.0559006211180124,0.0124223602484472,3.928454,0.139691,10.5997581620314,"123","123","FALSE"
"815","123-14","CTT","L",0.990712074303406,5.03125,37,0.229813664596273,0.031055900621118,1.328314,-0.069774,43.5767835550181,"123","123","FALSE"
"914","123-16","TGT","C",1.18885448916409,10.0625,11,0.0683229813664596,0.0559006211180124,1.769808,0.079813,6.4776299879081,"123","123","FALSE"
"1015","123-17","ATT","I",1.12693498452012,5.03125,32,0.198757763975155,0.0559006211180124,-0.614643,-0.106607,37.6880290205562,"123","123","FALSE"
"1118","123-19","GCA","A",1.17647058823529,7.546875,11,0.0683229813664596,0.0248447204968944,2.486527,0.131094,8.63683998387747,"123","123","FALSE"
"1215","123-2","CTG","L",1.05263157894737,5.03125,37,0.229813664596273,0.031055900621118,1.328314,-0.069774,43.5767835550181,"123","123","FALSE"
"1314","123-20","AGC","S",0.91640866873065,10.0625,25,0.15527950310559,0.0248447204968944,2.618646,0.060049,14.7218863361548,"123","123","FALSE"
"1414","123-24","GTG","V",0.967741935483871,7.546875,21,0.130434782608696,0.0062111801242236,0,0,16.4885126964933,"123","123","FALSE"
"1517","123-25","GCT","A",0.944700460829493,7.546875,11,0.0683229813664596,0.0248447204968944,2.486527,0.131094,8.63683998387747,"123","123","FALSE"
"1612","123-35","GTC","V",0.930875576036867,7.546875,21,0.130434782608696,0.0372670807453416,0,0,16.4885126964933,"123","123","FALSE"
"1710","123-36","TGC","C",0.944700460829493,10.0625,11,0.0683229813664596,0.0372670807453416,1.769808,0.079813,6.4776299879081,"123","123","FALSE"
"189","123-4","CTC","L",1.14551083591331,5.03125,37,0.229813664596273,0.0372670807453416,1.328314,-0.069774,43.5767835550181,"123","123","FALSE"
"1915","123-55","TCT","S",0.898617511520737,10.0625,25,0.15527950310559,0.031055900621118,2.618646,0.060049,14.7218863361548,"123","123","FALSE"
"2016","123-56","GCC","A",0.967741935483871,7.546875,11,0.0683229813664596,0.0062111801242236,2.486527,0.131094,8.63683998387747,"123","123","FALSE"
"2115","123-59","GGA","G",0.806451612903226,5.03125,9,0.0559006211180124,0.0248447204968944,3.928454,0.139691,10.5997581620314,"123","123","FALSE"
"2212","123-61","ACC","T",0.921658986175115,5.03125,13,0.0807453416149068,0.0124223602484472,1.19009,0.078081,15.310761789601,"123","123","FALSE"
"2310","123-65","ATC","I",0.85483870967742,5.03125,32,0.198757763975155,0.0559006211180124,-0.614643,-0.106607,37.6880290205562,"123","123","FALSE"
"2320","123","XXX","R",0.1,NA,NA,NA,0,8.053877,0.366886,NA,"123",NA,"TRUE"
"2321","123","XXX","N",0.1,NA,NA,NA,0,3.511737,-0.154361,NA,"123",NA,"TRUE"
"2322","123","XXX","D",0.1,NA,NA,NA,0,4.802621,-0.760663,NA,"123",NA,"TRUE"
"2324","123","XXX","Q",0.1,NA,NA,NA,0,3.795098,0.104639,NA,"123",NA,"TRUE"
"2325","123","XXX","E",0.1,NA,NA,NA,0,4.309518,-0.159309,NA,"123",NA,"TRUE"
"2327","123","XXX","H",0.1,NA,NA,NA,0,6.191339,0.003187,NA,"123",NA,"TRUE"
"2330","123","XXX","K",0.1,NA,NA,NA,0,5.510379,0.159248,NA,"123",NA,"TRUE"
"2331","123","XXX","M",0.1,NA,NA,NA,0,0.85536,0.061129,NA,"123",NA,"TRUE"
"2332","123","XXX","F",0.1,NA,NA,NA,0,6.615148,0.05364,NA,"123",NA,"TRUE"
"2333","123","XXX","P",0.1,NA,NA,NA,0,4.666029,0.204065,NA,"123",NA,"TRUE"
"2336","123","XXX","W",0.1,NA,NA,NA,0,16.491008,0.503532,NA,"123",NA,"TRUE"
"2337","123","XXX","Y",0.1,NA,NA,NA,0,8.260723,0.115404,NA,"123",NA,"TRUE"
"180","125-108","GAT","D",0.914583333333333,4.171875,89,1,0.0898876404494382,0,0,89,"125","125","FALSE"
"240","125-97","GAC","D",0.997916666666667,4.171875,89,1,0.910112359550562,0,0,89,"125","125","FALSE"
"2357","125","XXX","A",0.1,NA,NA,NA,0,1.671311,4.241364,NA,"125",NA,"TRUE"
"2358","125","XXX","R",0.1,NA,NA,NA,0,3.406639,8.626542,NA,"125",NA,"TRUE"
"2359","125","XXX","N",0.1,NA,NA,NA,0,1.555628,2.32557,NA,"125",NA,"TRUE"
"2360","125","XXX","C",0.1,NA,NA,NA,0,1.364656,3.869328,NA,"125",NA,"TRUE"
"2361","125","XXX","Q",0.1,NA,NA,NA,0,3.193237,3.977525,NA,"125",NA,"TRUE"
"2362","125","XXX","E",0.1,NA,NA,NA,0,2.554691,1.2846,NA,"125",NA,"TRUE"
"2363","125","XXX","G",0.1,NA,NA,NA,0,2.014573,4.346749,NA,"125",NA,"TRUE"
"2364","125","XXX","H",0.1,NA,NA,NA,0,3.061404,4.764293,NA,"125",NA,"TRUE"
"2365","125","XXX","I",0.1,NA,NA,NA,0,2.225672,4.287533,NA,"125",NA,"TRUE"
"2366","125","XXX","L",0.1,NA,NA,NA,0,2.579359,4.57837,NA,"125",NA,"TRUE"
"2367","125","XXX","K",0.1,NA,NA,NA,0,2.66811,6.666682,NA,"125",NA,"TRUE"
"2368","125","XXX","M",0.1,NA,NA,NA,0,1.34113,4.092483,NA,"125",NA,"TRUE"
"2369","125","XXX","F",0.1,NA,NA,NA,0,0.698555,5.233081,NA,"125",NA,"TRUE"
"2370","125","XXX","P",0.1,NA,NA,NA,0,4.416913,4.576932,NA,"125",NA,"TRUE"
"2371","125","XXX","S",0.1,NA,NA,NA,0,1.328111,3.643954,NA,"125",NA,"TRUE"
"2372","125","XXX","T",0.1,NA,NA,NA,0,2.292121,3.80746,NA,"125",NA,"TRUE"
"2373","125","XXX","W",0.1,NA,NA,NA,0,2.625651,5.161536,NA,"125",NA,"TRUE"
"2374","125","XXX","Y",0.1,NA,NA,NA,0,1.135885,5.443842,NA,"125",NA,"TRUE"
"2375","125","XXX","V",0.1,NA,NA,NA,0,1.488852,4.194156,NA,"125",NA,"TRUE"
"190","128-1","GTA","V",0.882352941176471,3.8125,21,0.172131147540984,0.0737704918032787,-0.257974,-1.591656,22.0744186046512,"128","128","FALSE"
"248","128-106","TGC","C",0.982658959537572,7.625,10,0.0819672131147541,0.0655737704918033,-0.052696,0.346652,5.25581395348837,"128","128","FALSE"
"338","128-112","GCT","A",0.888246628131021,5.71875,9,0.0737704918032787,0.0163934426229508,0.186537,1.255589,6.30697674418605,"128","128","FALSE"
"436","128-12","TCT","S",0.944123314065511,3.8125,34,0.278688524590164,0.0163934426229508,0.405298,1.827342,35.7395348837209,"128","128","FALSE"
"525","128-129","GCG","A",0.828516377649326,5.71875,9,0.0737704918032787,0.00819672131147541,0.186537,1.255589,6.30697674418605,"128","128","FALSE"
"621","128-16","TGT","C",0.751445086705202,7.625,10,0.0819672131147541,NA,-0.052696,0.346652,5.25581395348837,"128","128","FALSE"
"721","128-17","GTC","V",1.0019267822736,3.8125,21,0.172131147540984,0.0245901639344262,-0.257974,-1.591656,22.0744186046512,"128","128","FALSE"
"816","128-2","GCA","A",0.905587668593449,5.71875,9,0.0737704918032787,0.0327868852459016,0.186537,1.255589,6.30697674418605,"128","128","FALSE"
"915","128-21","ACA","T",0.980392156862745,3.8125,33,0.270491803278689,0.147540983606557,0,0,34.6883720930233,"128","128","FALSE"
"1016","128-22","TCG","S",0.998073217726397,3.8125,34,0.278688524590164,0.0573770491803279,0.405298,1.827342,35.7395348837209,"128","128","FALSE"
"1119","128-26","AAC","N",0.754901960784314,3.8125,15,0.122950819672131,0.0491803278688525,0.077748,1.193733,15.7674418604651,"128","128","FALSE"
"1216","128-27","GTG","V",0.92485549132948,3.8125,21,0.172131147540984,0.00819672131147541,-0.257974,-1.591656,22.0744186046512,"128","128","FALSE"
"1315","128-3","AGT","S",0.980732177263969,3.8125,34,0.278688524590164,0.0491803278688525,0.405298,1.827342,35.7395348837209,"128","128","FALSE"
"1415","128-32","TCC","S",0.950980392156863,3.8125,34,0.278688524590164,0.0491803278688525,0.405298,1.827342,35.7395348837209,"128","128","FALSE"
"1520","128-37","AAT","N",0.732177263969171,3.8125,15,0.122950819672131,0.0737704918032787,0.077748,1.193733,15.7674418604651,"128","128","FALSE"
"1613","128-51","AGC","S",0.941176470588235,3.8125,34,0.278688524590164,0.0163934426229508,0.405298,1.827342,35.7395348837209,"128","128","FALSE"
"1711","128-58","ACG","T",0.982658959537572,3.8125,33,0.270491803278689,0.0163934426229508,0,0,34.6883720930233,"128","128","FALSE"
"1810","128-59","GCC","A",0.736030828516378,5.71875,9,0.0737704918032787,0.0163934426229508,0.186537,1.255589,6.30697674418605,"128","128","FALSE"
"1916","128-8","TCA","S",0.901960784313726,3.8125,34,0.278688524590164,0.0327868852459016,0.405298,1.827342,35.7395348837209,"128","128","FALSE"
"2017","128-9","ACT","T",0.903921568627451,3.8125,33,0.270491803278689,0.0737704918032787,0,0,34.6883720930233,"128","128","FALSE"
"2415","128","XXX","R",0.1,NA,NA,NA,0,-0.496946,2.325383,NA,"128",NA,"TRUE"
"2417","128","XXX","D",0.1,NA,NA,NA,0,0.103587,1.86053,NA,"128",NA,"TRUE"
"2419","128","XXX","Q",0.1,NA,NA,NA,0,-0.294271,1.368994,NA,"128",NA,"TRUE"
"2420","128","XXX","E",0.1,NA,NA,NA,0,-0.498122,1.570848,NA,"128",NA,"TRUE"
"2421","128","XXX","G",0.1,NA,NA,NA,0,0.686007,3.066634,NA,"128",NA,"TRUE"
"2422","128","XXX","H",0.1,NA,NA,NA,0,0.036281,4.960818,NA,"128",NA,"TRUE"
"2423","128","XXX","I",0.1,NA,NA,NA,0,-0.79752,-1.782208,NA,"128",NA,"TRUE"
"2424","128","XXX","L",0.1,NA,NA,NA,0,-1.089947,-1.161017,NA,"128",NA,"TRUE"
"2425","128","XXX","K",0.1,NA,NA,NA,0,-0.723677,1.534561,NA,"128",NA,"TRUE"
"2426","128","XXX","M",0.1,NA,NA,NA,0,-1.260556,-1.62862,NA,"128",NA,"TRUE"
"2427","128","XXX","F",0.1,NA,NA,NA,0,-0.53614,2.773756,NA,"128",NA,"TRUE"
"2428","128","XXX","P",0.1,NA,NA,NA,0,-0.688623,0.189483,NA,"128",NA,"TRUE"
"2430","128","XXX","W",0.1,NA,NA,NA,0,-0.606987,4.517904,NA,"128",NA,"TRUE"
"2431","128","XXX","Y",0.1,NA,NA,NA,0,-0.457368,4.736378,NA,"128",NA,"TRUE"
"1100","129-1","TCC","S",0.387755102040816,3.875,13,0.104838709677419,0.0645161290322581,4.823677,0.115629,15.1591173054588,"129","129","FALSE"
"249","129-12","TGC","C",0.575510204081633,7.75,6,0.0483870967741935,0.0483870967741935,3.271492,0.08589,3.49825783972125,"129","129","FALSE"
"339","129-120","ACA","T",1.08909090909091,5.8125,13,0.104838709677419,0.00806451612903226,3.347604,0.048397,10.1060782036392,"129","129","FALSE"
"437","129-13","ACG","T",0.957446808510638,5.8125,13,0.104838709677419,0.0403225806451613,3.347604,0.048397,10.1060782036392,"129","129","FALSE"
"526","129-135","ACT","T",0.760791366906475,5.8125,13,0.104838709677419,0.00806451612903226,3.347604,0.048397,10.1060782036392,"129","129","FALSE"
"622","129-14","GTG","V",0.922448979591837,3.875,17,0.137096774193548,0.0725806451612903,1.107036,0.047217,19.8234610917538,"129","129","FALSE"
"722","129-15","GTC","V",0.897959183673469,3.875,17,0.137096774193548,0.032258064516129,1.107036,0.047217,19.8234610917538,"129","129","FALSE"
"817","129-16","CTG","L",0.978723404255319,3.875,30,0.241935483870968,0.0564516129032258,0.478432,0.012206,34.9825783972125,"129","129","FALSE"
"916","129-17","ATC","I",0.916326530612245,3.875,3,0.0241935483870968,0.0241935483870968,0,0,3.49825783972125,"129","129","FALSE"
"1017","129-20","ACC","T",0.985106382978723,5.8125,13,0.104838709677419,0.0483870967741935,3.347604,0.048397,10.1060782036392,"129","129","FALSE"
"1120","129-22","TCA","S",0.574468085106383,3.875,13,0.104838709677419,0.0161290322580645,4.823677,0.115629,15.1591173054588,"129","129","FALSE"
"1217","129-26","ATG","M",0.63265306122449,7.75,1,0.00806451612903226,0.00806451612903226,0.304176,0.076102,0.583042973286876,"129","129","FALSE"
"1316","129-3","GCC","A",0.551020408163265,5.8125,38,0.306451612903226,0.129032258064516,4.262193,0.162592,29.5408439798684,"129","129","FALSE"
"1416","129-30","TTT","F",0.836734693877551,3.875,2,0.0161290322580645,0.00806451612903226,3.076933,0.733348,2.3321718931475,"129","129","FALSE"
"1530","129-33","CTT","L",0.897959183673469,3.875,30,0.241935483870968,0.00806451612903226,0.478432,0.012206,34.9825783972125,"129","129","FALSE"
"1614","129-35","GCT","A",0.551020408163265,5.8125,38,0.306451612903226,0.0403225806451613,4.262193,0.162592,29.5408439798684,"129","129","FALSE"
"1712","129-36","GTT","V",1.11276595744681,3.875,17,0.137096774193548,0.0241935483870968,1.107036,0.047217,19.8234610917538,"129","129","FALSE"
"1811","129-39","CAC","H",0.24802110817942,3.875,1,0.00806451612903226,0.00806451612903226,3.951201,0.155978,1.16608594657375,"129","129","FALSE"
"1917","129-4","GCG","A",0.53265306122449,5.8125,38,0.306451612903226,0.120967741935484,4.262193,0.162592,29.5408439798684,"129","129","FALSE"
"2018","129-5","CTC","L",0.897959183673469,3.875,30,0.241935483870968,0.145161290322581,0.478432,0.012206,34.9825783972125,"129","129","FALSE"
"2116","129-60","TCG","S",0.759183673469388,3.875,13,0.104838709677419,0.00806451612903226,4.823677,0.115629,15.1591173054588,"129","129","FALSE"
"2213","129-66","TCT","S",0.26530612244898,3.875,13,0.104838709677419,0.00806451612903226,4.823677,0.115629,15.1591173054588,"129","129","FALSE"
"2311","129-72","TTC","F",0.877551020408163,3.875,2,0.0161290322580645,0.00806451612903226,3.076933,0.733348,2.3321718931475,"129","129","FALSE"
"2410","129-8","GCA","A",0.469387755102041,5.8125,38,0.306451612903226,0.0161290322580645,4.262193,0.162592,29.5408439798684,"129","129","FALSE"
"258","129-81","TTG","L",1.05540897097625,3.875,30,0.241935483870968,0.0161290322580645,0.478432,0.012206,34.9825783972125,"129","129","FALSE"
"2610","129-9","AGC","S",0.517021276595745,3.875,13,0.104838709677419,0.00806451612903226,4.823677,0.115629,15.1591173054588,"129","129","FALSE"
"2716","129-92","GTA","V",0.978723404255319,3.875,17,0.137096774193548,0.00806451612903226,1.107036,0.047217,19.8234610917538,"129","129","FALSE"
"2815","129-99","CTA","L",1.10909090909091,3.875,30,0.241935483870968,0.0161290322580645,0.478432,0.012206,34.9825783972125,"129","129","FALSE"
"2434","129","XXX","R",0.1,NA,NA,NA,0,6.671654,0.866411,NA,"129",NA,"TRUE"
"2435","129","XXX","N",0.1,NA,NA,NA,0,3.815556,0.062097,NA,"129",NA,"TRUE"
"2436","129","XXX","D",0.1,NA,NA,NA,0,4.866404,0.201152,NA,"129",NA,"TRUE"
"2438","129","XXX","Q",0.1,NA,NA,NA,0,3.075326,0.074436,NA,"129",NA,"TRUE"
"2439","129","XXX","E",0.1,NA,NA,NA,0,4.470881,0.107393,NA,"129",NA,"TRUE"
"2440","129","XXX","G",0.1,NA,NA,NA,0,5.893029,0.23938,NA,"129",NA,"TRUE"
"2443","129","XXX","K",0.1,NA,NA,NA,0,4.581279,0.374215,NA,"129",NA,"TRUE"
"2446","129","XXX","P",0.1,NA,NA,NA,0,7.191202,0.283333,NA,"129",NA,"TRUE"
"2449","129","XXX","W",0.1,NA,NA,NA,0,8.297274,1.321444,NA,"129",NA,"TRUE"
"2450","129","XXX","Y",0.1,NA,NA,NA,0,5.238801,1.034127,NA,"129",NA,"TRUE"
"1101","148-1","TGT","C",0.9,6.6875,12,0.11214953271028,0.0186915887850467,0.684378,1.486437,7.57997823721436,"148","148","FALSE"
"250","148-11","ACC","T",1.12121212121212,3.34375,12,0.11214953271028,0.0467289719626168,4.575213,1.944951,15.1599564744287,"148","148","FALSE"
"340","148-111","ACT","T",1.18181818181818,3.34375,12,0.11214953271028,0.00934579439252336,4.575213,1.944951,15.1599564744287,"148","148","FALSE"
"438","148-15","TCA","S",0.933333333333333,6.6875,11,0.102803738317757,0.0373831775700935,0,0,6.94831338411317,"148","148","FALSE"
"527","148-2","GCA","A",1.04545454545455,5.015625,35,0.327102803738318,0.0654205607476635,-0.164227,0.802305,29.4776931447225,"148","148","FALSE"
"623","148-20","TCC","S",1,6.6875,11,0.102803738317757,0.0467289719626168,0,0,6.94831338411317,"148","148","FALSE"
"723","148-21","GGC","G",0.866666666666667,3.34375,15,0.14018691588785,0.0467289719626168,0.277369,0.834037,18.9499455930359,"148","148","FALSE"
"818","148-25","CTA","L",0.212121212121212,3.34375,14,0.130841121495327,0.0186915887850467,5.178543,7.179265,17.6866158868335,"148","148","FALSE"
"917","148-27","CTC","L",1,3.34375,14,0.130841121495327,0.0560747663551402,5.178543,7.179265,17.6866158868335,"148","148","FALSE"
"1018","148-3","TGC","C",0.9,6.6875,12,0.11214953271028,0.0654205607476635,0.684378,1.486437,7.57997823721436,"148","148","FALSE"
"1121","148-38","GAC","D",0.6,3.34375,7,0.0654205607476635,0.00934579439252336,4.376245,3.299442,8.84330794341676,"148","148","FALSE"
"1218","148-4","GCT","A",0.933333333333333,5.015625,35,0.327102803738318,0.0654205607476635,-0.164227,0.802305,29.4776931447225,"148","148","FALSE"
"1317","148-43","GAT","D",0.666666666666667,3.34375,7,0.0654205607476635,0.0560747663551402,4.376245,3.299442,8.84330794341676,"148","148","FALSE"
"1417","148-5","ATG","M",0.266666666666667,3.34375,1,0.00934579439252336,0.00934579439252336,2.50666,3.054247,1.26332970620239,"148","148","FALSE"
"1531","148-51","ACG","T",1.18181818181818,3.34375,12,0.11214953271028,0.0186915887850467,4.575213,1.944951,15.1599564744287,"148","148","FALSE"
"1615","148-55","CTG","L",0.121212121212121,3.34375,14,0.130841121495327,0.0186915887850467,5.178543,7.179265,17.6866158868335,"148","148","FALSE"
"1713","148-56","AGC","S",1.12121212121212,6.6875,11,0.102803738317757,0.0373831775700935,0,0,6.94831338411317,"148","148","FALSE"
"1812","148-6","GGT","G",1.00666666666667,3.34375,15,0.14018691588785,0.0280373831775701,0.277369,0.834037,18.9499455930359,"148","148","FALSE"
"1918","148-60","TTG","L",0.876666666666667,3.34375,14,0.130841121495327,NA,5.178543,7.179265,17.6866158868335,"148","148","FALSE"
"2019","148-7","GCC","A",1.03030303030303,5.015625,35,0.327102803738318,0.11214953271028,-0.164227,0.802305,29.4776931447225,"148","148","FALSE"
"2117","148-74","GCG","A",1.11818181818182,5.015625,35,0.327102803738318,0.0841121495327103,-0.164227,0.802305,29.4776931447225,"148","148","FALSE"
"2214","148-75","AGT","S",0.9,6.6875,11,0.102803738317757,0.00934579439252336,0,0,6.94831338411317,"148","148","FALSE"
"2312","148-8","ACA","T",0.9,3.34375,12,0.11214953271028,0.0373831775700935,4.575213,1.944951,15.1599564744287,"148","148","FALSE"
"2411","148-83","GGA","G",0.9,3.34375,15,0.14018691588785,0.0373831775700935,0.277369,0.834037,18.9499455930359,"148","148","FALSE"
"259","148-9","GGG","G",0.9,3.34375,15,0.14018691588785,0.0280373831775701,0.277369,0.834037,18.9499455930359,"148","148","FALSE"
"2795","148","XXX","R",0.1,NA,NA,NA,0,4.57261,5.364757,NA,"148",NA,"TRUE"
"2796","148","XXX","N",0.1,NA,NA,NA,0,3.106566,5.269821,NA,"148",NA,"TRUE"
"2799","148","XXX","Q",0.1,NA,NA,NA,0,4.471147,4.182421,NA,"148",NA,"TRUE"
"2800","148","XXX","E",0.1,NA,NA,NA,0,4.34519,3.039355,NA,"148",NA,"TRUE"
"2802","148","XXX","H",0.1,NA,NA,NA,0,7.892337,18.316533,NA,"148",NA,"TRUE"
"2803","148","XXX","I",0.1,NA,NA,NA,0,6.838776,2.882572,NA,"148",NA,"TRUE"
"2805","148","XXX","K",0.1,NA,NA,NA,0,4.081828,4.205479,NA,"148",NA,"TRUE"
"2807","148","XXX","F",0.1,NA,NA,NA,0,7.066829,11.383851,NA,"148",NA,"TRUE"
"2808","148","XXX","P",0.1,NA,NA,NA,0,8.730094,1.487845,NA,"148",NA,"TRUE"
"2810","148","XXX","W",0.1,NA,NA,NA,0,9.513721,12.055995,NA,"148",NA,"TRUE"
"2811","148","XXX","Y",0.1,NA,NA,NA,0,7.832499,10.938496,NA,"148",NA,"TRUE"
"2812","148","XXX","V",0.1,NA,NA,NA,0,4.959451,2.98906,NA,"148",NA,"TRUE"
