"","Group.1","x","site","aa"
"1","106_*",0.0341947639267737,"106","*"
"2","106_A",0.0829419870082394,"106","A"
"3","106_C",0.0538230083518461,"106","C"
"4","106_D",0.0279379095076066,"106","D"
"5","106_E",0.027023986951998,"106","E"
"6","106_F",0.0236073226287225,"106","F"
"7","106_G",0.0881724360957228,"106","G"
"8","106_H",0.0501954388234302,"106","H"
"9","106_I",0.0234385984646101,"106","I"
"10","106_K",0.032352858468547,"106","K"
"11","106_L",0.0591800005624139,"106","L"
"12","106_M",0.0112904586485194,"106","M"
"13","106_N",0.0385394111526672,"106","N"
"14","106_P",0.0566631984477377,"106","P"
"15","106_Q",0.046328843395855,"106","Q"
"16","106_R",0.0642698461798037,"106","R"
"17","106_S",0.0721858215460758,"106","S"
"18","106_T",0.0722280025871039,"106","T"
"19","106_V",0.0772334861224375,"106","V"
"20","106_W",0.0326200050617249,"106","W"
"21","106_Y",0.0257726160681646,"106","Y"
"22","117_*",0.0464871370543102,"117","*"
"23","117_A",0.0562910586229377,"117","A"
"24","117_C",0.0429140965849255,"117","C"
"25","117_D",0.0447194222957725,"117","D"
"26","117_E",0.0353668321548568,"117","E"
"27","117_F",0.0342761145378868,"117","F"
"28","117_G",0.0564916503685873,"117","G"
"29","117_H",0.0349405746953513,"117","H"
"30","117_I",0.0446692743593601,"117","I"
"31","117_K",0.0586856225866306,"117","K"
"32","117_L",0.0808133995286094,"117","L"
"33","117_M",0.015044380923725,"117","M"
"34","117_N",0.0489318489544155,"117","N"
"35","117_P",0.0395792588134998,"117","P"
"36","117_Q",0.0383130234190863,"117","Q"
"37","117_R",0.0582092171907126,"117","R"
"38","117_S",0.0658066295571937,"117","S"
"39","117_T",0.0679629908229276,"117","T"
"40","117_V",0.0781680958828544,"117","V"
"41","117_W",0.016736873777644,"117","W"
"42","117_Y",0.0355924978687127,"117","Y"
"43","119_*",0.0111903398740436,"119","*"
"44","119_A",0.0986051111226773,"119","A"
"45","119_C",0.0187112892312497,"119","C"
"46","119_D",0.0170197262270338,"119","D"
"47","119_E",0.0307343985842919,"119","E"
"48","119_F",0.00793733409670536,"119","F"
"49","119_G",0.24236194243481,"119","G"
"50","119_H",0.0339613803154114,"119","H"
"51","119_I",0.00655805964711393,"119","I"
"52","119_K",0.00713058866392547,"119","K"
"53","119_L",0.0518399000676625,"119","L"
"54","119_M",0.00356529433196273,"119","M"
"55","119_N",0.00819757455889242,"119","N"
"56","119_P",0.164445948056004,"119","P"
"57","119_Q",0.021782126685057,"119","Q"
"58","119_R",0.110914484984125,"119","R"
"59","119_S",0.0562379638786238,"119","S"
"60","119_T",0.0383594441263728,"119","T"
"61","119_V",0.0424712434289283,"119","V"
"62","119_W",0.0194659865715921,"119","W"
"63","119_Y",0.00850986311351689,"119","Y"
"64","123_*",0.0572038711436231,"123","*"
"65","123_A",0.0363033304557227,"123","A"
"66","123_C",0.0312750844351553,"123","C"
"67","123_D",0.0294425007951293,"123","D"
"68","123_E",0.028064276735275,"123","E"
"69","123_F",0.0859951232071728,"123","F"
"70","123_G",0.0413164311569509,"123","G"
"71","123_H",0.0272009935329486,"123","H"
"72","123_I",0.0731670377269905,"123","I"
"73","123_K",0.0347585078831387,"123","K"
"74","123_L",0.122692231965711,"123","L"
"75","123_M",0.0172505187271874,"123","M"
"76","123_N",0.0370757417420146,"123","N"
"77","123_P",0.0319869144440911,"123","P"
"78","123_Q",0.0241264937071198,"123","Q"
"79","123_R",0.0606115679949112,"123","R"
"80","123_S",0.0780741211928453,"123","S"
"81","123_T",0.0428763990488739,"123","T"
"82","123_V",0.0818453057082709,"123","V"
"83","123_W",0.0112378269495812,"123","W"
"84","123_Y",0.0474957214472867,"123","Y"
"85","125_*",0.00203658957542285,"125","*"
"86","125_A",0.0902657921988264,"125","A"
"87","125_C",0.00983776320331377,"125","C"
"88","125_D",0.0142043493268899,"125","D"
"89","125_E",0.0287366240938902,"125","E"
"90","125_F",0.00117362789092164,"125","F"
"91","125_G",0.362512944425267,"125","G"
"92","125_H",0.0188988608905765,"125","H"
"93","125_I",0.000811183983431136,"125","I"
"94","125_K",0.000759406282361063,"125","K"
"95","125_L",0.0231791508457024,"125","L"
"96","125_M",0.000880220918191232,"125","M"
"97","125_N",0.000742147048671039,"125","N"
"98","125_P",0.253848809112875,"125","P"
"99","125_Q",0.00440110459095616,"125","Q"
"100","125_R",0.102692440455644,"125","R"
"101","125_S",0.0290472903003107,"125","S"
"102","125_T",0.012167759751467,"125","T"
"103","125_V",0.0263893683120469,"125","V"
"104","125_W",0.0160338280980324,"125","W"
"105","125_Y",0.00138073869520193,"125","Y"
"106","129_*",0.00929564827276806,"129","*"
"107","129_A",0.113055181695828,"129","A"
"108","129_C",0.0253207716464782,"129","C"
"109","129_D",0.016509645580978,"129","D"
"110","129_E",0.0156303275011216,"129","E"
"111","129_F",0.0151637505607896,"129","F"
"112","129_G",0.154813817855541,"129","G"
"113","129_H",0.0324629878869448,"129","H"
"114","129_I",0.0277254374158816,"129","I"
"115","129_K",0.00454015253476896,"129","K"
"116","129_L",0.0677972184836249,"129","L"
"117","129_M",0.00724988784208165,"129","M"
"118","129_N",0.00708838043965904,"129","N"
"119","129_P",0.170139075818753,"129","P"
"120","129_Q",0.0165634813817856,"129","Q"
"121","129_R",0.116698070883804,"129","R"
"122","129_S",0.0730013458950202,"129","S"
"123","129_T",0.0442171377299237,"129","T"
"124","129_V",0.0549125168236878,"129","V"
"125","129_W",0.0164558097801705,"129","W"
"126","129_Y",0.0113593539703903,"129","Y"
"127","148_*",0.0200013794054762,"148","*"
"128","148_A",0.0901269053038141,"148","A"
"129","148_C",0.0280536588730257,"148","C"
"130","148_D",0.0260535209324781,"148","D"
"131","148_E",0.0218463342299469,"148","E"
"132","148_F",0.0230188288847507,"148","F"
"133","148_G",0.069315125181047,"148","G"
"134","148_H",0.053210566245948,"148","H"
"135","148_I",0.0163976825987999,"148","I"
"136","148_K",0.00829367542589144,"148","K"
"137","148_L",0.0751258707497069,"148","L"
"138","148_M",0.00672460169666874,"148","M"
"139","148_N",0.0135181736671495,"148","N"
"140","148_P",0.195547968825436,"148","P"
"141","148_Q",0.0276398372301538,"148","Q"
"142","148_R",0.0765742464997586,"148","R"
"143","148_S",0.0910062762949169,"148","S"
"144","148_T",0.0506241809779985,"148","T"
"145","148_V",0.0747810193806469,"148","V"
"146","148_W",0.0100179322711911,"148","W"
"147","148_Y",0.0221222153251948,"148","Y"
"148","15_*",0.0423011606854641,"15","*"
"149","15_A",0.0424695793743246,"15","A"
"150","15_C",0.0673815104349413,"15","C"
"151","15_D",0.0187225442449931,"15","D"
"152","15_E",0.0137541929236081,"15","E"
"153","15_F",0.0608552862415966,"15","F"
"154","15_G",0.0474800353679247,"15","G"
"155","15_H",0.0374731582714629,"15","H"
"156","15_I",0.0350030175015087,"15","I"
"157","15_K",0.0245470239014189,"15","K"
"158","15_L",0.0822023550546659,"15","L"
"159","15_M",0.00922092321511277,"15","M"
"160","15_N",0.0409117065023649,"15","N"
"161","15_P",0.0853321356893237,"15","P"
"162","15_Q",0.032883749000014,"15","Q"
"163","15_R",0.0482659892492737,"15","R"
"164","15_S",0.112812451755063,"15","S"
"165","15_T",0.0790866093107465,"15","T"
"166","15_V",0.0527290845040771,"15","V"
"167","15_W",0.0232979186257035,"15","W"
"168","15_Y",0.043269568146412,"15","Y"
"169","4_*",0.000545016614216143,"4","*"
"170","4_A",0.0655426431547671,"4","A"
"171","4_C",0.000492273070904903,"4","C"
"172","4_D",0.001248263858366,"4","D"
"173","4_E",0.0206754689780059,"4","E"
"174","4_F",1.75811811037465e-05,"4","F"
"175","4_G",0.447370734365935,"4","G"
"176","4_H",0.00233829708679829,"4","H"
"177","4_I",0.000281298897659945,"4","I"
"178","4_K",0.000668084881942369,"4","K"
"179","4_L",0.00423706464600292,"4","L"
"180","4_M",0.000826315511876088,"4","M"
"181","4_N",0.000210974173244959,"4","N"
"182","4_P",0.338701453963677,"4","P"
"183","4_Q",0.00170537456706342,"4","Q"
"184","4_R",0.0412630320504931,"4","R"
"185","4_S",0.0148736792137696,"4","S"
"186","4_T",0.0232247402380492,"4","T"
"187","4_V",0.0241213804743403,"4","V"
"188","4_W",0.0116211607095765,"4","W"
"189","4_Y",3.51623622074931e-05,"4","Y"
"190","41_*",0.0792803139056369,"41","*"
"191","41_A",0.0409991386735573,"41","A"
"192","41_C",0.0513350559862188,"41","C"
"193","41_D",0.0168628576897311,"41","D"
"194","41_E",0.0346444635850321,"41","E"
"195","41_F",0.025016748014164,"41","F"
"196","41_G",0.0751459469805723,"41","G"
"197","41_H",0.0108527131782946,"41","H"
"198","41_I",0.0598717580629725,"41","I"
"199","41_K",0.0859795195712508,"41","K"
"200","41_L",0.0889080294765049,"41","L"
"201","41_M",0.0219925351708297,"41","M"
"202","41_N",0.0409991386735573,"41","N"
"203","41_P",0.0149487989281271,"41","P"
"204","41_Q",0.0221839410469901,"41","Q"
"205","41_R",0.0674322901713083,"41","R"
"206","41_S",0.0605225380419179,"41","S"
"207","41_T",0.0532491147478228,"41","T"
"208","41_V",0.0815771844195617,"41","V"
"209","41_W",0.0431811656617858,"41","W"
"210","41_Y",0.025016748014164,"41","Y"
"211","43_*",0.0493943891229414,"43","*"
"212","43_A",0.0559412102642666,"43","A"
"213","43_C",0.0402862887782459,"43","C"
"214","43_D",0.0246912102642666,"43","D"
"215","43_E",0.0293230563002681,"43","E"
"216","43_F",0.0251101110685561,"43","F"
"217","43_G",0.0627274032937572,"43","G"
"218","43_H",0.0398673879739563,"43","H"
"219","43_I",0.0415070854078897,"43","I"
"220","43_K",0.0614587322864803,"43","K"
"221","43_L",0.0749473381846036,"43","L"
"222","43_M",0.0152479892761394,"43","M"
"223","43_N",0.047180199157411,"43","N"
"224","43_P",0.0467373611643049,"43","P"
"225","43_Q",0.0503040022979701,"43","Q"
"226","43_R",0.0725655878973573,"43","R"
"227","43_S",0.0763596323247798,"43","S"
"228","43_T",0.0744566258138644,"43","T"
"229","43_V",0.055390654921486,"43","V"
"230","43_W",0.0216631558789736,"43","W"
"231","43_Y",0.0348405783224818,"43","Y"
"232","72_*",0.00500462274389999,"72","*"
"233","72_A",0.104534308799293,"72","A"
"234","72_C",0.0116171564095349,"72","C"
"235","72_D",0.0141898138843108,"72","D"
"236","72_E",0.0226514451099409,"72","E"
"237","72_F",0.00699441250954697,"72","F"
"238","72_G",0.248422237408048,"72","G"
"239","72_H",0.0388511476464204,"72","H"
"240","72_I",0.00393938175825059,"72","I"
"241","72_K",0.00245206415564578,"72","K"
"242","72_L",0.0470112955742252,"72","L"
"243","72_M",0.00251236081521084,"72","M"
"244","72_N",0.00249226192868915,"72","N"
"245","72_P",0.236543795473731,"72","P"
"246","72_Q",0.0104112232182337,"72","Q"
"247","72_R",0.0761546810306709,"72","R"
"248","72_S",0.0520360172046469,"72","S"
"249","72_T",0.0296257587329662,"72","T"
"250","72_V",0.0618844716002733,"72","V"
"251","72_W",0.0163403947421313,"72","W"
"252","72_Y",0.00633114925433131,"72","Y"
"253","74_*",0.0487646169451302,"74","*"
"254","74_A",0.0626399494746512,"74","A"
"255","74_C",0.0370901992306367,"74","C"
"256","74_D",0.0324012937551434,"74","D"
"257","74_E",0.0295496736904557,"74","E"
"258","74_F",0.0292625978450173,"74","F"
"259","74_G",0.0516736521789057,"74","G"
"260","74_H",0.0334539051884174,"74","H"
"261","74_I",0.0524009109873495,"74","I"
"262","74_K",0.0401140648025875,"74","K"
"263","74_L",0.0813955713766244,"74","L"
"264","74_M",0.0180283630935293,"74","M"
"265","74_N",0.045817304931963,"74","N"
"266","74_P",0.0460852423877055,"74","P"
"267","74_Q",0.0358653422900997,"74","Q"
"268","74_R",0.0541425044496756,"74","R"
"269","74_S",0.103041090122677,"74","S"
"270","74_T",0.070926872212972,"74","T"
"271","74_V",0.0651662169145088,"74","V"
"272","74_W",0.0160188321754608,"74","W"
"273","74_Y",0.0461617959464891,"74","Y"
"274","8_*",0.0321303379078382,"8","*"
"275","8_A",0.0855200601734244,"8","A"
"276","8_C",0.0375374309921519,"8","C"
"277","8_D",0.0284404581127684,"8","D"
"278","8_E",0.0323290237429573,"8","E"
"279","8_F",0.0121198359422676,"8","F"
"280","8_G",0.119921093339767,"8","G"
"281","8_H",0.031236251649802,"8","H"
"282","8_I",0.0211316577494572,"8","I"
"283","8_K",0.025389211359153,"8","K"
"284","8_L",0.0632814384854463,"8","L"
"285","8_M",0.0132977591076168,"8","M"
"286","8_N",0.0209613556050693,"8","N"
"287","8_P",0.0764514709847721,"8","P"
"288","8_Q",0.0292210096078793,"8","Q"
"289","8_R",0.12118416757731,"8","R"
"290","8_S",0.0776861615315839,"8","S"
"291","8_T",0.0612803882888892,"8","T"
"292","8_V",0.0672693470331947,"8","V"
"293","8_W",0.0262691057718235,"8","W"
"294","8_Y",0.0173424350368278,"8","Y"
"295","80_*",0.0268037808021731,"80","*"
"296","80_A",0.102322809546248,"80","A"
"297","80_C",0.0262632702275688,"80","C"
"298","80_D",0.028813371400061,"80","D"
"299","80_E",0.0310447099259916,"80","E"
"300","80_F",0.0137206530476481,"80","F"
"301","80_G",0.111303600631982,"80","G"
"302","80_H",0.0372120741746819,"80","H"
"303","80_I",0.023824043019098,"80","I"
"304","80_K",0.0195276769132688,"80","K"
"305","80_L",0.0618122349419298,"80","L"
"306","80_M",0.0104775896000222,"80","M"
"307","80_N",0.0236715913185686,"80","N"
"308","80_P",0.103888904288051,"80","P"
"309","80_Q",0.0292291487651412,"80","Q"
"310","80_R",0.0931618482689802,"80","R"
"311","80_S",0.0829614435790116,"80","S"
"312","80_T",0.0704326856445935,"80","T"
"313","80_V",0.0624359009895501,"80","V"
"314","80_W",0.0205532610804668,"80","W"
"315","80_Y",0.0205394018349641,"80","Y"
"316","81_*",0.0166368728399476,"81","*"
"317","81_A",0.0502681444404719,"81","A"
"318","81_C",0.0469789059706829,"81","C"
"319","81_D",0.00662614706232869,"81","D"
"320","81_E",0.00900965319985699,"81","E"
"321","81_F",0.0319866523656298,"81","F"
"322","81_G",0.0735788344654987,"81","G"
"323","81_H",0.0447622452627816,"81","H"
"324","81_I",0.00791324037659397,"81","I"
"325","81_K",0.00433798117030151,"81","K"
"326","81_L",0.0709331426528423,"81","L"
"327","81_M",0.00381360982004529,"81","M"
"328","81_N",0.0066023120009534,"81","N"
"329","81_P",0.238326778691455,"81","P"
"330","81_Q",0.0140388511500417,"81","Q"
"331","81_R",0.129162197592659,"81","R"
"332","81_S",0.0926945536884757,"81","S"
"333","81_T",0.0473364318913121,"81","T"
"334","81_V",0.0167322130854487,"81","V"
"335","81_W",0.0773209391014182,"81","W"
"336","81_Y",0.0109402931712549,"81","Y"
"337","88_*",0.00884551558241859,"88","*"
"338","88_A",0.138696466361159,"88","A"
"339","88_C",0.031697699556963,"88","C"
"340","88_D",0.021664662089125,"88","D"
"341","88_E",0.0255317205365163,"88","E"
"342","88_F",0.0312409603702632,"88","F"
"343","88_G",0.231749463331456,"88","G"
"344","88_H",0.0284548513313947,"88","H"
"345","88_I",0.00741439946409269,"88","I"
"346","88_K",0.00313627574867165,"88","K"
"347","88_L",0.0441210054351963,"88","L"
"348","88_M",0.00307537719044502,"88","M"
"349","88_N",0.00647047181157986,"88","N"
"350","88_P",0.126577653274059,"88","P"
"351","88_Q",0.0100330374678379,"88","Q"
"352","88_R",0.0871610614618699,"88","R"
"353","88_S",0.0640957325335323,"88","S"
"354","88_T",0.0339509462113484,"88","T"
"355","88_V",0.0590563768402783,"88","V"
"356","88_W",0.0260645829209993,"88","W"
"357","88_Y",0.0109617404807941,"88","Y"
