id,site,TTT,TTC,TTA,TTG,TCT,TCC,TCA,TCG,TAT,TAC,TAA,TAG,TGT,TGC,TGA,TGG,CTT,CTC,CTA,CTG,CCT,CCC,CCA,CCG,CAT,CAC,CAA,CAG,CGT,CGC,CGA,CGG,ATT,ATC,ATA,ATG,ACT,ACC,ACA,ACG,AAT,AAC,AAA,AAG,AGT,AGC,AGA,AGG,GTT,GTC,GTA,GTG,GCT,GCC,GCA,GCG,GAT,GAC,GAA,GAG,GGT,GGC,GGA,GGG,mapped,rowsum
g106_lig_mix,106,1199,480,389,1511,717,840,920,672,794,1039,816,778,2368,1460,838,2320,665,449,527,668,772,1057,1684,517,1450,2120,2363,932,943,952,531,768,730,547,390,803,980,1503,2022,632,876,1865,1611,690,984,1001,444,933,1971,765,793,1964,1495,1461,1658,1285,1019,968,970,952,2275,1378,879,1739,169874,71122
g117_lig_mix,117,1871,863,1143,1704,979,631,1012,748,1644,1195,1633,1008,2417,1006,1067,1335,1143,573,871,1012,767,626,1232,532,1398,1389,2016,1040,970,517,667,620,1293,864,1406,1200,1108,1076,2445,792,1848,2055,3314,1367,1114,765,1177,692,2300,865,1244,1826,1470,748,1487,785,2316,1251,1771,1050,1963,598,928,1017,166500,79764
g119_lig_mix,119,78,227,55,151,223,733,229,339,85,242,81,198,291,428,151,748,259,752,261,514,1041,2924,1097,1257,345,960,297,540,640,1180,364,1277,46,154,52,137,206,682,230,356,82,233,78,196,250,387,126,675,246,337,177,872,621,1088,534,1546,284,370,214,967,1701,1330,907,5375,144020,38426
g123_lig_mix,123,3884,1794,2505,1541,1145,667,1024,648,1997,1139,1581,1044,1313,752,1152,742,1285,828,1116,826,606,441,613,452,1099,697,971,622,739,468,726,480,2055,1113,1663,1139,881,575,797,578,1523,925,1460,835,1052,619,983,606,1632,1304,1446,1022,688,521,696,492,1140,804,1148,705,801,555,828,544,138917,66027
g125_lig_mix,125,12,56,9,68,44,1145,33,160,7,73,4,69,63,507,45,929,47,972,23,224,643,11823,632,1610,41,1054,33,222,186,3532,209,1173,8,32,7,51,30,546,25,104,8,35,3,41,43,258,34,816,71,262,53,1143,165,2762,199,2104,88,735,80,1585,720,3654,1020,15610,118772,57940
g129_lig_mix,129,327,518,124,295,502,1515,371,450,141,492,94,188,451,960,236,917,705,1554,394,706,1479,5122,1373,1507,438,1371,309,614,873,2224,437,1725,917,499,129,404,512,1159,320,473,137,258,59,194,545,685,195,1049,753,862,316,1129,931,2679,816,1874,267,653,166,705,1376,1920,683,4648,124706,55725
g148_lig_mix,148,701,634,376,632,1509,1561,660,635,599,684,319,480,802,825,361,581,664,1406,538,741,1691,5863,2199,1588,737,2349,753,850,720,1934,580,713,320,417,214,390,481,1421,607,427,258,526,191,290,345,568,213,281,1211,1073,773,1280,1268,1921,927,1111,740,771,485,782,1072,1259,660,1029,118389,57996
g15_lig_mix,15,3387,949,944,1576,2368,1591,1467,834,1705,1378,992,779,3784,1017,1243,1660,1019,820,848,650,1571,1794,2034,681,1325,1345,1820,523,980,553,520,513,1192,846,456,657,1494,1729,1833,579,1168,1747,1384,365,1318,460,407,466,1621,490,616,1030,832,707,835,652,787,547,451,529,1621,369,639,754,144822,71251
g4_lig_mix,4,0,1,0,18,21,196,4,500,1,1,0,20,9,19,11,661,5,136,0,82,971,17230,306,758,5,128,0,97,39,226,32,969,10,3,3,47,737,321,13,250,7,5,0,38,91,34,16,1065,19,32,31,1290,244,263,176,3045,29,42,14,1162,535,676,682,23553,116001,56879
g41_lig_mix,41,949,358,1111,1843,468,195,651,668,932,375,1992,911,1836,846,1239,2256,374,164,506,647,173,100,262,246,402,165,787,372,440,187,354,580,878,407,1843,1149,533,242,906,1101,1499,643,3453,1039,809,371,1028,934,1036,414,941,1871,574,242,524,802,600,281,1217,593,1224,555,780,1367,103375,52245
g43_lig_mix,43,1210,888,1018,1638,966,863,1327,845,1645,1266,1668,1221,1864,1502,1238,1810,814,759,947,1086,711,940,1698,556,1420,1911,2900,1303,874,955,811,894,993,1018,1457,1274,1068,1434,2850,869,1510,2432,3764,1371,1026,1353,1424,1105,1230,794,1088,1516,1134,991,1595,954,1086,977,1401,1049,1537,1176,1052,1476,167127,83552
g72_lig_mix,72,51,297,30,105,191,1476,194,236,37,278,26,88,138,440,135,813,287,1353,219,345,1505,7663,1336,1265,230,1703,227,291,259,1285,193,959,26,147,23,125,138,991,114,231,12,112,19,103,139,353,120,973,780,648,270,1381,618,2310,614,1659,207,499,196,931,1579,2710,1420,6651,98747,49754
g74_lig_mix,74,871,658,733,989,1708,607,1072,610,1457,955,1076,766,1158,780,706,837,610,533,755,633,580,497,923,408,978,770,1206,668,580,394,410,412,915,874,949,942,936,720,1453,597,1226,1168,1444,652,775,612,527,506,969,622,790,1024,940,576,1123,634,974,719,897,647,977,426,578,719,102503,52251
g8_lig_mix,8,315,539,417,981,443,1114,787,866,384,838,512,853,1152,1493,899,1851,499,928,620,1014,811,2022,1384,1170,673,1528,919,1140,1124,2516,1000,1615,332,697,460,937,630,1512,1078,1098,436,1041,938,851,844,1420,758,1526,936,972,916,1916,1080,1569,1485,1892,867,1137,801,1477,1947,2222,1564,2717,141780,70463
g80_lig_mix,80,341,649,385,679,912,1360,880,947,509,973,532,702,825,1070,700,1483,664,1110,764,858,1797,2601,1745,1353,1017,1668,1093,1016,1056,1407,957,1387,437,797,485,756,1134,1696,1213,1039,614,1094,693,716,794,1093,685,1230,973,953,859,1720,2317,1691,1318,2057,984,1095,764,1476,2039,1567,1383,3042,144148,72154
g81_lig_mix,81,834,508,54,431,469,1698,210,711,101,358,49,316,575,1396,333,3244,297,1693,157,344,1084,6687,1054,1174,188,1690,177,412,352,1827,256,1504,67,247,18,160,136,1331,145,374,27,250,9,173,162,639,83,1397,105,136,47,414,168,1043,180,718,46,232,41,337,302,416,262,2107,84037,41955
g88_lig_mix,88,1409,643,116,488,490,1885,215,558,162,558,59,225,681,1401,297,1712,394,1254,196,450,953,5258,820,1283,262,1607,181,478,501,2203,347,1560,119,325,43,202,210,1407,156,457,61,364,25,181,251,811,172,942,674,1029,370,1806,1022,4126,1048,2914,355,1068,281,1396,2117,3839,1621,7645,131935,65683
g11_lig_mix,11,1790,1836,3283,7494,1459,1302,5790,3271,911,1869,6211,4028,2610,2443,3422,8842,439,570,1608,1322,813,952,4562,1101,1009,1393,7663,1232,923,965,1386,2308,303,682,1198,2089,1211,1487,7528,1741,622,1699,20864,1454,770,935,1160,3606,1535,1114,2338,4640,984,905,2411,1671,1201,1239,2558,3202,2262,764,3338,5751,327378,168069
g125_redo,125,1143,1192,1199,2125,825,2227,1380,1260,894,1734,1216,1700,2008,2361,2144,2981,1266,2505,1900,1590,1777,5024,3535,1619,2125,4262,3007,2240,1725,3408,2084,1197,856,1253,975,1737,771,2799,1674,933,761,1518,991,1418,1523,1826,1549,2218,927,1041,887,1872,1174,2459,1741,1588,1114,1565,1344,2068,1858,2275,1995,2778,233182,115141
g128_lig_mix,128,24460,3128,7282,3397,2678,668,2262,733,6224,1720,6527,1546,2986,641,1751,698,2528,709,2295,685,848,483,1671,351,2261,1136,5555,875,734,379,1121,270,7325,1857,6149,1736,2879,1153,4215,834,6864,3698,18831,2264,1665,764,2553,510,3392,567,1790,670,695,314,1019,267,1751,654,3124,546,717,245,630,207,350912,168487
g3_lig_mix,3,0,0,0,0,0,0,0,0,0,0,0,1456,0,0,0,0,0,0,0,749,0,0,0,435,1041,737,2929,1281,0,0,0,695,0,0,0,0,0,0,0,0,0,0,0,1906,0,0,0,0,0,0,0,0,0,0,0,0,0,0,0,850,0,0,0,0,130978,12079
g4_redo,4,1046,0,0,0,530,869,481,1049,490,0,0,0,1928,0,0,0,792,0,0,0,1828,4953,2425,2148,677,0,0,0,1473,0,0,0,601,300,269,1087,607,1496,536,820,240,332,86,476,1063,587,453,1634,2108,0,0,0,1302,1214,759,2017,879,0,0,0,3013,0,0,0,163288,42568
g45_lig_mix,45,36226,3730,9411,3298,2879,1296,2886,854,7669,2555,5528,1585,2648,889,1856,614,2584,1039,2409,711,1233,1084,2697,685,2045,1847,3952,1006,719,600,1277,338,7158,1942,4505,1518,2064,1863,3918,1159,3995,2903,7248,1755,1282,951,1981,557,2882,893,2173,632,1010,962,1999,506,2193,1584,3225,808,653,474,945,269,364028,174157
