X,TTT,TTC,TTA,TTG,TCT,TCC,TCA,TCG,TAT,TAC,TAA,TAG,TGT,TGC,TGA,TGG,CTT,CTC,CTA,CTG,CCT,CCC,CCA,CCG,CAT,CAC,CAA,CAG,CGT,CGC,CGA,CGG,ATT,ATC,ATA,ATG,ACT,ACC,ACA,ACG,AAT,AAC,AAA,AAG,AGT,AGC,AGA,AGG,GTT,GTC,GTA,GTG,GCT,GCC,GCA,GCG,GAT,GAC,GAA,GAG,GGT,GGC,GGA,GGG,sample
G11_t0_rep1,665,720,1191,2896,528,508,2112,1199,331,684,2325,1493,1006,895,1257,3490,166,211,636,465,302,391,1698,436,355,528,2876,462,336,363,501,918,128,242,432,790,470,546,2841,638,227,633,7697,528,307,351,456,1326,588,423,839,1782,376,373,917,637,460,476,937,1223,854,289,1216,2247,G11_t0_rep1
G11_t0_rep2,683,675,1296,2858,580,498,2341,1324,340,756,2348,1562,993,976,1328,3366,187,219,627,496,315,362,1807,432,426,562,3021,492,397,367,561,926,120,273,479,835,467,586,2934,700,237,672,7930,596,297,382,440,1419,597,447,938,1822,394,332,941,676,452,479,1017,1259,857,309,1336,2219,G11_t0_rep2
G11_t0_rep3,446,441,800,1751,354,299,1330,749,243,429,1551,979,618,571,833,1982,88,141,346,362,202,198,1063,233,234,305,1775,279,192,237,326,467,59,170,287,466,276,353,1762,406,159,400,5263,339,167,203,264,870,354,247,562,1042,213,201,554,359,290,285,608,722,553,167,786,1299,G11_t0_rep3
G125_redo_t0_rep1,571,561,588,1073,369,1042,642,605,444,829,561,807,928,1137,1008,1412,626,1182,882,858,826,2226,1634,756,937,1952,1412,1045,793,1542,1019,615,408,590,440,856,391,1286,812,449,361,691,452,642,738,846,708,1052,448,491,431,924,576,1133,801,726,501,766,663,949,864,1053,959,1314,G125_redo_t0_rep1
G125_redo_t0_rep2,234,249,270,479,192,476,347,281,209,382,300,386,473,522,517,677,280,603,452,383,395,1210,827,412,499,985,697,534,390,824,468,271,199,268,245,375,183,640,373,209,196,318,240,351,332,409,378,518,208,230,194,440,258,580,433,374,270,361,285,451,422,559,445,611,G125_redo_t0_rep2
G125_redo_t0_rep3,376,395,371,666,274,742,421,408,256,540,373,534,675,730,667,969,417,751,675,569,589,1651,1130,511,714,1356,920,691,571,1073,647,373,283,413,312,566,241,910,536,305,213,531,310,466,487,602,500,735,294,344,283,568,369,784,542,521,359,460,413,694,609,703,623,900,G125_redo_t0_rep3
G3_t0_rep1,290,211,318,306,187,139,257,169,326,272,699,300,315,217,283,304,153,112,232,155,109,64,164,99,189,164,559,308,136,88,173,144,291,192,564,210,166,137,471,128,496,380,2567,398,187,146,348,195,218,153,226,192,135,90,173,101,216,155,415,160,233,126,185,176,G3_t0_rep1
G3_t0_rep2,562,376,612,599,340,250,431,333,601,427,1229,520,582,381,527,565,276,190,401,281,181,122,328,155,377,252,1090,478,276,165,276,262,451,332,1036,423,346,242,885,264,888,764,4727,668,389,280,659,332,398,304,480,353,249,166,349,183,387,267,803,338,440,233,335,338,G3_t0_rep2
G3_t0_rep3,672,462,732,644,400,274,576,366,743,566,1468,654,739,428,619,671,318,205,457,326,194,158,372,189,480,330,1317,491,327,181,344,291,596,429,1261,519,397,306,1063,317,1100,941,5748,856,482,358,862,422,519,357,538,434,320,203,352,215,523,353,904,359,507,293,389,368,G3_t0_rep3
G4_redo_t0_rep1,531,197,281,1005,255,448,250,542,269,188,123,552,1025,524,482,1478,415,542,365,723,975,2687,1317,1211,336,1028,379,554,773,926,454,1089,309,169,139,577,302,760,270,424,118,175,47,247,531,314,218,872,1065,418,618,1680,677,649,405,1039,439,259,239,770,1605,820,859,2338,G4_redo_t0_rep1
G4_redo_t0_rep2,109,28,47,157,55,67,44,64,33,42,17,75,136,75,87,239,60,93,53,120,164,388,232,138,58,153,54,112,127,159,77,148,47,25,22,106,62,130,46,58,23,27,7,31,95,44,50,152,217,73,87,293,99,100,52,188,85,38,42,125,251,129,144,366,G4_redo_t0_rep2
G4_redo_t0_rep3,428,172,233,811,225,375,199,432,199,163,114,467,809,390,387,1207,334,447,265,602,711,1971,941,864,297,712,339,472,615,760,338,935,245,113,111,427,243,607,218,336,101,140,33,203,438,233,194,665,880,346,455,1307,540,487,321,851,377,204,193,649,1223,684,730,1881,G4_redo_t0_rep3
g106_lig_mix,1594,517,460,1674,886,902,987,723,1015,1122,946,897,3015,1556,923,2623,900,483,599,743,894,1123,1861,572,1767,2267,2696,1032,1199,1010,589,863,941,578,443,882,1148,1590,2180,676,1073,1991,1824,777,1192,1064,497,1050,2363,799,877,2127,1677,1500,1725,1346,1181,1006,1057,1036,2616,1423,940,1905,g106_lig_mix
g117_lig_mix,1895,872,1165,1720,985,636,1019,756,1631,1183,1619,1006,2424,1017,1067,1338,1143,578,870,1026,765,637,1227,536,1381,1386,2009,1038,970,524,671,624,1286,872,1408,1212,1111,1081,2440,806,1836,2048,3287,1362,1115,764,1178,694,2274,867,1236,1828,1456,739,1481,775,2295,1240,1755,1044,1936,606,929,1016,g117_lig_mix
g119_lig_mix,82,227,54,152,225,736,230,338,87,241,81,197,290,427,150,745,259,753,264,516,1035,2918,1094,1259,342,960,296,535,641,1179,363,1271,45,155,53,141,206,677,230,355,81,234,79,196,252,387,126,673,244,337,176,871,619,1082,531,1542,283,365,211,963,1693,1326,904,5360,g119_lig_mix
g123_lig_mix,3865,1781,2484,1536,1146,654,1027,646,1994,1132,1573,1044,1306,751,1147,733,1283,822,1112,826,602,436,617,453,1096,698,976,626,745,466,723,478,2040,1110,1663,1144,887,572,792,579,1517,920,1455,836,1051,615,984,607,1623,1293,1436,1010,686,515,691,488,1134,807,1143,699,798,554,824,541,g123_lig_mix
g125_lig_mix,13,57,9,69,47,1143,35,165,6,71,5,70,66,503,46,925,48,976,23,222,647,11770,628,1611,41,1047,34,225,191,3518,210,1169,8,32,8,50,31,546,25,106,8,35,3,41,43,259,33,808,76,261,54,1144,162,2737,196,2107,90,730,81,1581,715,3636,1015,15528,g125_lig_mix
g129_lig_mix,319,520,125,299,511,1517,370,454,146,493,93,193,450,968,234,922,705,1553,395,707,1477,5109,1370,1501,436,1370,311,612,867,2221,438,1721,916,490,126,399,506,1163,318,475,137,259,56,194,545,688,196,1046,755,856,321,1125,930,2677,810,1871,269,653,168,705,1372,1927,681,4633,g129_lig_mix
g148_lig_mix,694,634,369,630,1502,1545,650,625,600,668,317,481,808,819,352,576,664,1410,534,738,1688,5807,2184,1574,741,2326,745,851,706,1932,569,714,310,420,213,388,483,1411,604,425,253,526,195,282,339,570,207,281,1206,1077,772,1268,1258,1905,922,1099,737,770,477,773,1058,1263,653,1029,g148_lig_mix
g15_lig_mix,2914,869,873,1328,2262,1494,1389,754,1634,1297,958,728,3401,936,1135,1501,993,816,844,644,1555,1772,2012,663,1288,1338,1815,523,952,548,516,509,1163,844,451,653,1472,1710,1811,563,1150,1735,1378,365,1282,456,405,464,1522,485,615,1025,792,695,799,603,700,547,450,527,1523,366,635,753,g15_lig_mix
g4_lig_mix,0,1,0,19,17,196,3,78,1,1,0,20,9,21,11,668,5,141,0,86,965,17142,305,751,5,133,0,98,38,230,33,979,10,3,3,47,731,321,13,249,7,6,0,39,90,34,16,1060,19,35,32,1311,243,259,176,3033,29,44,15,1178,534,691,696,23913,g4_lig_mix
g41_lig_mix,945,355,1102,1823,461,189,647,661,921,370,1978,904,1808,836,1231,2242,370,163,503,640,172,99,260,246,400,164,782,370,436,185,350,575,874,400,1831,1141,525,239,892,1087,1490,637,3418,1024,798,368,1019,925,1026,409,932,1856,568,240,518,798,596,280,1208,589,1213,552,773,1354,g41_lig_mix
g43_lig_mix,1190,879,1004,1622,957,851,1318,832,1631,1252,1651,1212,1854,1486,1231,1800,804,753,937,1076,709,934,1682,553,1401,1894,2873,1290,860,945,800,886,984,1006,1440,1263,1056,1417,2822,860,1499,2404,3733,1363,1019,1339,1404,1096,1214,784,1080,1503,1122,979,1580,948,1075,964,1389,1040,1523,1168,1045,1460,g43_lig_mix
g72_lig_mix,51,286,29,104,183,1428,190,233,32,272,24,86,137,434,134,797,275,1302,213,338,1420,7370,1304,1242,216,1652,216,286,257,1261,191,947,26,144,23,122,134,960,114,228,11,112,18,100,134,345,119,960,773,635,268,1343,607,2248,594,1636,203,487,194,920,1561,2673,1391,6558,g72_lig_mix
g74_lig_mix,861,649,729,977,1689,601,1060,605,1382,942,1063,759,1142,767,699,831,603,524,747,625,576,488,909,403,957,756,1187,657,575,391,405,408,907,859,929,937,920,713,1434,581,1210,1154,1422,650,763,602,523,494,959,612,781,998,930,568,1111,627,963,704,882,643,969,420,571,711,g74_lig_mix
g8_lig_mix,313,539,417,978,440,1109,783,866,381,831,511,852,1148,1486,895,1840,496,923,618,1006,805,2012,1374,1163,670,1518,916,1136,1114,2501,990,1603,331,691,457,933,628,1506,1074,1093,436,1037,599,848,838,1415,756,1519,932,967,910,1909,1076,1560,1478,1879,863,1131,797,1468,1932,2212,1552,2696,g8_lig_mix
g80_lig_mix,329,643,378,670,871,1340,871,936,498,962,527,695,811,1057,693,1469,642,1099,753,850,1683,2572,1721,1341,1001,1655,1081,1005,1032,1390,951,1374,429,786,483,747,1080,1667,1197,1022,606,1084,686,709,779,1078,678,1216,921,943,846,1701,2255,1674,1303,2034,938,1087,756,1457,1949,1557,1360,2994,g80_lig_mix
g81_lig_mix,825,503,53,426,458,1671,207,691,102,352,47,312,566,1374,329,3196,294,1671,153,334,1066,6574,1048,1153,186,1666,191,404,347,1799,252,1481,67,245,17,160,137,1311,144,371,26,245,10,169,158,626,82,1380,102,137,47,408,170,1029,180,709,45,231,41,332,311,413,259,2075,g81_lig_mix
g88_lig_mix,1403,640,116,482,490,1872,214,555,161,556,60,222,681,1393,295,1695,389,1239,195,440,945,5217,811,1206,262,1594,203,468,499,2181,345,1538,119,323,43,201,209,1395,154,443,60,361,25,181,246,799,171,925,671,1024,366,1777,1014,4096,1034,2832,351,1062,280,1371,2106,3812,1603,7523,g88_lig_mix
g128_lig_mix,24460,3128,7282,3397,2678,668,2262,733,6224,1720,6527,1546,2986,641,1751,698,2528,709,2295,685,848,483,1671,351,2261,1136,5555,875,734,379,1121,270,7325,1857,6149,1736,2879,1153,4215,834,6864,3698,18831,2264,1665,764,2553,510,3392,567,1790,670,695,314,1019,267,1751,654,3124,546,717,245,630,207,g128_lig_mix
g45_lig_mix,36226,3730,9411,3298,2879,1296,2886,854,7669,2555,5528,1585,2648,889,1856,614,2584,1039,2409,711,1233,1084,2697,685,2045,1847,3952,1006,719,600,1277,338,7158,1942,4505,1518,2064,1863,3918,1159,3995,2903,7248,1755,1282,951,1981,557,2882,893,2173,632,1010,962,1999,506,2193,1584,3225,808,653,474,945,269,g45_lig_mix
